cohort,phs,bdchm_class,row_category,variable_file,pht,phv
ARIC,phs000280,Condition,Conditions,afib,pht004037,phv00203303
ARIC,phs000280,Condition,Conditions,afib,pht004038,phv00203306
ARIC,phs000280,Condition,Conditions,afib,pht004039,phv00203309
ARIC,phs000280,Condition,Conditions,afib,pht004040,phv00203312
ARIC,phs000280,Condition,Conditions,afib,pht004061,phv00204463
ARIC,phs000280,Condition,Conditions,afib,pht004102,phv00206790
ARIC,phs000280,Condition,Conditions,afib,pht004102,phv00206843
ARIC,phs000280,Condition,Conditions,afib,pht004102,phv00207019
ARIC,phs000280,Condition,Conditions,afib,pht004231,phv00215644
ARIC,phs000280,Condition,Conditions,afib,pht004232,phv00216061
ARIC,phs000280,Condition,Conditions,afib,pht004233,phv00216478
ARIC,phs000280,Condition,Conditions,afib,pht004234,phv00216895
ARIC,phs000280,Condition,Conditions,afib,pht006436,phv00295793
ARIC,phs000280,Condition,Conditions,afib,pht009479,phv00419916
ARIC,phs000280,Condition,Conditions,afib,pht012518,phv00507818
ARIC,phs000280,Condition,Conditions,afib,pht012839,phv00516826
ARIC,phs000280,Condition,Conditions,afib,pht012840,phv00516895
ARIC,phs000280,MeasurementObservation,Continuous variables,albumin_bld,pht012503,phv00507050
ARIC,phs000280,MeasurementObservation,Continuous variables,albumin_bld,pht004051,phv00203871
ARIC,phs000280,MeasurementObservation,Continuous variables,albumin_urine,pht012503,phv00506959
ARIC,phs000280,MeasurementObservation,Continuous variables,albumin_urine,pht006427,phv00295249
ARIC,phs000280,MeasurementObservation,Continuous variables,albumin_urine,pht006427,phv00295248
ARIC,phs000280,MeasurementObservation,Continuous variables,albumin_urine,pht006427,phv00295250
ARIC,phs000280,Condition,Conditions,angina,pht004047,phv00203789
ARIC,phs000280,Condition,Conditions,angina,pht004053,phv00203904
ARIC,phs000280,Condition,Conditions,angina,pht004063,phv00204724
ARIC,phs000280,Condition,Conditions,angina,pht004102,phv00206789
ARIC,phs000280,Condition,Conditions,angina,pht004102,phv00207018
ARIC,phs000280,Condition,Conditions,angina,pht004104,phv00207159
ARIC,phs000280,Condition,Conditions,angina,pht004106,phv00207199
ARIC,phs000280,Condition,Conditions,angina,pht004144,phv00208905
ARIC,phs000280,Condition,Conditions,angina,pht006416,phv00294727
ARIC,phs000280,Condition,Conditions,angina,pht006416,phv00294787
ARIC,phs000280,Condition,Conditions,asthma,pht004102,phv00206783
ARIC,phs000280,Condition,Conditions,asthma,pht004103,phv00207069
ARIC,phs000280,Condition,Conditions,asthma,pht004111,phv00207318
ARIC,phs000280,Condition,Conditions,asthma,pht004145,phv00208976
ARIC,phs000280,Condition,Conditions,asthma,pht004146,phv00209067
ARIC,phs000280,Condition,Conditions,asthma,pht004161,phv00209714
ARIC,phs000280,Condition,Conditions,asthma,pht004161,phv00209717
ARIC,phs000280,Condition,Conditions,asthma,pht006479,phv00298007
ARIC,phs000280,Condition,Conditions,asthma,pht006479,phv00298010
ARIC,phs000280,Condition,Conditions,asthma,pht009479,phv00419909
ARIC,phs000280,Condition,Conditions,asthma,pht012518,phv00507815
ARIC,phs000280,Condition,Conditions,asthma,pht012839,phv00516823
ARIC,phs000280,Condition,Conditions,asthma,pht012840,phv00516892
ARIC,phs000280,MeasurementObservation,Continuous variables,bdy_hgt,pht012835,phv00516590
ARIC,phs000280,MeasurementObservation,Continuous variables,bdy_hgt,pht004102,phv00206817
ARIC,phs000280,MeasurementObservation,Continuous variables,bdy_hgt,pht004102,phv00206855
ARIC,phs000280,MeasurementObservation,Continuous variables,bdy_hgt,pht004032,phv00203151
ARIC,phs000280,MeasurementObservation,Continuous variables,bdy_hgt,pht006467,phv00297562
ARIC,phs000280,MeasurementObservation,Continuous variables,bdy_hgt,pht006468,phv00511023
ARIC,phs000280,MeasurementObservation,Continuous variables,bdy_hgt,pht004035,phv00203193
ARIC,phs000280,MeasurementObservation,Continuous variables,bdy_hgt,pht004034,phv00203175
ARIC,phs000280,MeasurementObservation,Continuous variables,bdy_hgt,pht006469,phv00297646
ARIC,phs000280,MeasurementObservation,Continuous variables,bdy_hgt,pht006419,phv00294838
ARIC,phs000280,MeasurementObservation,Continuous variables,bdy_hgt,pht012855,phv00520006
ARIC,phs000280,MeasurementObservation,Continuous variables,bdy_wgt,pht004032,phv00203154
ARIC,phs000280,MeasurementObservation,Continuous variables,bdy_wgt,pht004033,phv00203166
ARIC,phs000280,MeasurementObservation,Continuous variables,bdy_wgt,pht004034,phv00203176
ARIC,phs000280,MeasurementObservation,Continuous variables,bdy_wgt,pht004035,phv00203187
ARIC,phs000280,MeasurementObservation,Continuous variables,bdy_wgt,pht006467,phv00297563
ARIC,phs000280,MeasurementObservation,Continuous variables,bdy_wgt,pht006468,phv00511024
ARIC,phs000280,MeasurementObservationSet,Continuous variables,blood_pressure,pht004192,phv00210290
ARIC,phs000280,MeasurementObservationSet,Continuous variables,blood_pressure,pht004192,phv00210291
ARIC,phs000280,MeasurementObservationSet,Continuous variables,blood_pressure,pht004192,phv00210281
ARIC,phs000280,MeasurementObservationSet,Continuous variables,blood_pressure,pht004192,phv00210282
ARIC,phs000280,MeasurementObservationSet,Continuous variables,blood_pressure,pht004192,phv00210284
ARIC,phs000280,MeasurementObservationSet,Continuous variables,blood_pressure,pht004192,phv00210285
ARIC,phs000280,MeasurementObservationSet,Continuous variables,blood_pressure,pht004192,phv00210286
ARIC,phs000280,MeasurementObservationSet,Continuous variables,blood_pressure,pht004192,phv00210287
ARIC,phs000280,MeasurementObservationSet,Continuous variables,blood_pressure,pht004192,phv00210288
ARIC,phs000280,MeasurementObservationSet,Continuous variables,blood_pressure,pht004192,phv00210289
ARIC,phs000280,MeasurementObservationSet,Continuous variables,blood_pressure,pht004193,phv00210316
ARIC,phs000280,MeasurementObservationSet,Continuous variables,blood_pressure,pht004193,phv00210317
ARIC,phs000280,MeasurementObservationSet,Continuous variables,blood_pressure,pht004193,phv00210307
ARIC,phs000280,MeasurementObservationSet,Continuous variables,blood_pressure,pht004193,phv00210308
ARIC,phs000280,MeasurementObservationSet,Continuous variables,blood_pressure,pht004193,phv00210310
ARIC,phs000280,MeasurementObservationSet,Continuous variables,blood_pressure,pht004193,phv00210311
ARIC,phs000280,MeasurementObservationSet,Continuous variables,blood_pressure,pht004193,phv00210313
ARIC,phs000280,MeasurementObservationSet,Continuous variables,blood_pressure,pht004193,phv00210314
ARIC,phs000280,MeasurementObservationSet,Continuous variables,blood_pressure,pht004194,phv00210340
ARIC,phs000280,MeasurementObservationSet,Continuous variables,blood_pressure,pht004194,phv00210341
ARIC,phs000280,MeasurementObservationSet,Continuous variables,blood_pressure,pht004194,phv00210331
ARIC,phs000280,MeasurementObservationSet,Continuous variables,blood_pressure,pht004194,phv00210332
ARIC,phs000280,MeasurementObservationSet,Continuous variables,blood_pressure,pht004194,phv00210334
ARIC,phs000280,MeasurementObservationSet,Continuous variables,blood_pressure,pht004194,phv00210335
ARIC,phs000280,MeasurementObservationSet,Continuous variables,blood_pressure,pht004194,phv00210337
ARIC,phs000280,MeasurementObservationSet,Continuous variables,blood_pressure,pht004194,phv00210338
ARIC,phs000280,MeasurementObservationSet,Continuous variables,blood_pressure,pht004195,phv00210363
ARIC,phs000280,MeasurementObservationSet,Continuous variables,blood_pressure,pht004195,phv00210364
ARIC,phs000280,MeasurementObservationSet,Continuous variables,blood_pressure,pht004195,phv00210357
ARIC,phs000280,MeasurementObservationSet,Continuous variables,blood_pressure,pht004195,phv00210358
ARIC,phs000280,MeasurementObservationSet,Continuous variables,blood_pressure,pht004195,phv00210360
ARIC,phs000280,MeasurementObservationSet,Continuous variables,blood_pressure,pht004195,phv00210361
ARIC,phs000280,MeasurementObservationSet,Continuous variables,blood_pressure,pht006480,phv00298043
ARIC,phs000280,MeasurementObservationSet,Continuous variables,blood_pressure,pht006480,phv00298044
ARIC,phs000280,MeasurementObservationSet,Continuous variables,blood_pressure,pht006480,phv00298034
ARIC,phs000280,MeasurementObservationSet,Continuous variables,blood_pressure,pht006480,phv00298035
ARIC,phs000280,MeasurementObservationSet,Continuous variables,blood_pressure,pht006480,phv00298037
ARIC,phs000280,MeasurementObservationSet,Continuous variables,blood_pressure,pht006480,phv00298038
ARIC,phs000280,MeasurementObservationSet,Continuous variables,blood_pressure,pht006480,phv00298040
ARIC,phs000280,MeasurementObservationSet,Continuous variables,blood_pressure,pht006480,phv00298041
ARIC,phs000280,MeasurementObservation,Continuous variables,blood_pressure,pht004027,phv00202843
ARIC,phs000280,MeasurementObservation,Continuous variables,blood_pressure,pht004027,phv00202844
ARIC,phs000280,MeasurementObservation,Continuous variables,blood_pressure,pht004028,phv00202852
ARIC,phs000280,MeasurementObservation,Continuous variables,blood_pressure,pht004028,phv00202853
ARIC,phs000280,MeasurementObservation,Continuous variables,blood_pressure,pht004029,phv00202862
ARIC,phs000280,MeasurementObservation,Continuous variables,blood_pressure,pht004029,phv00202863
ARIC,phs000280,MeasurementObservationSet,Continuous variables,blood_pressure,pht006414,phv00294506
ARIC,phs000280,MeasurementObservationSet,Continuous variables,blood_pressure,pht006414,phv00294508
ARIC,phs000280,MeasurementObservationSet,Continuous variables,blood_pressure,pht006414,phv00294509
ARIC,phs000280,MeasurementObservationSet,Continuous variables,blood_pressure,pht006414,phv00294511
ARIC,phs000280,MeasurementObservationSet,Continuous variables,blood_pressure,pht006414,phv00294512
ARIC,phs000280,MeasurementObservationSet,Continuous variables,blood_pressure,pht006414,phv00294514
ARIC,phs000280,MeasurementObservationSet,Continuous variables,blood_pressure,pht006414,phv00294515
ARIC,phs000280,MeasurementObservationSet,Continuous variables,blood_pressure,pht006414,phv00294517
ARIC,phs000280,MeasurementObservation,Continuous variables,blood_pressure,pht004041,phv00203315
ARIC,phs000280,MeasurementObservation,Continuous variables,blood_pressure,pht004041,phv00203316
ARIC,phs000280,MeasurementObservation,Continuous variables,blood_pressure,pht004041,phv00203317
ARIC,phs000280,MeasurementObservation,Continuous variables,blood_pressure,pht004041,phv00203318
ARIC,phs000280,MeasurementObservation,Continuous variables,blood_pressure,pht004041,phv00203319
ARIC,phs000280,MeasurementObservation,Continuous variables,blood_pressure,pht004041,phv00203320
ARIC,phs000280,MeasurementObservation,Continuous variables,blood_pressure,pht004041,phv00203321
ARIC,phs000280,MeasurementObservation,Continuous variables,blood_pressure,pht004041,phv00203322
ARIC,phs000280,MeasurementObservationSet,Continuous variables,blood_pressure,pht004042,phv00203334
ARIC,phs000280,MeasurementObservationSet,Continuous variables,blood_pressure,pht004042,phv00203335
ARIC,phs000280,MeasurementObservationSet,Continuous variables,blood_pressure,pht004042,phv00203336
ARIC,phs000280,MeasurementObservationSet,Continuous variables,blood_pressure,pht004042,phv00203337
ARIC,phs000280,MeasurementObservationSet,Continuous variables,blood_pressure,pht004042,phv00203338
ARIC,phs000280,MeasurementObservationSet,Continuous variables,blood_pressure,pht004042,phv00203339
ARIC,phs000280,MeasurementObservationSet,Continuous variables,blood_pressure,pht004042,phv00203340
ARIC,phs000280,MeasurementObservationSet,Continuous variables,blood_pressure,pht004042,phv00203341
ARIC,phs000280,MeasurementObservationSet,Continuous variables,blood_pressure,pht004042,phv00203342
ARIC,phs000280,MeasurementObservationSet,Continuous variables,blood_pressure,pht004042,phv00203343
ARIC,phs000280,MeasurementObservationSet,Continuous variables,blood_pressure,pht004042,phv00203344
ARIC,phs000280,MeasurementObservationSet,Continuous variables,blood_pressure,pht004042,phv00203345
ARIC,phs000280,MeasurementObservationSet,Continuous variables,blood_pressure,pht004042,phv00203346
ARIC,phs000280,MeasurementObservationSet,Continuous variables,blood_pressure,pht004042,phv00203347
ARIC,phs000280,MeasurementObservationSet,Continuous variables,blood_pressure,pht004043,phv00203358
ARIC,phs000280,MeasurementObservationSet,Continuous variables,blood_pressure,pht004043,phv00203359
ARIC,phs000280,MeasurementObservationSet,Continuous variables,blood_pressure,pht004043,phv00203360
ARIC,phs000280,MeasurementObservationSet,Continuous variables,blood_pressure,pht004043,phv00203361
ARIC,phs000280,MeasurementObservationSet,Continuous variables,blood_pressure,pht004043,phv00203362
ARIC,phs000280,MeasurementObservationSet,Continuous variables,blood_pressure,pht004043,phv00203363
ARIC,phs000280,MeasurementObservationSet,Continuous variables,blood_pressure,pht004043,phv00203364
ARIC,phs000280,MeasurementObservationSet,Continuous variables,blood_pressure,pht004043,phv00203365
ARIC,phs000280,MeasurementObservationSet,Continuous variables,blood_pressure,pht004043,phv00203366
ARIC,phs000280,MeasurementObservationSet,Continuous variables,blood_pressure,pht004043,phv00203367
ARIC,phs000280,MeasurementObservationSet,Continuous variables,blood_pressure,pht004043,phv00203368
ARIC,phs000280,MeasurementObservationSet,Continuous variables,blood_pressure,pht004043,phv00203369
ARIC,phs000280,MeasurementObservationSet,Continuous variables,blood_pressure,pht004043,phv00203370
ARIC,phs000280,MeasurementObservationSet,Continuous variables,blood_pressure,pht004043,phv00203371
ARIC,phs000280,MeasurementObservationSet,Continuous variables,blood_pressure,pht006415,phv00294568
ARIC,phs000280,MeasurementObservationSet,Continuous variables,blood_pressure,pht006415,phv00294570
ARIC,phs000280,MeasurementObservationSet,Continuous variables,blood_pressure,pht006415,phv00294571
ARIC,phs000280,MeasurementObservationSet,Continuous variables,blood_pressure,pht006415,phv00294573
ARIC,phs000280,MeasurementObservationSet,Continuous variables,blood_pressure,pht006415,phv00294574
ARIC,phs000280,MeasurementObservationSet,Continuous variables,blood_pressure,pht006415,phv00294576
ARIC,phs000280,MeasurementObservationSet,Continuous variables,blood_pressure,pht006415,phv00294577
ARIC,phs000280,MeasurementObservationSet,Continuous variables,blood_pressure,pht006415,phv00294579
ARIC,phs000280,MeasurementObservationSet,Continuous variables,blood_pressure,pht004229,phv00215412
ARIC,phs000280,MeasurementObservationSet,Continuous variables,blood_pressure,pht004229,phv00215413
ARIC,phs000280,MeasurementObservationSet,Continuous variables,blood_pressure,pht004229,phv00215414
ARIC,phs000280,MeasurementObservationSet,Continuous variables,blood_pressure,pht004229,phv00215415
ARIC,phs000280,MeasurementObservationSet,Continuous variables,blood_pressure,pht004229,phv00215416
ARIC,phs000280,MeasurementObservationSet,Continuous variables,blood_pressure,pht004229,phv00215417
ARIC,phs000280,MeasurementObservationSet,Continuous variables,blood_pressure,pht004230,phv00215520
ARIC,phs000280,MeasurementObservationSet,Continuous variables,blood_pressure,pht004230,phv00215521
ARIC,phs000280,MeasurementObservationSet,Continuous variables,blood_pressure,pht004230,phv00215522
ARIC,phs000280,MeasurementObservationSet,Continuous variables,blood_pressure,pht004230,phv00215523
ARIC,phs000280,MeasurementObservationSet,Continuous variables,blood_pressure,pht004230,phv00215524
ARIC,phs000280,MeasurementObservationSet,Continuous variables,blood_pressure,pht004230,phv00215525
ARIC,phs000280,MeasurementObservationSet,Continuous variables,blood_pressure,pht004079,phv00205847
ARIC,phs000280,MeasurementObservationSet,Continuous variables,blood_pressure,pht004079,phv00205848
ARIC,phs000280,MeasurementObservation,Continuous variables,bmi,pht004063,phv00204719
ARIC,phs000280,MeasurementObservation,Continuous variables,bmi,pht012502,phv00506861
ARIC,phs000280,MeasurementObservation,Continuous variables,bmi,pht012811,phv00511714
ARIC,phs000280,MeasurementObservation,Continuous variables,bnp,pht009477,phv00419810
ARIC,phs000280,MeasurementObservation,Continuous variables,bnp,pht004053,phv00204185
ARIC,phs000280,MeasurementObservation,Continuous variables,bnp,pht009477,phv00419811
ARIC,phs000280,MeasurementObservation,Continuous variables,bnp,pht004053,phv00204186
ARIC,phs000280,MeasurementObservation,Continuous variables,bnp,pht004053,phv00204184
ARIC,phs000280,MeasurementObservation,Continuous variables,bnp,pht004102,phv00206948
ARIC,phs000280,MeasurementObservation,Continuous variables,bnp,pht004102,phv00206947
ARIC,phs000280,MeasurementObservation,Continuous variables,bnp,pht004102,phv00206946
ARIC,phs000280,MeasurementObservation,Continuous variables,bnp,pht004053,phv00204179
ARIC,phs000280,MeasurementObservation,Continuous variables,bun,pht004051,phv00203866
ARIC,phs000280,MeasurementObservation,Continuous variables,carotid_imt,pht004207,phv00211095
ARIC,phs000280,MeasurementObservation,Continuous variables,carotid_imt,pht004207,phv00211096
ARIC,phs000280,MeasurementObservation,Continuous variables,carotid_imt,pht004207,phv00211097
ARIC,phs000280,MeasurementObservation,Continuous variables,carotid_imt,pht004207,phv00211101
ARIC,phs000280,MeasurementObservation,Continuous variables,carotid_imt,pht004207,phv00211102
ARIC,phs000280,MeasurementObservation,Continuous variables,carotid_imt,pht004207,phv00211103
ARIC,phs000280,MeasurementObservation,Continuous variables,carotid_imt,pht004213,phv00212601
ARIC,phs000280,MeasurementObservation,Continuous variables,carotid_imt,pht004213,phv00212602
ARIC,phs000280,MeasurementObservation,Continuous variables,carotid_imt,pht004213,phv00212603
ARIC,phs000280,MeasurementObservation,Continuous variables,carotid_imt,pht004213,phv00212607
ARIC,phs000280,MeasurementObservation,Continuous variables,carotid_imt,pht004213,phv00212608
ARIC,phs000280,MeasurementObservation,Continuous variables,carotid_imt,pht004213,phv00212609
ARIC,phs000280,MeasurementObservation,Continuous variables,carotid_imt,pht004223,phv00213941
ARIC,phs000280,MeasurementObservation,Continuous variables,carotid_imt,pht004223,phv00213942
ARIC,phs000280,MeasurementObservation,Continuous variables,carotid_imt,pht004207,phv00211053
ARIC,phs000280,MeasurementObservation,Continuous variables,carotid_imt,pht004207,phv00211054
ARIC,phs000280,MeasurementObservation,Continuous variables,carotid_imt,pht004207,phv00211055
ARIC,phs000280,MeasurementObservation,Continuous variables,carotid_imt,pht004207,phv00211059
ARIC,phs000280,MeasurementObservation,Continuous variables,carotid_imt,pht004207,phv00211060
ARIC,phs000280,MeasurementObservation,Continuous variables,carotid_imt,pht004207,phv00211061
ARIC,phs000280,MeasurementObservation,Continuous variables,carotid_imt,pht004207,phv00211081
ARIC,phs000280,MeasurementObservation,Continuous variables,carotid_imt,pht004207,phv00211082
ARIC,phs000280,MeasurementObservation,Continuous variables,carotid_imt,pht004207,phv00211083
ARIC,phs000280,MeasurementObservation,Continuous variables,carotid_imt,pht004207,phv00211087
ARIC,phs000280,MeasurementObservation,Continuous variables,carotid_imt,pht004207,phv00211088
ARIC,phs000280,MeasurementObservation,Continuous variables,carotid_imt,pht004207,phv00211089
ARIC,phs000280,MeasurementObservation,Continuous variables,carotid_imt,pht004213,phv00212559
ARIC,phs000280,MeasurementObservation,Continuous variables,carotid_imt,pht004213,phv00212560
ARIC,phs000280,MeasurementObservation,Continuous variables,carotid_imt,pht004213,phv00212561
ARIC,phs000280,MeasurementObservation,Continuous variables,carotid_imt,pht004213,phv00212565
ARIC,phs000280,MeasurementObservation,Continuous variables,carotid_imt,pht004213,phv00212566
ARIC,phs000280,MeasurementObservation,Continuous variables,carotid_imt,pht004213,phv00212567
ARIC,phs000280,MeasurementObservation,Continuous variables,carotid_imt,pht004223,phv00213911
ARIC,phs000280,MeasurementObservation,Continuous variables,carotid_imt,pht004223,phv00213912
ARIC,phs000280,MeasurementObservation,Continuous variables,carotid_imt,pht012850,phv00519705
ARIC,phs000280,MeasurementObservation,Continuous variables,carotid_imt,pht012850,phv00519706
ARIC,phs000280,Condition,Conditions,carotid_plaque,pht004063,phv00204712
ARIC,phs000280,Condition,Conditions,carotid_plaque,pht004063,phv00204776
ARIC,phs000280,Condition,Conditions,carotid_plaque,pht004063,phv00204777
ARIC,phs000280,Condition,Conditions,carotid_plaque,pht004063,phv00204778
ARIC,phs000280,Condition,Conditions,carotid_plaque,pht004063,phv00204779
ARIC,phs000280,Condition,Conditions,carotid_plaque,pht004063,phv00204780
ARIC,phs000280,Condition,Conditions,carotid_plaque,pht004063,phv00204781
ARIC,phs000280,Condition,Conditions,carotid_plaque,pht004063,phv00204782
ARIC,phs000280,Condition,Conditions,carotid_plaque,pht004063,phv00204783
ARIC,phs000280,Condition,Conditions,carotid_plaque,pht004063,phv00204784
ARIC,phs000280,Condition,Conditions,carotid_plaque,pht004063,phv00204787
ARIC,phs000280,Condition,Conditions,carotid_plaque,pht004063,phv00204788
ARIC,phs000280,Condition,Conditions,carotid_plaque,pht004063,phv00204789
ARIC,phs000280,Condition,Conditions,carotid_plaque,pht004063,phv00204790
ARIC,phs000280,Condition,Conditions,carotid_plaque,pht004063,phv00204791
ARIC,phs000280,Condition,Conditions,carotid_plaque,pht004063,phv00204792
ARIC,phs000280,Condition,Conditions,carotid_plaque,pht004064,phv00204881
ARIC,phs000280,Condition,Conditions,carotid_plaque,pht004064,phv00204882
ARIC,phs000280,Condition,Conditions,carotid_plaque,pht004064,phv00204883
ARIC,phs000280,Condition,Conditions,carotid_plaque,pht004064,phv00204884
ARIC,phs000280,Condition,Conditions,carotid_plaque,pht004064,phv00204885
ARIC,phs000280,Condition,Conditions,carotid_plaque,pht004064,phv00204886
ARIC,phs000280,Condition,Conditions,carotid_plaque,pht004064,phv00204887
ARIC,phs000280,Condition,Conditions,carotid_plaque,pht004064,phv00204888
ARIC,phs000280,Condition,Conditions,carotid_plaque,pht004064,phv00204889
ARIC,phs000280,Condition,Conditions,carotid_plaque,pht004064,phv00204890
ARIC,phs000280,Condition,Conditions,carotid_plaque,pht004064,phv00204891
ARIC,phs000280,Condition,Conditions,carotid_plaque,pht004064,phv00204892
ARIC,phs000280,Condition,Conditions,carotid_plaque,pht004064,phv00204893
ARIC,phs000280,Condition,Conditions,carotid_plaque,pht004064,phv00204894
ARIC,phs000280,Condition,Conditions,carotid_plaque,pht004064,phv00204895
ARIC,phs000280,Condition,Conditions,carotid_plaque,pht012813,phv00512002
ARIC,phs000280,Condition,Conditions,carotid_plaque,pht012813,phv00512003
ARIC,phs000280,Condition,Conditions,carotid_plaque,pht012813,phv00512004
ARIC,phs000280,Condition,Conditions,carotid_plaque,pht012813,phv00512006
ARIC,phs000280,Condition,Conditions,carotid_plaque,pht012813,phv00512008
ARIC,phs000280,Condition,Conditions,carotid_plaque,pht012813,phv00512009
ARIC,phs000280,Condition,Conditions,carotid_plaque,pht012813,phv00512010
ARIC,phs000280,Condition,Conditions,carotid_plaque,pht012813,phv00512014
ARIC,phs000280,Condition,Conditions,carotid_plaque,pht012813,phv00512015
ARIC,phs000280,Condition,Conditions,carotid_plaque,pht012813,phv00512016
ARIC,phs000280,MeasurementObservation,Continuous variables,carotid_sten_left,pht004061,phv00204553
ARIC,phs000280,MeasurementObservation,Continuous variables,carotid_sten_right,pht004061,phv00204552
ARIC,phs000280,MeasurementObservation,Continuous variables,cesd_score,pht012504,phv00507380
ARIC,phs000280,MeasurementObservation,Continuous variables,cesd_score,pht012815,phv00512381
ARIC,phs000280,MeasurementObservation,Continuous variables,cesd_score,pht012855,phv00519890
ARIC,phs000280,MeasurementObservation,Continuous variables,cesd_score,pht012814,phv00512128
ARIC,phs000280,MeasurementObservation,Continuous variables,chloride_bld,pht012851,phv00519777
ARIC,phs000280,Observation,Continuous variables,cig_smok,pht004047,phv00203798
ARIC,phs000280,Observation,Continuous variables,cig_smok,pht004053,phv00203911
ARIC,phs000280,Observation,Continuous variables,cig_smok,pht004054,phv00204312
ARIC,phs000280,Observation,Continuous variables,cig_smok,pht004063,phv00204713
ARIC,phs000280,Observation,Continuous variables,cig_smok,pht004064,phv00204859
ARIC,phs000280,Observation,Continuous variables,cig_smok,pht004102,phv00206780
ARIC,phs000280,Observation,Continuous variables,cig_smok,pht004103,phv00207119
ARIC,phs000280,Observation,Continuous variables,cig_smok,pht004103,phv00207120
ARIC,phs000280,Observation,Continuous variables,cig_smok,pht004111,phv00207368
ARIC,phs000280,Observation,Continuous variables,cig_smok,pht004111,phv00207370
ARIC,phs000280,Observation,Continuous variables,cig_smok,pht004145,phv00208996
ARIC,phs000280,Observation,Continuous variables,cig_smok,pht004145,phv00208998
ARIC,phs000280,Observation,Continuous variables,cig_smok,pht004146,phv00209072
ARIC,phs000280,Observation,Continuous variables,cig_smok,pht004146,phv00209073
ARIC,phs000280,Observation,Continuous variables,cig_smok,pht012504,phv00507404
ARIC,phs000280,Observation,Continuous variables,cig_smok,pht012813,phv00511992
ARIC,phs000280,Observation,Continuous variables,cig_smok,pht012814,phv00512115
ARIC,phs000280,Observation,Continuous variables,cig_smok,pht012815,phv00512398
ARIC,phs000280,Condition,Conditions,copd,pht004102,phv00206784
ARIC,phs000280,Condition,Conditions,copd,pht006479,phv00298000
ARIC,phs000280,Condition,Conditions,copd,pht006479,phv00298002
ARIC,phs000280,Condition,Conditions,copd,pht012825,phv00515927
ARIC,phs000280,MeasurementObservation,Continuous variables,creat_bld,pht004102,phv00206960
ARIC,phs000280,MeasurementObservation,Continuous variables,creat_bld,pht012853,phv00519803
ARIC,phs000280,MeasurementObservation,Continuous variables,creat_bld,pht012853,phv00519801
ARIC,phs000280,MeasurementObservation,Continuous variables,creat_bld,pht004102,phv00296596
ARIC,phs000280,MeasurementObservation,Continuous variables,creat_bld,pht004100,phv00296341
ARIC,phs000280,MeasurementObservation,Continuous variables,creat_bld,pht004053,phv00204180
ARIC,phs000280,MeasurementObservation,Continuous variables,creat_bld,pht004100,phv00296343
ARIC,phs000280,MeasurementObservation,Continuous variables,creat_bld,pht012853,phv00519800
ARIC,phs000280,MeasurementObservation,Continuous variables,creat_bld,pht006427,phv00295246
ARIC,phs000280,MeasurementObservation,Continuous variables,creat_bld,pht004046,phv00295065
ARIC,phs000280,MeasurementObservation,Continuous variables,creat_bld,pht004046,phv00295066
ARIC,phs000280,MeasurementObservation,Continuous variables,creat_bld,pht004053,phv00204188
ARIC,phs000280,MeasurementObservation,Continuous variables,creat_bld,pht004061,phv00295526
ARIC,phs000280,MeasurementObservation,Continuous variables,creat_bld,pht004124,phv00207682
ARIC,phs000280,MeasurementObservation,Continuous variables,creat_bld,pht004051,phv00203867
ARIC,phs000280,MeasurementObservation,Continuous variables,creat_bld,pht004102,phv00206961
ARIC,phs000280,MeasurementObservation,Continuous variables,creat_bld,pht004102,phv00296597
ARIC,phs000280,MeasurementObservation,Continuous variables,creat_bld,pht004053,phv00204187
ARIC,phs000280,MeasurementObservation,Continuous variables,creat_bld,pht012503,phv00506998
ARIC,phs000280,MeasurementObservation,Continuous variables,creat_bld,pht004052,phv00203883
ARIC,phs000280,MeasurementObservation,Continuous variables,creat_bld,pht012853,phv00519802
ARIC,phs000280,MeasurementObservation,Continuous variables,creat_bld,pht004046,phv00295067
ARIC,phs000280,MeasurementObservation,Continuous variables,creat_bld,pht004100,phv00296342
ARIC,phs000280,MeasurementObservation,Continuous variables,creat_bld,pht004053,phv00204189
ARIC,phs000280,MeasurementObservation,Continuous variables,creat_bld,pht004061,phv00295525
ARIC,phs000280,MeasurementObservation,Continuous variables,creat_bld,pht004102,phv00296595
ARIC,phs000280,MeasurementObservation,Continuous variables,creat_urin,pht012503,phv00506972
ARIC,phs000280,MeasurementObservation,Continuous variables,creat_urin,pht006427,phv00295250
ARIC,phs000280,MeasurementObservation,Continuous variables,crp,pht006444,phv00296696
ARIC,phs000280,MeasurementObservation,Continuous variables,crp,pht012511,phv00507554
ARIC,phs000280,MeasurementObservation,Continuous variables,crp,pht012853,phv00519822
ARIC,phs000280,MeasurementObservation,Continuous variables,cysc_bld,pht012853,phv00519845
ARIC,phs000280,MeasurementObservation,Continuous variables,cysc_bld,pht012853,phv00519843
ARIC,phs000280,MeasurementObservation,Continuous variables,cysc_bld,pht012853,phv00519844
ARIC,phs000280,MeasurementObservation,Continuous variables,cysc_bld,pht006428,phv00295532
ARIC,phs000280,MeasurementObservation,Continuous variables,cysc_bld,pht012503,phv00507076
ARIC,phs000280,MeasurementObservation,Continuous variables,d_dimer,pht012826,phv00515959
ARIC,phs000280,Condition,Conditions,diabetes,pht004031,phv00203040
ARIC,phs000280,Condition,Conditions,diabetes,pht004047,phv00203797
ARIC,phs000280,Condition,Conditions,diabetes,pht004053,phv00203983
ARIC,phs000280,Condition,Conditions,diabetes,pht004054,phv00204313
ARIC,phs000280,Condition,Conditions,diabetes,pht004063,phv00204752
ARIC,phs000280,Condition,Conditions,diabetes,pht004063,phv00204753
ARIC,phs000280,Condition,Conditions,diabetes,pht004064,phv00204898
ARIC,phs000280,Condition,Conditions,diabetes,pht004064,phv00204899
ARIC,phs000280,Condition,Conditions,diabetes,pht004102,phv00206810
ARIC,phs000280,Condition,Conditions,diabetes,pht004103,phv00207067
ARIC,phs000280,Condition,Conditions,diabetes,pht004111,phv00207315
ARIC,phs000280,Condition,Conditions,diabetes,pht004145,phv00208974
ARIC,phs000280,Condition,Conditions,diabetes,pht004146,phv00209065
ARIC,phs000280,Condition,Conditions,diabetes,pht004149,phv00209125
ARIC,phs000280,Condition,Conditions,diabetes,pht004150,phv00209161
ARIC,phs000280,Condition,Conditions,diabetes,pht006477,phv00297898
ARIC,phs000280,Condition,Conditions,diabetes,pht009479,phv00419905
ARIC,phs000280,Condition,Conditions,diabetes,pht012502,phv00506870
ARIC,phs000280,Condition,Conditions,diabetes,pht012504,phv00507394
ARIC,phs000280,Condition,Conditions,diabetes,pht012504,phv00507395
ARIC,phs000280,Condition,Conditions,diabetes,pht012504,phv00507396
ARIC,phs000280,Condition,Conditions,diabetes,pht012504,phv00507398
ARIC,phs000280,Condition,Conditions,diabetes,pht012518,phv00507813
ARIC,phs000280,Condition,Conditions,diabetes,pht012811,phv00511685
ARIC,phs000280,Condition,Conditions,diabetes,pht012813,phv00511978
ARIC,phs000280,Condition,Conditions,diabetes,pht012813,phv00511979
ARIC,phs000280,Condition,Conditions,diabetes,pht012814,phv00512060
ARIC,phs000280,Condition,Conditions,diabetes,pht012814,phv00512061
ARIC,phs000280,Condition,Conditions,diabetes,pht012814,phv00512062
ARIC,phs000280,Condition,Conditions,diabetes,pht012814,phv00512095
ARIC,phs000280,Condition,Conditions,diabetes,pht012815,phv00512375
ARIC,phs000280,Condition,Conditions,diabetes,pht012815,phv00512376
ARIC,phs000280,Condition,Conditions,diabetes,pht012815,phv00512377
ARIC,phs000280,Condition,Conditions,diabetes,pht012815,phv00512379
ARIC,phs000280,Condition,Conditions,diabetes,pht012839,phv00516821
ARIC,phs000280,Condition,Conditions,diabetes,pht012840,phv00516890
ARIC,phs000280,SdohObservation,SdohObservations,edu_lvl,pht004063,phv00204745
ARIC,phs000280,MeasurementObservation,Continuous variables,egfr,pht012505,phv00507454
ARIC,phs000280,MeasurementObservation,Continuous variables,egfr,pht012815,phv00512303
ARIC,phs000280,MeasurementObservation,Continuous variables,egfr,pht012853,phv00519853
ARIC,phs000280,MeasurementObservation,Continuous variables,egfr,pht012853,phv00519849
ARIC,phs000280,MeasurementObservation,Continuous variables,egfr,pht012814,phv00512179
ARIC,phs000280,MeasurementObservation,Continuous variables,egfr,pht012853,phv00519848
ARIC,phs000280,MeasurementObservation,Continuous variables,egfr,pht012504,phv00507312
ARIC,phs000280,MeasurementObservation,Continuous variables,egfr,pht012853,phv00519854
ARIC,phs000280,MeasurementObservation,Continuous variables,egfr,pht012853,phv00519847
ARIC,phs000280,MeasurementObservation,Continuous variables,egfr,pht012853,phv00519850
ARIC,phs000280,MeasurementObservation,Continuous variables,egfr,pht012853,phv00519852
ARIC,phs000280,MeasurementObservation,Continuous variables,egfr,pht012504,phv00507389
ARIC,phs000280,MeasurementObservation,Continuous variables,egfr,pht012814,phv00512177
ARIC,phs000280,MeasurementObservation,Continuous variables,egfr,pht012504,phv00507388
ARIC,phs000280,MeasurementObservation,Continuous variables,egfr,pht012502,phv00506868
ARIC,phs000280,MeasurementObservation,Continuous variables,egfr,pht012853,phv00519851
ARIC,phs000280,MeasurementObservation,Continuous variables,egfr,pht012815,phv00512298
ARIC,phs000280,MeasurementObservation,Continuous variables,egfr,pht012814,phv00512178
ARIC,phs000280,MeasurementObservation,Continuous variables,egfr,pht012815,phv00512302
ARIC,phs000280,MeasurementObservation,Continuous variables,egfr,pht012853,phv00519855
ARIC,phs000280,MeasurementObservation,Continuous variables,egfr,pht012853,phv00519846
ARIC,phs000280,MeasurementObservation,Continuous variables,factor_7,pht004098,phv00206651
ARIC,phs000280,MeasurementObservation,Continuous variables,factor_7,pht004099,phv00206657
ARIC,phs000280,MeasurementObservation,Continuous variables,factor_8,pht004098,phv00206649
ARIC,phs000280,Observation,Continuous variables,fam_income,pht004111,phv00207402
ARIC,phs000280,Observation,Continuous variables,fam_income,pht004145,phv00209018
ARIC,phs000280,Condition,Conditions,fam_stroke,pht004090,phv00206548
ARIC,phs000280,Condition,Conditions,fam_stroke,pht004090,phv00206556
ARIC,phs000280,Condition,Conditions,fam_stroke,pht004090,phv00206564
ARIC,phs000280,Condition,Conditions,fam_stroke,pht004090,phv00206572
ARIC,phs000280,Condition,Conditions,fam_stroke,pht004090,phv00206580
ARIC,phs000280,Condition,Conditions,fam_stroke,pht004111,phv00207326
ARIC,phs000280,Condition,Conditions,fam_stroke,pht004111,phv00207337
ARIC,phs000280,Condition,Conditions,fam_stroke,pht004111,phv00207350
ARIC,phs000280,Condition,Conditions,fam_stroke,pht004111,phv00207361
ARIC,phs000280,MeasurementObservation,Continuous variables,fast_gluc_bld,pht004124,phv00207678
ARIC,phs000280,MeasurementObservation,Continuous variables,fast_gluc_bld,pht006444,phv00296695
ARIC,phs000280,MeasurementObservation,Continuous variables,fast_gluc_bld,pht012814,phv00512077
ARIC,phs000280,MeasurementObservation,Continuous variables,fast_gluc_bld,pht012813,phv00511990
ARIC,phs000280,MeasurementObservation,Continuous variables,fast_gluc_bld,pht012504,phv00507387
ARIC,phs000280,MeasurementObservation,Continuous variables,fast_gluc_bld,pht012815,phv00512301
ARIC,phs000280,MeasurementObservation,Continuous variables,fibrin,pht004099,phv00206658
ARIC,phs000280,MeasurementObservation,Continuous variables,fibrin,pht004098,phv00206650
ARIC,phs000280,MeasurementObservation,Continuous variables,fruit_serving,pht004068,phv00205071
ARIC,phs000280,MeasurementObservation,Continuous variables,fruit_serving,pht004070,phv00205289
ARIC,phs000280,MeasurementObservation,Continuous variables,fruit_serving,pht004069,phv00205193
ARIC,phs000280,MeasurementObservation,Continuous variables,fruit_serving,pht004068,phv00205068
ARIC,phs000280,MeasurementObservation,Continuous variables,fruit_serving,pht004070,phv00205291
ARIC,phs000280,MeasurementObservation,Continuous variables,fruit_serving,pht004069,phv00205191
ARIC,phs000280,MeasurementObservation,Continuous variables,fruit_serving,pht004069,phv00205192
ARIC,phs000280,MeasurementObservation,Continuous variables,fruit_serving,pht004070,phv00205290
ARIC,phs000280,MeasurementObservation,Continuous variables,fruit_serving,pht004068,phv00205070
ARIC,phs000280,MeasurementObservation,Continuous variables,fruit_serving,pht004068,phv00205072
ARIC,phs000280,MeasurementObservation,Continuous variables,fruit_serving,pht004068,phv00205073
ARIC,phs000280,MeasurementObservation,Continuous variables,fruit_serving,pht004070,phv00205292
ARIC,phs000280,MeasurementObservation,Continuous variables,fruit_serving,pht004069,phv00205190
ARIC,phs000280,MeasurementObservation,Continuous variables,fruit_serving,pht004068,phv00205069
ARIC,phs000280,MeasurementObservation,Continuous variables,fruit_serving,pht004070,phv00205293
ARIC,phs000280,MeasurementObservation,Continuous variables,fruit_serving,pht004070,phv00205288
ARIC,phs000280,MeasurementObservation,Continuous variables,fruit_serving,pht004069,phv00205194
ARIC,phs000280,MeasurementObservation,Continuous variables,fruit_serving,pht004069,phv00205189
ARIC,phs000280,MeasurementObservation,Continuous variables,glucose_bld,pht004063,phv00204730
ARIC,phs000280,MeasurementObservation,Continuous variables,glucose_bld,pht012853,phv00519794
ARIC,phs000280,MeasurementObservation,Continuous variables,glucose_bld,pht012853,phv00519817
ARIC,phs000280,MeasurementObservation,Continuous variables,glucose_bld,pht004123,phv00207663
ARIC,phs000280,MeasurementObservation,Continuous variables,glucose_bld,pht012853,phv00519819
ARIC,phs000280,MeasurementObservation,Continuous variables,glucose_bld,pht012503,phv00506985
ARIC,phs000280,MeasurementObservation,Continuous variables,glucose_bld,pht004052,phv00203882
ARIC,phs000280,MeasurementObservation,Continuous variables,glucose_bld,pht012853,phv00519818
ARIC,phs000280,MeasurementObservation,Continuous variables,glucose_bld,pht012853,phv00519821
ARIC,phs000280,MeasurementObservation,Continuous variables,glucose_bld,pht012853,phv00519820
ARIC,phs000280,MeasurementObservation,Continuous variables,glucose_bld,pht004063,phv00204734
ARIC,phs000280,MeasurementObservation,Continuous variables,glucose_bld,pht012504,phv00507386
ARIC,phs000280,MeasurementObservation,Continuous variables,hdl,pht012853,phv00519826
ARIC,phs000280,MeasurementObservation,Continuous variables,hdl,pht012853,phv00519828
ARIC,phs000280,MeasurementObservation,Continuous variables,hdl,pht012853,phv00519824
ARIC,phs000280,MeasurementObservation,Continuous variables,hdl,pht012511,phv00507550
ARIC,phs000280,MeasurementObservation,Continuous variables,hdl,pht006444,phv00296693
ARIC,phs000280,MeasurementObservation,Continuous variables,hdl,pht004124,phv00207677
ARIC,phs000280,MeasurementObservation,Continuous variables,hdl,pht004122,phv00207651
ARIC,phs000280,MeasurementObservation,Continuous variables,hdl,pht004063,phv00204761
ARIC,phs000280,MeasurementObservation,Continuous variables,hdl,pht012853,phv00519825
ARIC,phs000280,MeasurementObservation,Continuous variables,hdl,pht004123,phv00207662
ARIC,phs000280,MeasurementObservation,Continuous variables,hdl,pht012853,phv00519827
ARIC,phs000280,MeasurementObservation,Continuous variables,hdl,pht004064,phv00204867
ARIC,phs000280,MeasurementObservation,Continuous variables,hdl,pht012815,phv00512244
ARIC,phs000280,MeasurementObservation,Continuous variables,hdl,pht004063,phv00204765
ARIC,phs000280,MeasurementObservation,Continuous variables,hdl,pht012814,phv00512074
ARIC,phs000280,MeasurementObservation,Continuous variables,hdl,pht012813,phv00511987
ARIC,phs000280,MeasurementObservation,Continuous variables,hdl,pht012504,phv00507329
ARIC,phs000280,MeasurementObservation,Continuous variables,hemat,pht004107,phv00207255
ARIC,phs000280,MeasurementObservation,Continuous variables,hemat,pht004110,phv00207301
ARIC,phs000280,MeasurementObservation,Continuous variables,hemat,pht004108,phv00207270
ARIC,phs000280,MeasurementObservation,Continuous variables,hemat,pht004102,phv00206945
ARIC,phs000280,MeasurementObservation,Continuous variables,hemat,pht004109,phv00207289
ARIC,phs000280,MeasurementObservation,Continuous variables,hemat,pht006422,phv00294957
ARIC,phs000280,MeasurementObservation,Continuous variables,hemat,pht004102,phv00206944
ARIC,phs000280,MeasurementObservation,Continuous variables,hemo,pht004109,phv00207288
ARIC,phs000280,MeasurementObservation,Continuous variables,hemo,pht004102,phv00206942
ARIC,phs000280,MeasurementObservation,Continuous variables,hemo,pht004102,phv00206943
ARIC,phs000280,MeasurementObservation,Continuous variables,hemo,pht012503,phv00507167
ARIC,phs000280,MeasurementObservation,Continuous variables,hemo,pht004108,phv00207271
ARIC,phs000280,MeasurementObservation,Continuous variables,hemo,pht004110,phv00207300
ARIC,phs000280,MeasurementObservation,Continuous variables,hemo,pht006422,phv00294956
ARIC,phs000280,MeasurementObservation,Continuous variables,hemo,pht004107,phv00207256
ARIC,phs000280,MeasurementObservation,Continuous variables,hemo_a1c,pht006427,phv00295245
ARIC,phs000280,MeasurementObservation,Continuous variables,hemo_a1c,pht012503,phv00506933
ARIC,phs000280,MeasurementObservation,Continuous variables,hip_circ,pht004033,phv00203172
ARIC,phs000280,MeasurementObservation,Continuous variables,hip_circ,pht004034,phv00203178
ARIC,phs000280,MeasurementObservation,Continuous variables,hip_circ,pht006419,phv00294846
ARIC,phs000280,MeasurementObservation,Continuous variables,hip_circ,pht004035,phv00203189
ARIC,phs000280,MeasurementObservation,Continuous variables,hip_circ,pht004032,phv00203160
ARIC,phs000280,Procedure,Procedures,hist_cor_angio,pht004047,phv00203793
ARIC,phs000280,Procedure,Procedures,hist_cor_angio,pht004053,phv00203945
ARIC,phs000280,Procedure,Procedures,hist_cor_angio,pht004053,phv00203981
ARIC,phs000280,Procedure,Procedures,hist_cor_angio,pht004104,phv00207175
ARIC,phs000280,Procedure,Procedures,hist_cor_angio,pht004106,phv00207215
ARIC,phs000280,Procedure,Procedures,hist_cor_angio,pht004143,phv00208853
ARIC,phs000280,Procedure,Procedures,hist_cor_angio,pht004143,phv00208854
ARIC,phs000280,Procedure,Procedures,hist_cor_bypg,pht004047,phv00203792
ARIC,phs000280,Procedure,Procedures,hist_cor_bypg,pht004053,phv00203951
ARIC,phs000280,Procedure,Procedures,hist_cor_bypg,pht004053,phv00203980
ARIC,phs000280,Procedure,Procedures,hist_cor_bypg,pht004102,phv00206900
ARIC,phs000280,Procedure,Procedures,hist_cor_bypg,pht004102,phv00206912
ARIC,phs000280,Procedure,Procedures,hist_cor_bypg,pht004104,phv00207168
ARIC,phs000280,Procedure,Procedures,hist_cor_bypg,pht004106,phv00207208
ARIC,phs000280,Procedure,Procedures,hist_cor_bypg,pht004143,phv00208846
ARIC,phs000280,Procedure,Procedures,hist_cor_bypg,pht004144,phv00208914
ARIC,phs000280,Procedure,Procedures,hist_cor_bypg,pht006416,phv00294685
ARIC,phs000280,Condition,Conditions,hist_cvd,pht004053,phv00203904
ARIC,phs000280,Condition,Conditions,hist_cvd,pht004063,phv00204706
ARIC,phs000280,Condition,Conditions,hist_cvd,pht004064,phv00204833
ARIC,phs000280,Condition,Conditions,hist_cvd,pht004064,phv00204834
ARIC,phs000280,Condition,Conditions,hist_cvd,pht004064,phv00204911
ARIC,phs000280,Condition,Conditions,hist_cvd,pht004145,phv00208973
ARIC,phs000280,Condition,Conditions,hist_cvd,pht004146,phv00209064
ARIC,phs000280,Condition,Conditions,hist_cvd,pht006443,phv00506159
ARIC,phs000280,Condition,Conditions,hist_cvd,pht012504,phv00507337
ARIC,phs000280,Condition,Conditions,hist_cvd,pht012504,phv00507407
ARIC,phs000280,Condition,Conditions,hist_cvd,pht012504,phv00507408
ARIC,phs000280,Condition,Conditions,hist_cvd,pht012813,phv00511958
ARIC,phs000280,Condition,Conditions,hist_cvd,pht004102,phv00206801
ARIC,phs000280,Condition,Conditions,hist_cvd,pht004102,phv00206802
ARIC,phs000280,Condition,Conditions,hist_cvd,pht004102,phv00206807
ARIC,phs000280,Condition,Conditions,hist_cvd,pht012813,phv00512028
ARIC,phs000280,Condition,Conditions,hist_cvd,pht012814,phv00512123
ARIC,phs000280,Condition,Conditions,hist_cvd,pht012815,phv00512297
ARIC,phs000280,Condition,Conditions,hist_hrtdis,pht004047,phv00203751
ARIC,phs000280,Condition,Conditions,hist_hrtdis,pht004047,phv00203752
ARIC,phs000280,Condition,Conditions,hist_hrtdis,pht004047,phv00203753
ARIC,phs000280,Condition,Conditions,hist_hrtdis,pht004053,phv00203905
ARIC,phs000280,Condition,Conditions,hist_hrtdis,pht004053,phv00203976
ARIC,phs000280,Condition,Conditions,hist_hrtdis,pht004053,phv00203977
ARIC,phs000280,Condition,Conditions,hist_hrtdis,pht004054,phv00204309
ARIC,phs000280,Condition,Conditions,hist_hrtdis,pht004063,phv00204706
ARIC,phs000280,Condition,Conditions,hist_hrtdis,pht004063,phv00204751
ARIC,phs000280,Condition,Conditions,hist_hrtdis,pht004064,phv00204833
ARIC,phs000280,Condition,Conditions,hist_hrtdis,pht004064,phv00204834
ARIC,phs000280,Condition,Conditions,hist_hrtdis,pht004064,phv00204911
ARIC,phs000280,Condition,Conditions,hist_hrtdis,pht004067,phv00205042
ARIC,phs000280,Condition,Conditions,hist_hrtdis,pht004067,phv00205043
ARIC,phs000280,Condition,Conditions,hist_hrtdis,pht004102,phv00206801
ARIC,phs000280,Condition,Conditions,hist_hrtdis,pht004102,phv00206802
ARIC,phs000280,Condition,Conditions,hist_hrtdis,pht004102,phv00206808
ARIC,phs000280,Condition,Conditions,hist_hrtdis,pht004102,phv00206809
ARIC,phs000280,Condition,Conditions,hist_hrtdis,pht004102,phv00207024
ARIC,phs000280,Condition,Conditions,hist_hrtdis,pht006443,phv00506159
ARIC,phs000280,Condition,Conditions,hist_hrtdis,pht012813,phv00511958
ARIC,phs000280,Condition,Conditions,hist_hrtdis,pht012813,phv00512028
ARIC,phs000280,Condition,Conditions,hist_hrtdis,pht012825,phv00515897
ARIC,phs000280,Condition,Conditions,hist_hrtfail,pht004063,phv00204697
ARIC,phs000280,Condition,Conditions,hist_hrtfail,pht004102,phv00207050
ARIC,phs000280,Condition,Conditions,hist_hrtfail,pht006416,phv00294721
ARIC,phs000280,Condition,Conditions,hist_hrtfail,pht009477,phv00419797
ARIC,phs000280,Condition,Conditions,hist_hrtfail,pht009479,phv00419913
ARIC,phs000280,Condition,Conditions,hist_hrtfail,pht006443,phv00506149
ARIC,phs000280,Condition,Conditions,hist_hrtfail,pht006443,phv00506150
ARIC,phs000280,Condition,Conditions,hist_hrtfail,pht012504,phv00507449
ARIC,phs000280,Condition,Conditions,hist_hrtfail,pht012504,phv00507450
ARIC,phs000280,Condition,Conditions,hist_hrtfail,pht012518,phv00507817
ARIC,phs000280,Condition,Conditions,hist_hrtfail,pht012814,phv00512120
ARIC,phs000280,Condition,Conditions,hist_hrtfail,pht012814,phv00512121
ARIC,phs000280,Condition,Conditions,hist_hrtfail,pht012814,phv00512148
ARIC,phs000280,Condition,Conditions,hist_hrtfail,pht012815,phv00512406
ARIC,phs000280,Condition,Conditions,hist_hrtfail,pht012815,phv00512407
ARIC,phs000280,Condition,Conditions,hist_hrtfail,pht012825,phv00515915
ARIC,phs000280,Condition,Conditions,hist_hrtfail,pht012839,phv00516818
ARIC,phs000280,Condition,Conditions,hist_hrtfail,pht012839,phv00516819
ARIC,phs000280,Condition,Conditions,hist_hrtfail,pht012839,phv00516825
ARIC,phs000280,Condition,Conditions,hist_hrtfail,pht012840,phv00516894
ARIC,phs000280,Condition,Conditions,hist_my_inf,pht004047,phv00203749
ARIC,phs000280,Condition,Conditions,hist_my_inf,pht004047,phv00203786
ARIC,phs000280,Condition,Conditions,hist_my_inf,pht004047,phv00203787
ARIC,phs000280,Condition,Conditions,hist_my_inf,pht004053,phv00203902
ARIC,phs000280,Condition,Conditions,hist_my_inf,pht004053,phv00203975
ARIC,phs000280,Condition,Conditions,hist_my_inf,pht004054,phv00204306
ARIC,phs000280,Condition,Conditions,hist_my_inf,pht004054,phv00204307
ARIC,phs000280,Condition,Conditions,hist_my_inf,pht004061,phv00204460
ARIC,phs000280,Condition,Conditions,hist_my_inf,pht004061,phv00204461
ARIC,phs000280,Condition,Conditions,hist_my_inf,pht004063,phv00204748
ARIC,phs000280,Condition,Conditions,hist_my_inf,pht004063,phv00204749
ARIC,phs000280,Condition,Conditions,hist_my_inf,pht004064,phv00204831
ARIC,phs000280,Condition,Conditions,hist_my_inf,pht004064,phv00204832
ARIC,phs000280,Condition,Conditions,hist_my_inf,pht004064,phv00204841
ARIC,phs000280,Condition,Conditions,hist_my_inf,pht004064,phv00204842
ARIC,phs000280,Condition,Conditions,hist_my_inf,pht004102,phv00206805
ARIC,phs000280,Condition,Conditions,hist_my_inf,pht004102,phv00206841
ARIC,phs000280,Condition,Conditions,hist_my_inf,pht004102,phv00206999
ARIC,phs000280,Condition,Conditions,hist_my_inf,pht004102,phv00207018
ARIC,phs000280,Condition,Conditions,hist_my_inf,pht004103,phv00207066
ARIC,phs000280,Condition,Conditions,hist_my_inf,pht004111,phv00207313
ARIC,phs000280,Condition,Conditions,hist_my_inf,pht004126,phv00207776
ARIC,phs000280,Condition,Conditions,hist_my_inf,pht004145,phv00208972
ARIC,phs000280,Condition,Conditions,hist_my_inf,pht004146,phv00209063
ARIC,phs000280,Condition,Conditions,hist_my_inf,pht006416,phv00294654
ARIC,phs000280,Condition,Conditions,hist_my_inf,pht006416,phv00294655
ARIC,phs000280,Condition,Conditions,hist_my_inf,pht006416,phv00294675
ARIC,phs000280,Condition,Conditions,hist_my_inf,pht006416,phv00294786
ARIC,phs000280,Condition,Conditions,hist_my_inf,pht004050,phv00295237
ARIC,phs000280,Condition,Conditions,hist_my_inf,pht004050,phv00295238
ARIC,phs000280,Condition,Conditions,hist_my_inf,pht012504,phv00507335
ARIC,phs000280,Condition,Conditions,hist_my_inf,pht012504,phv00507336
ARIC,phs000280,Condition,Conditions,hist_my_inf,pht012813,phv00511956
ARIC,phs000280,Condition,Conditions,hist_my_inf,pht012813,phv00511957
ARIC,phs000280,Condition,Conditions,hist_my_inf,pht012813,phv00511964
ARIC,phs000280,Condition,Conditions,hist_my_inf,pht012814,phv00512072
ARIC,phs000280,Condition,Conditions,hist_my_inf,pht012814,phv00512099
ARIC,phs000280,Condition,Conditions,hist_my_inf,pht012814,phv00512122
ARIC,phs000280,Condition,Conditions,hist_my_inf,pht012815,phv00512288
ARIC,phs000280,Condition,Conditions,hist_my_inf,pht012815,phv00512289
ARIC,phs000280,Condition,Conditions,hist_my_inf,pht004231,phv00215643
ARIC,phs000280,Condition,Conditions,hist_my_inf,pht004232,phv00216060
ARIC,phs000280,Condition,Conditions,hist_my_inf,pht004233,phv00216477
ARIC,phs000280,Condition,Conditions,hist_my_inf,pht004234,phv00216894
ARIC,phs000280,Condition,Conditions,hist_my_inf,pht006436,phv00295792
ARIC,phs000280,Condition,Conditions,hist_my_inf,pht004063,phv00204704
ARIC,phs000280,Condition,Conditions,hist_my_inf,pht004063,phv00204709
ARIC,phs000280,Condition,Conditions,hist_my_inf,pht004063,phv00204740
ARIC,phs000280,Condition,Conditions,hist_my_inf,pht004063,phv00204705
ARIC,phs000280,Condition,Conditions,hist_my_inf,pht004054,phv00204300
ARIC,phs000280,Condition,Conditions,hist_my_inf,pht006416,phv00294812
ARIC,phs000280,MeasurementObservation,Continuous variables,hrtrt,pht004194,phv00210327
ARIC,phs000280,MeasurementObservation,Continuous variables,hrtrt,pht004195,phv00210353
ARIC,phs000280,MeasurementObservation,Continuous variables,hrtrt,pht004084,phv00206256
ARIC,phs000280,MeasurementObservation,Continuous variables,hrtrt,pht012824,phv00515687
ARIC,phs000280,MeasurementObservation,Continuous variables,hrtrt,pht012822,phv00514035
ARIC,phs000280,MeasurementObservation,Continuous variables,hrtrt,pht004088,phv00206495
ARIC,phs000280,MeasurementObservation,Continuous variables,hrtrt,pht004232,phv00216047
ARIC,phs000280,MeasurementObservation,Continuous variables,hrtrt,pht006415,phv00294580
ARIC,phs000280,MeasurementObservation,Continuous variables,hrtrt,pht004085,phv00206406
ARIC,phs000280,MeasurementObservation,Continuous variables,hrtrt,pht004079,phv00205915
ARIC,phs000280,MeasurementObservation,Continuous variables,hrtrt,pht004087,phv00206471
ARIC,phs000280,MeasurementObservation,Continuous variables,hrtrt,pht004073,phv00205564
ARIC,phs000280,MeasurementObservation,Continuous variables,hrtrt,pht004076,phv00205722
ARIC,phs000280,MeasurementObservation,Continuous variables,hrtrt,pht004044,phv00203507
ARIC,phs000280,MeasurementObservation,Continuous variables,hrtrt,pht004083,phv00206107
ARIC,phs000280,MeasurementObservation,Continuous variables,hrtrt,pht004071,phv00205414
ARIC,phs000280,MeasurementObservation,Continuous variables,hrtrt,pht004074,phv00205617
ARIC,phs000280,MeasurementObservation,Continuous variables,hrtrt,pht004077,phv00205779
ARIC,phs000280,MeasurementObservation,Continuous variables,hrtrt,pht012819,phv00512549
ARIC,phs000280,MeasurementObservation,Continuous variables,hrtrt,pht004102,phv00206854
ARIC,phs000280,MeasurementObservation,Continuous variables,hrtrt,pht004078,phv00205820
ARIC,phs000280,MeasurementObservation,Continuous variables,hrtrt,pht004072,phv00205505
ARIC,phs000280,MeasurementObservation,Continuous variables,hrtrt,pht004045,phv00203655
ARIC,phs000280,MeasurementObservation,Continuous variables,hrtrt,pht012820,phv00512580
ARIC,phs000280,MeasurementObservation,Continuous variables,hrtrt,pht004085,phv00206405
ARIC,phs000280,MeasurementObservation,Continuous variables,hrtrt,pht004234,phv00216881
ARIC,phs000280,MeasurementObservation,Continuous variables,hrtrt,pht006414,phv00294518
ARIC,phs000280,MeasurementObservation,Continuous variables,hrtrt,pht004075,phv00205674
ARIC,phs000280,MeasurementObservation,Continuous variables,hrtrt,pht004079,phv00205900
ARIC,phs000280,MeasurementObservation,Continuous variables,hrtrt,pht012823,phv00514861
ARIC,phs000280,MeasurementObservation,Continuous variables,hrtrt,pht004045,phv00203656
ARIC,phs000280,MeasurementObservation,Continuous variables,hrtrt,pht004086,phv00206444
ARIC,phs000280,MeasurementObservation,Continuous variables,hrtrt,pht004233,phv00216464
ARIC,phs000280,MeasurementObservation,Continuous variables,hrtrt,pht004084,phv00206255
ARIC,phs000280,MeasurementObservation,Continuous variables,hrtrt,pht006436,phv00295777
ARIC,phs000280,MeasurementObservation,Continuous variables,hrtrt,pht004044,phv00203508
ARIC,phs000280,MeasurementObservation,Continuous variables,hrtrt,pht004089,phv00206521
ARIC,phs000280,MeasurementObservation,Continuous variables,hrtrt,pht004080,phv00205946
ARIC,phs000280,MeasurementObservation,Continuous variables,hrtrt,pht012821,phv00513210
ARIC,phs000280,MeasurementObservation,Continuous variables,hrtrt,pht004083,phv00206106
ARIC,phs000280,MeasurementObservation,Continuous variables,hrtrt,pht004231,phv00215630
ARIC,phs000280,Condition,Conditions,hypertension,pht004047,phv00203796
ARIC,phs000280,Condition,Conditions,hypertension,pht004053,phv00203982
ARIC,phs000280,Condition,Conditions,hypertension,pht004063,phv00204727
ARIC,phs000280,Condition,Conditions,hypertension,pht004063,phv00204728
ARIC,phs000280,Condition,Conditions,hypertension,pht004063,phv00204729
ARIC,phs000280,Condition,Conditions,hypertension,pht004064,phv00204855
ARIC,phs000280,Condition,Conditions,hypertension,pht004064,phv00204856
ARIC,phs000280,Condition,Conditions,hypertension,pht004064,phv00204857
ARIC,phs000280,Condition,Conditions,hypertension,pht004102,phv00206804
ARIC,phs000280,Condition,Conditions,hypertension,pht004102,phv00206806
ARIC,phs000280,Condition,Conditions,hypertension,pht004103,phv00207064
ARIC,phs000280,Condition,Conditions,hypertension,pht004111,phv00207311
ARIC,phs000280,Condition,Conditions,hypertension,pht004145,phv00208966
ARIC,phs000280,Condition,Conditions,hypertension,pht006437,phv00296245
ARIC,phs000280,Condition,Conditions,hypertension,pht009479,phv00419903
ARIC,phs000280,Condition,Conditions,hypertension,pht012518,phv00507812
ARIC,phs000280,Condition,Conditions,hypertension,pht012813,phv00511966
ARIC,phs000280,Condition,Conditions,hypertension,pht012813,phv00511967
ARIC,phs000280,Condition,Conditions,hypertension,pht012813,phv00511968
ARIC,phs000280,Condition,Conditions,hypertension,pht012835,phv00516637
ARIC,phs000280,Condition,Conditions,hypertension,pht012839,phv00516820
ARIC,phs000280,Condition,Conditions,hypertension,pht012840,phv00516889
ARIC,phs000280,MeasurementObservation,Continuous variables,insulin_blood,pht004124,phv00207683
ARIC,phs000280,MeasurementObservation,Continuous variables,insulin_blood,pht004051,phv00203874
ARIC,phs000280,MeasurementObservation,Continuous variables,insulin_blood,pht004063,phv00204739
ARIC,phs000280,MeasurementObservation,Continuous variables,ldl,pht012511,phv00507552
ARIC,phs000280,MeasurementObservation,Continuous variables,ldl,pht012853,phv00519834
ARIC,phs000280,MeasurementObservation,Continuous variables,ldl,pht012814,phv00512071
ARIC,phs000280,MeasurementObservation,Continuous variables,ldl,pht012853,phv00519837
ARIC,phs000280,MeasurementObservation,Continuous variables,ldl,pht012504,phv00507332
ARIC,phs000280,MeasurementObservation,Continuous variables,ldl,pht012853,phv00519835
ARIC,phs000280,MeasurementObservation,Continuous variables,ldl,pht006444,phv00296694
ARIC,phs000280,MeasurementObservation,Continuous variables,ldl,pht004123,phv00207664
ARIC,phs000280,MeasurementObservation,Continuous variables,ldl,pht012815,phv00512247
ARIC,phs000280,MeasurementObservation,Continuous variables,ldl,pht004124,phv00207680
ARIC,phs000280,MeasurementObservation,Continuous variables,ldl,pht012853,phv00519838
ARIC,phs000280,MeasurementObservation,Continuous variables,ldl,pht012853,phv00519836
ARIC,phs000280,MeasurementObservation,Continuous variables,lympho_ct,pht006422,phv00294954
ARIC,phs000280,MeasurementObservation,Continuous variables,lympho_pct,pht004107,phv00207261
ARIC,phs000280,MeasurementObservation,Continuous variables,lympho_pct,pht004108,phv00207276
ARIC,phs000280,MeasurementObservation,Continuous variables,lympho_pct,pht006422,phv00294964
ARIC,phs000280,MeasurementObservation,Continuous variables,mch,pht004110,phv00207302
ARIC,phs000280,MeasurementObservation,Continuous variables,mch,pht004109,phv00207290
ARIC,phs000280,MeasurementObservation,Continuous variables,mch,pht006422,phv00294960
ARIC,phs000280,MeasurementObservation,Continuous variables,mchc,pht004110,phv00207303
ARIC,phs000280,MeasurementObservation,Continuous variables,mchc,pht012503,phv00507204
ARIC,phs000280,MeasurementObservation,Continuous variables,mchc,pht006422,phv00294961
ARIC,phs000280,MeasurementObservation,Continuous variables,mcv,pht012503,phv00507196
ARIC,phs000280,MeasurementObservation,Continuous variables,mcv,pht004108,phv00207282
ARIC,phs000280,MeasurementObservation,Continuous variables,mcv,pht004110,phv00207305
ARIC,phs000280,MeasurementObservation,Continuous variables,mcv,pht004109,phv00207293
ARIC,phs000280,MeasurementObservation,Continuous variables,mcv,pht006422,phv00294959
ARIC,phs000280,MeasurementObservation,Continuous variables,mn_art_pres,pht004102,phv00206929
ARIC,phs000280,MeasurementObservation,Continuous variables,monocyte_ncnc_bld,pht006422,phv00294968
ARIC,phs000280,MeasurementObservation,Continuous variables,neutro_pct,pht004108,phv00207274
ARIC,phs000280,MeasurementObservation,Continuous variables,neutro_pct,pht004107,phv00207259
ARIC,phs000280,MeasurementObservation,Continuous variables,nt_bnp,pht004053,phv00204193
ARIC,phs000280,MeasurementObservation,Continuous variables,nt_bnp,pht004053,phv00204192
ARIC,phs000280,MeasurementObservation,Continuous variables,nt_bnp,pht004102,phv00206950
ARIC,phs000280,MeasurementObservation,Continuous variables,nt_bnp,pht006444,phv00296698
ARIC,phs000280,MeasurementObservation,Continuous variables,nt_bnp,pht012853,phv00519839
ARIC,phs000280,MeasurementObservation,Continuous variables,nt_bnp,pht004102,phv00206951
ARIC,phs000280,MeasurementObservation,Continuous variables,nt_bnp,pht004053,phv00204190
ARIC,phs000280,MeasurementObservation,Continuous variables,nt_bnp,pht004102,phv00206949
ARIC,phs000280,MeasurementObservation,Continuous variables,nt_bnp,pht004053,phv00204194
ARIC,phs000280,MeasurementObservation,Continuous variables,nt_bnp,pht012853,phv00519840
ARIC,phs000280,Condition,Conditions,obesity,pht006415,phv00294619
ARIC,phs000280,MeasurementObservation,Continuous variables,pacem_stat,pht004067,phv00205047
ARIC,phs000280,MeasurementObservation,Continuous variables,pacem_stat,pht004102,phv00206911
ARIC,phs000280,MeasurementObservation,Continuous variables,pacem_stat,pht004128,phv00207815
ARIC,phs000280,Condition,Conditions,pad,pht004027,phv00202847
ARIC,phs000280,Condition,Conditions,pad,pht004028,phv00202856
ARIC,phs000280,Condition,Conditions,pad,pht004029,phv00202866
ARIC,phs000280,Condition,Conditions,pad,pht004027,phv00202848
ARIC,phs000280,Condition,Conditions,pad,pht004028,phv00202857
ARIC,phs000280,Condition,Conditions,pad,pht004029,phv00202867
ARIC,phs000280,Condition,Conditions,pad,pht004028,phv00202860
ARIC,phs000280,Condition,Conditions,pad,pht004029,phv00202871
ARIC,phs000280,Condition,Conditions,pad,pht004063,phv00204795
ARIC,phs000280,Condition,Conditions,pad,pht004063,phv00204796
ARIC,phs000280,Condition,Conditions,pad,pht004064,phv00204906
ARIC,phs000280,Condition,Conditions,pad,pht004064,phv00204907
ARIC,phs000280,Condition,Conditions,pad,pht004064,phv00204910
ARIC,phs000280,Condition,Conditions,pad,pht012813,phv00512021
ARIC,phs000280,Condition,Conditions,pad,pht012813,phv00512022
ARIC,phs000280,Condition,Conditions,pad,pht012813,phv00512026
ARIC,phs000280,Condition,Conditions,pad,pht012813,phv00512027
ARIC,phs000280,MeasurementObservation,Continuous variables,platelet_ct,pht006422,phv00294958
ARIC,phs000280,MeasurementObservation,Continuous variables,platelet_ct,pht004107,phv00207258
ARIC,phs000280,MeasurementObservation,Continuous variables,platelet_ct,pht004108,phv00207273
ARIC,phs000280,MeasurementObservation,Continuous variables,platelet_ct,pht012503,phv00507180
ARIC,phs000280,MeasurementObservation,Continuous variables,platelet_ct,pht004109,phv00207294
ARIC,phs000280,MeasurementObservation,Continuous variables,platelet_ct,pht004110,phv00207306
ARIC,phs000280,MeasurementObservation,Continuous variables,pmv,pht012503,phv00507212
ARIC,phs000280,MeasurementObservation,Continuous variables,pmv,pht006422,phv00294963
ARIC,phs000280,MeasurementObservation,Continuous variables,potassium,pht004051,phv00203864
ARIC,phs000280,MeasurementObservation,Continuous variables,potassium,pht012851,phv00519775
ARIC,phs000280,MeasurementObservation,Continuous variables,potassium,pht012503,phv00507115
ARIC,phs000280,MeasurementObservation,Continuous variables,potassium,pht004052,phv00203881
ARIC,phs000280,MeasurementObservation,Continuous variables,pr_ekg,pht004231,phv00215631
ARIC,phs000280,MeasurementObservation,Continuous variables,pr_ekg,pht004234,phv00216882
ARIC,phs000280,MeasurementObservation,Continuous variables,pr_ekg,pht006436,phv00295778
ARIC,phs000280,MeasurementObservation,Continuous variables,pr_ekg,pht004232,phv00216048
ARIC,phs000280,MeasurementObservation,Continuous variables,pr_ekg,pht004233,phv00216465
ARIC,phs000280,MeasurementObservation,Continuous variables,qrs_ekg,pht004231,phv00215632
ARIC,phs000280,MeasurementObservation,Continuous variables,qrs_ekg,pht004077,phv00205780
ARIC,phs000280,MeasurementObservation,Continuous variables,qrs_ekg,pht012823,phv00515036
ARIC,phs000280,MeasurementObservation,Continuous variables,qrs_ekg,pht004072,phv00205506
ARIC,phs000280,MeasurementObservation,Continuous variables,qrs_ekg,pht006436,phv00295779
ARIC,phs000280,MeasurementObservation,Continuous variables,qrs_ekg,pht012821,phv00513385
ARIC,phs000280,MeasurementObservation,Continuous variables,qrs_ekg,pht004073,phv00205565
ARIC,phs000280,MeasurementObservation,Continuous variables,qrs_ekg,pht004074,phv00205595
ARIC,phs000280,MeasurementObservation,Continuous variables,qrs_ekg,pht004232,phv00216049
ARIC,phs000280,MeasurementObservation,Continuous variables,qrs_ekg,pht012824,phv00515862
ARIC,phs000280,MeasurementObservation,Continuous variables,qrs_ekg,pht004233,phv00216466
ARIC,phs000280,MeasurementObservation,Continuous variables,qrs_ekg,pht004071,phv00205437
ARIC,phs000280,MeasurementObservation,Continuous variables,qrs_ekg,pht004078,phv00205843
ARIC,phs000280,MeasurementObservation,Continuous variables,qrs_ekg,pht004234,phv00216883
ARIC,phs000280,MeasurementObservation,Continuous variables,qrs_ekg,pht012822,phv00514210
ARIC,phs000280,MeasurementObservation,Continuous variables,qrs_ekg,pht004075,phv00205649
ARIC,phs000280,MeasurementObservation,Continuous variables,qrs_ekg,pht004076,phv00205723
ARIC,phs000280,MeasurementObservation,Continuous variables,qt_ekg,pht004231,phv00215633
ARIC,phs000280,MeasurementObservation,Continuous variables,qt_ekg,pht004234,phv00216884
ARIC,phs000280,MeasurementObservation,Continuous variables,qt_ekg,pht004232,phv00216050
ARIC,phs000280,MeasurementObservation,Continuous variables,qt_ekg,pht006436,phv00295780
ARIC,phs000280,MeasurementObservation,Continuous variables,qt_ekg,pht004233,phv00216467
ARIC,phs000280,MeasurementObservation,Continuous variables,qt_ekg,pht004080,phv00205943
ARIC,phs000280,MeasurementObservation,Continuous variables,rdbld_ct,pht006422,phv00294955
ARIC,phs000280,MeasurementObservation,Continuous variables,rdbld_ct,pht004109,phv00207287
ARIC,phs000280,MeasurementObservation,Continuous variables,rdbld_ct,pht004110,phv00207299
ARIC,phs000280,MeasurementObservation,Continuous variables,rdw,pht006422,phv00294962
ARIC,phs000280,MeasurementObservation,Continuous variables,rdw,pht012503,phv00507208
ARIC,phs000280,MeasurementObservation,Continuous variables,rdw,pht004109,phv00207292
ARIC,phs000280,MeasurementObservation,Continuous variables,rdw,pht004110,phv00207304
ARIC,phs000280,MeasurementObservation,Continuous variables,sleep_duration_daily,pht006479,phv00298019
ARIC,phs000280,MeasurementObservation,Continuous variables,sodium_blood,pht004102,phv00206958
ARIC,phs000280,MeasurementObservation,Continuous variables,sodium_blood,pht004102,phv00206959
ARIC,phs000280,MeasurementObservation,Continuous variables,sodium_blood,pht012851,phv00519776
ARIC,phs000280,MeasurementObservation,Continuous variables,sodium_blood,pht004051,phv00203863
ARIC,phs000280,MeasurementObservation,Continuous variables,sodium_blood,pht004052,phv00203880
ARIC,phs000280,MeasurementObservation,Continuous variables,sodium_intak,pht004139,phv00208588
ARIC,phs000280,MeasurementObservation,Continuous variables,sodium_intak,pht004036,phv00203258
ARIC,phs000280,MeasurementObservation,Continuous variables,sodium_intak,pht004137,phv00208361
ARIC,phs000280,MeasurementObservation,Continuous variables,fvc,pht004142,phv00208817
ARIC,phs000280,MeasurementObservation,Continuous variables,fev1,pht004142,phv00208819
ARIC,phs000280,MeasurementObservation,Continuous variables,fev1_fvc,pht004142,phv00208824
ARIC,phs000280,MeasurementObservation,Continuous variables,fvc,pht012835,phv00516615
ARIC,phs000280,MeasurementObservation,Continuous variables,fev1,pht012835,phv00516617
ARIC,phs000280,MeasurementObservation,Continuous variables,fev1_fvc,pht012835,phv00516622
ARIC,phs000280,MeasurementObservation,Continuous variables,fvc,pht006467,phv00297568
ARIC,phs000280,MeasurementObservation,Continuous variables,fev1,pht006467,phv00297572
ARIC,phs000280,MeasurementObservation,Continuous variables,fvc,pht006468,phv00297614
ARIC,phs000280,MeasurementObservation,Continuous variables,fev1,pht006468,phv00297618
ARIC,phs000280,Condition,Conditions,stroke,pht004047,phv00203754
ARIC,phs000280,Condition,Conditions,stroke,pht004047,phv00203755
ARIC,phs000280,Condition,Conditions,stroke,pht004047,phv00203756
ARIC,phs000280,Condition,Conditions,stroke,pht004047,phv00203757
ARIC,phs000280,Condition,Conditions,stroke,pht004047,phv00203758
ARIC,phs000280,Condition,Conditions,stroke,pht004047,phv00203794
ARIC,phs000280,Condition,Conditions,stroke,pht004047,phv00203795
ARIC,phs000280,Condition,Conditions,stroke,pht004053,phv00203941
ARIC,phs000280,Condition,Conditions,stroke,pht004053,phv00203984
ARIC,phs000280,Condition,Conditions,stroke,pht004053,phv00203985
ARIC,phs000280,Condition,Conditions,stroke,pht004054,phv00204310
ARIC,phs000280,Condition,Conditions,stroke,pht004054,phv00204311
ARIC,phs000280,Condition,Conditions,stroke,pht004054,phv00204347
ARIC,phs000280,Condition,Conditions,stroke,pht004061,phv00204458
ARIC,phs000280,Condition,Conditions,stroke,pht004064,phv00204912
ARIC,phs000280,Condition,Conditions,stroke,pht004100,phv00206672
ARIC,phs000280,Condition,Conditions,stroke,pht004100,phv00206673
ARIC,phs000280,Condition,Conditions,stroke,pht004100,phv00206674
ARIC,phs000280,Condition,Conditions,stroke,pht004102,phv00206814
ARIC,phs000280,Condition,Conditions,stroke,pht004102,phv00206998
ARIC,phs000280,Condition,Conditions,stroke,pht004102,phv00207025
ARIC,phs000280,Condition,Conditions,stroke,pht004111,phv00207314
ARIC,phs000280,Condition,Conditions,stroke,pht004197,phv00210399
ARIC,phs000280,Condition,Conditions,stroke,pht004197,phv00210400
ARIC,phs000280,Condition,Conditions,stroke,pht004197,phv00210401
ARIC,phs000280,Condition,Conditions,stroke,pht004197,phv00210402
ARIC,phs000280,Condition,Conditions,stroke,pht004197,phv00210403
ARIC,phs000280,Condition,Conditions,stroke,pht004197,phv00210404
ARIC,phs000280,Condition,Conditions,stroke,pht004197,phv00210405
ARIC,phs000280,Condition,Conditions,stroke,pht004197,phv00210406
ARIC,phs000280,Condition,Conditions,stroke,pht004197,phv00210407
ARIC,phs000280,Condition,Conditions,stroke,pht004197,phv00210408
ARIC,phs000280,Condition,Conditions,stroke,pht004197,phv00210409
ARIC,phs000280,Condition,Conditions,stroke,pht004197,phv00210410
ARIC,phs000280,Condition,Conditions,stroke,pht004198,phv00210418
ARIC,phs000280,Condition,Conditions,stroke,pht004198,phv00210419
ARIC,phs000280,Condition,Conditions,stroke,pht004198,phv00210420
ARIC,phs000280,Condition,Conditions,stroke,pht004198,phv00210421
ARIC,phs000280,Condition,Conditions,stroke,pht004198,phv00210422
ARIC,phs000280,Condition,Conditions,stroke,pht004198,phv00210423
ARIC,phs000280,Condition,Conditions,stroke,pht004198,phv00210424
ARIC,phs000280,Condition,Conditions,stroke,pht004198,phv00210425
ARIC,phs000280,Condition,Conditions,stroke,pht004198,phv00210426
ARIC,phs000280,Condition,Conditions,stroke,pht004198,phv00210427
ARIC,phs000280,Condition,Conditions,stroke,pht004198,phv00210428
ARIC,phs000280,Condition,Conditions,stroke,pht004198,phv00210429
ARIC,phs000280,Condition,Conditions,stroke,pht004199,phv00210437
ARIC,phs000280,Condition,Conditions,stroke,pht004199,phv00210438
ARIC,phs000280,Condition,Conditions,stroke,pht004199,phv00210439
ARIC,phs000280,Condition,Conditions,stroke,pht004199,phv00210440
ARIC,phs000280,Condition,Conditions,stroke,pht004199,phv00210441
ARIC,phs000280,Condition,Conditions,stroke,pht004199,phv00210442
ARIC,phs000280,Condition,Conditions,stroke,pht004199,phv00210443
ARIC,phs000280,Condition,Conditions,stroke,pht004199,phv00210444
ARIC,phs000280,Condition,Conditions,stroke,pht004199,phv00210445
ARIC,phs000280,Condition,Conditions,stroke,pht004199,phv00210446
ARIC,phs000280,Condition,Conditions,stroke,pht004199,phv00210447
ARIC,phs000280,Condition,Conditions,stroke,pht004200,phv00210456
ARIC,phs000280,Condition,Conditions,stroke,pht004200,phv00210457
ARIC,phs000280,Condition,Conditions,stroke,pht004200,phv00210458
ARIC,phs000280,Condition,Conditions,stroke,pht004200,phv00210459
ARIC,phs000280,Condition,Conditions,stroke,pht004200,phv00210460
ARIC,phs000280,Condition,Conditions,stroke,pht004200,phv00210461
ARIC,phs000280,Condition,Conditions,stroke,pht004200,phv00210462
ARIC,phs000280,Condition,Conditions,stroke,pht004200,phv00210463
ARIC,phs000280,Condition,Conditions,stroke,pht004200,phv00210464
ARIC,phs000280,Condition,Conditions,stroke,pht004200,phv00210465
ARIC,phs000280,Condition,Conditions,stroke,pht004200,phv00210466
ARIC,phs000280,Condition,Conditions,stroke,pht004200,phv00210467
ARIC,phs000280,Condition,Conditions,stroke,pht004201,phv00210471
ARIC,phs000280,Condition,Conditions,stroke,pht004202,phv00210597
ARIC,phs000280,Condition,Conditions,stroke,pht004203,phv00210786
ARIC,phs000280,Condition,Conditions,stroke,pht004204,phv00210840
ARIC,phs000280,Condition,Conditions,stroke,pht006416,phv00294651
ARIC,phs000280,Condition,Conditions,stroke,pht006434,phv00295741
ARIC,phs000280,Condition,Conditions,stroke,pht006441,phv00296601
ARIC,phs000280,Condition,Conditions,stroke,pht006457,phv00297378
ARIC,phs000280,Condition,Conditions,stroke,pht006443,phv00506140
ARIC,phs000280,Condition,Conditions,stroke,pht006443,phv00506141
ARIC,phs000280,Condition,Conditions,stroke,pht006443,phv00506142
ARIC,phs000280,Condition,Conditions,stroke,pht006443,phv00506143
ARIC,phs000280,Condition,Conditions,stroke,pht006443,phv00506160
ARIC,phs000280,Condition,Conditions,stroke,pht012504,phv00507338
ARIC,phs000280,Condition,Conditions,stroke,pht012504,phv00507409
ARIC,phs000280,Condition,Conditions,stroke,pht012518,phv00507819
ARIC,phs000280,Condition,Conditions,stroke,pht012813,phv00512029
ARIC,phs000280,Condition,Conditions,stroke,pht012814,phv00512124
ARIC,phs000280,Condition,Conditions,stroke,pht012814,phv00512127
ARIC,phs000280,Condition,Conditions,stroke,pht012815,phv00512290
ARIC,phs000280,Condition,Conditions,stroke,pht012815,phv00512397
ARIC,phs000280,Condition,Conditions,stroke,pht012816,phv00512446
ARIC,phs000280,Condition,Conditions,stroke,pht012839,phv00516827
ARIC,phs000280,Condition,Conditions,stroke,pht012840,phv00516896
ARIC,phs000280,MeasurementObservation,Continuous variables,tot_chol_bld,pht012853,phv00519812
ARIC,phs000280,MeasurementObservation,Continuous variables,tot_chol_bld,pht006444,phv00296691
ARIC,phs000280,MeasurementObservation,Continuous variables,tot_chol_bld,pht012511,phv00507549
ARIC,phs000280,MeasurementObservation,Continuous variables,tot_chol_bld,pht004121,phv00207635
ARIC,phs000280,MeasurementObservation,Continuous variables,tot_chol_bld,pht012853,phv00519814
ARIC,phs000280,MeasurementObservation,Continuous variables,tot_chol_bld,pht012853,phv00519813
ARIC,phs000280,MeasurementObservation,Continuous variables,tot_chol_bld,pht012853,phv00519816
ARIC,phs000280,MeasurementObservation,Continuous variables,tot_chol_bld,pht012853,phv00519815
ARIC,phs000280,MeasurementObservation,Continuous variables,tot_chol_bld,pht004064,phv00204875
ARIC,phs000280,MeasurementObservation,Continuous variables,tot_chol_bld,pht012814,phv00512073
ARIC,phs000280,MeasurementObservation,Continuous variables,tot_chol_bld,pht012504,phv00507328
ARIC,phs000280,MeasurementObservation,Continuous variables,tot_chol_bld,pht012813,phv00511986
ARIC,phs000280,MeasurementObservation,Continuous variables,tot_chol_bld,pht004063,phv00204735
ARIC,phs000280,MeasurementObservation,Continuous variables,tot_chol_bld,pht012815,phv00512243
ARIC,phs000280,MeasurementObservation,Continuous variables,triglyc_bld,pht004123,phv00207661
ARIC,phs000280,MeasurementObservation,Continuous variables,triglyc_bld,pht004121,phv00207636
ARIC,phs000280,MeasurementObservation,Continuous variables,triglyc_bld,pht012511,phv00507551
ARIC,phs000280,MeasurementObservation,Continuous variables,triglyc_bld,pht004124,phv00207676
ARIC,phs000280,MeasurementObservation,Continuous variables,triglyc_bld,pht004122,phv00207649
ARIC,phs000280,MeasurementObservation,Continuous variables,triglyc_bld,pht006444,phv00296692
ARIC,phs000280,MeasurementObservation,Continuous variables,triglyc_bld,pht012814,phv00512076
ARIC,phs000280,MeasurementObservation,Continuous variables,triglyc_bld,pht012813,phv00511989
ARIC,phs000280,MeasurementObservation,Continuous variables,triglyc_bld,pht004063,phv00204738
ARIC,phs000280,MeasurementObservation,Continuous variables,triglyc_bld,pht012504,phv00507331
ARIC,phs000280,MeasurementObservation,Continuous variables,triglyc_bld,pht004064,phv00204877
ARIC,phs000280,MeasurementObservation,Continuous variables,triglyc_bld,pht012815,phv00512246
ARIC,phs000280,MeasurementObservation,Continuous variables,troponin,pht006444,phv00296697
ARIC,phs000280,MeasurementObservation,Continuous variables,troponin,pht004102,phv00206956
ARIC,phs000280,MeasurementObservation,Continuous variables,troponin,pht004102,phv00206954
ARIC,phs000280,MeasurementObservation,Continuous variables,troponin,pht004102,phv00206953
ARIC,phs000280,MeasurementObservation,Continuous variables,troponin,pht004102,phv00206957
ARIC,phs000280,MeasurementObservation,Continuous variables,troponin,pht004102,phv00206952
ARIC,phs000280,MeasurementObservation,Continuous variables,troponin,pht004102,phv00206955
ARIC,phs000280,MeasurementObservation,Continuous variables,troponin,pht012853,phv00519841
ARIC,phs000280,MeasurementObservation,Continuous variables,troponin,pht012853,phv00519842
ARIC,phs000280,MeasurementObservation,Continuous variables,vege_serving,pht004070,phv00205297
ARIC,phs000280,MeasurementObservation,Continuous variables,vege_serving,pht004070,phv00205295
ARIC,phs000280,MeasurementObservation,Continuous variables,vege_serving,pht004070,phv00205298
ARIC,phs000280,MeasurementObservation,Continuous variables,vege_serving,pht004068,phv00205080
ARIC,phs000280,MeasurementObservation,Continuous variables,vege_serving,pht004069,phv00205205
ARIC,phs000280,MeasurementObservation,Continuous variables,vege_serving,pht004068,phv00205075
ARIC,phs000280,MeasurementObservation,Continuous variables,vege_serving,pht004068,phv00205079
ARIC,phs000280,MeasurementObservation,Continuous variables,vege_serving,pht004068,phv00205084
ARIC,phs000280,MeasurementObservation,Continuous variables,vege_serving,pht004068,phv00205074
ARIC,phs000280,MeasurementObservation,Continuous variables,vege_serving,pht004070,phv00205301
ARIC,phs000280,MeasurementObservation,Continuous variables,vege_serving,pht004069,phv00205203
ARIC,phs000280,MeasurementObservation,Continuous variables,vege_serving,pht004069,phv00205197
ARIC,phs000280,MeasurementObservation,Continuous variables,vege_serving,pht004069,phv00205199
ARIC,phs000280,MeasurementObservation,Continuous variables,vege_serving,pht004070,phv00205303
ARIC,phs000280,MeasurementObservation,Continuous variables,vege_serving,pht004069,phv00205198
ARIC,phs000280,MeasurementObservation,Continuous variables,vege_serving,pht004070,phv00205296
ARIC,phs000280,MeasurementObservation,Continuous variables,vege_serving,pht004068,phv00205081
ARIC,phs000280,MeasurementObservation,Continuous variables,vege_serving,pht004068,phv00205083
ARIC,phs000280,MeasurementObservation,Continuous variables,vege_serving,pht004068,phv00205078
ARIC,phs000280,MeasurementObservation,Continuous variables,vege_serving,pht004070,phv00205304
ARIC,phs000280,MeasurementObservation,Continuous variables,vege_serving,pht004068,phv00205077
ARIC,phs000280,MeasurementObservation,Continuous variables,vege_serving,pht004070,phv00205300
ARIC,phs000280,MeasurementObservation,Continuous variables,vege_serving,pht004068,phv00205076
ARIC,phs000280,MeasurementObservation,Continuous variables,vege_serving,pht004069,phv00205201
ARIC,phs000280,MeasurementObservation,Continuous variables,vege_serving,pht004069,phv00205200
ARIC,phs000280,MeasurementObservation,Continuous variables,vege_serving,pht004069,phv00205195
ARIC,phs000280,MeasurementObservation,Continuous variables,vege_serving,pht004070,phv00205294
ARIC,phs000280,MeasurementObservation,Continuous variables,vege_serving,pht004069,phv00205202
ARIC,phs000280,MeasurementObservation,Continuous variables,vege_serving,pht004070,phv00205299
ARIC,phs000280,MeasurementObservation,Continuous variables,vege_serving,pht004069,phv00205204
ARIC,phs000280,MeasurementObservation,Continuous variables,vege_serving,pht004070,phv00205302
ARIC,phs000280,MeasurementObservation,Continuous variables,vege_serving,pht004068,phv00205082
ARIC,phs000280,MeasurementObservation,Continuous variables,vege_serving,pht004069,phv00205196
ARIC,phs000280,Condition,Conditions,ven_thromb,pht004053,phv00203940
ARIC,phs000280,Condition,Conditions,ven_thromb,pht004102,phv00206786
ARIC,phs000280,Condition,Conditions,ven_thromb,pht004102,phv00207017
ARIC,phs000280,Condition,Conditions,ven_thromb,pht004125,phv00207698
ARIC,phs000280,Condition,Conditions,ven_thromb,pht004125,phv00207699
ARIC,phs000280,Condition,Conditions,ven_thromb,pht006416,phv00294793
ARIC,phs000280,MeasurementObservation,Continuous variables,waist_circ,pht004034,phv00203177
ARIC,phs000280,MeasurementObservation,Continuous variables,waist_circ,pht004033,phv00203171
ARIC,phs000280,MeasurementObservation,Continuous variables,waist_circ,pht004035,phv00203188
ARIC,phs000280,MeasurementObservation,Continuous variables,waist_circ,pht004032,phv00203159
ARIC,phs000280,MeasurementObservation,Continuous variables,waist_circ,pht006419,phv00294845
ARIC,phs000280,MeasurementObservation,Continuous variables,waist_hip,pht012504,phv00507315
ARIC,phs000280,MeasurementObservation,Continuous variables,waist_hip,pht012814,phv00512059
ARIC,phs000280,MeasurementObservation,Continuous variables,waist_hip,pht012815,phv00512232
ARIC,phs000280,MeasurementObservation,Continuous variables,waist_hip,pht012813,phv00511974
ARIC,phs000280,MeasurementObservation,Continuous variables,waist_hip,pht004063,phv00204723
ARIC,phs000280,MeasurementObservation,Continuous variables,waist_hip,pht004064,phv00204872
ARIC,phs000280,MeasurementObservation,Continuous variables,whtbld_ct,pht004108,phv00207272
ARIC,phs000280,MeasurementObservation,Continuous variables,whtbld_ct,pht006422,phv00294954
ARIC,phs000280,MeasurementObservation,Continuous variables,whtbld_ct,pht004107,phv00207257
ARIC,phs000280,MeasurementObservation,Continuous variables,whtbld_ct,pht004110,phv00207298
ARIC,phs000280,MeasurementObservation,Continuous variables,whtbld_ct,pht004109,phv00207286
ARIC,phs000280,MeasurementObservation,Continuous variables,whtbld_ct,pht012503,phv00507184
ARIC,phs000280,MeasurementObservation,Continuous variables,willeb_fac,pht004098,phv00206654
CARDIA,phs000285,MeasurementObservation,Continuous variables,albumin_bld,pht001557,phv00112409
CARDIA,phs000285,MeasurementObservation,Continuous variables,albumin_creatinine,pht001849,phv00120679
CARDIA,phs000285,MeasurementObservation,Continuous variables,albumin_creatinine,pht001803,phv00119620
CARDIA,phs000285,MeasurementObservation,Continuous variables,albumin_urine,pht001849,phv00120678
CARDIA,phs000285,MeasurementObservation,Continuous variables,albumin_urine,pht001803,phv00119618
CARDIA,phs000285,MeasurementObservation,Continuous variables,alcohol_servings,pht001568,phv00112962
CARDIA,phs000285,MeasurementObservation,Continuous variables,alcohol_servings,pht001568,phv00112961
CARDIA,phs000285,MeasurementObservation,Continuous variables,alcohol_servings,pht001568,phv00112960
CARDIA,phs000285,MeasurementObservation,Continuous variables,alcohol_servings,pht001655,phv00115417
CARDIA,phs000285,MeasurementObservation,Continuous variables,alcohol_servings,pht001655,phv00115418
CARDIA,phs000285,MeasurementObservation,Continuous variables,alcohol_servings,pht001655,phv00115419
CARDIA,phs000285,MeasurementObservation,Continuous variables,alcohol_servings,pht001760,phv00118418
CARDIA,phs000285,MeasurementObservation,Continuous variables,alcohol_servings,pht001760,phv00118419
CARDIA,phs000285,MeasurementObservation,Continuous variables,alcohol_servings,pht001760,phv00118420
CARDIA,phs000285,MeasurementObservation,Continuous variables,alcohol_servings,pht001600,phv00114307
CARDIA,phs000285,MeasurementObservation,Continuous variables,alcohol_servings,pht001600,phv00114308
CARDIA,phs000285,MeasurementObservation,Continuous variables,alcohol_servings,pht001600,phv00114309
CARDIA,phs000285,MeasurementObservation,Continuous variables,alcohol_servings,pht001714,phv00116947
CARDIA,phs000285,MeasurementObservation,Continuous variables,alcohol_servings,pht001714,phv00116948
CARDIA,phs000285,MeasurementObservation,Continuous variables,alcohol_servings,pht001714,phv00116949
CARDIA,phs000285,MeasurementObservation,Continuous variables,alcohol_servings,pht001565,phv00112862
CARDIA,phs000285,MeasurementObservation,Continuous variables,alcohol_servings,pht001565,phv00112863
CARDIA,phs000285,MeasurementObservation,Continuous variables,alcohol_servings,pht001565,phv00112864
CARDIA,phs000285,MeasurementObservation,Continuous variables,alcohol_servings,pht001565,phv00112865
CARDIA,phs000285,MeasurementObservation,Continuous variables,alcohol_servings,pht001712,phv00116914
CARDIA,phs000285,MeasurementObservation,Continuous variables,alcohol_servings,pht001712,phv00116915
CARDIA,phs000285,MeasurementObservation,Continuous variables,alcohol_servings,pht001712,phv00116916
CARDIA,phs000285,MeasurementObservation,Continuous variables,alcohol_servings,pht001712,phv00116917
CARDIA,phs000285,Condition,Conditions,angina,pht001570,phv00113027
CARDIA,phs000285,Condition,Conditions,angina,pht001570,phv00113029
CARDIA,phs000285,Condition,Conditions,angina,pht001607,phv00114392
CARDIA,phs000285,Condition,Conditions,angina,pht001607,phv00114394
CARDIA,phs000285,Condition,Conditions,angina,pht001656,phv00115431
CARDIA,phs000285,Condition,Conditions,angina,pht001715,phv00116962
CARDIA,phs000285,Condition,Conditions,angina,pht001749,phv00117945
CARDIA,phs000285,Condition,Conditions,angina,pht001749,phv00117972
CARDIA,phs000285,Condition,Conditions,angina,pht001761,phv00118436
CARDIA,phs000285,Condition,Conditions,angina,pht001811,phv00119810
CARDIA,phs000285,Condition,Conditions,angina,pht001869,phv00121291
CARDIA,phs000285,Condition,Conditions,angina,pht001869,phv00121292
CARDIA,phs000285,Condition,Conditions,angina,pht001869,phv00121293
CARDIA,phs000285,Condition,Conditions,angina,pht001869,phv00121294
CARDIA,phs000285,Condition,Conditions,angina,pht001869,phv00121295
CARDIA,phs000285,Condition,Conditions,angina,pht001869,phv00121297
CARDIA,phs000285,Condition,Conditions,angina,pht001869,phv00121298
CARDIA,phs000285,Condition,Conditions,angina,pht001869,phv00121299
CARDIA,phs000285,Condition,Conditions,angina,pht001871,phv00121508
CARDIA,phs000285,Condition,Conditions,angina,pht001871,phv00121509
CARDIA,phs000285,Condition,Conditions,angina,pht001871,phv00121510
CARDIA,phs000285,Condition,Conditions,angina,pht001871,phv00121511
CARDIA,phs000285,Condition,Conditions,angina,pht001871,phv00121512
CARDIA,phs000285,Condition,Conditions,angina,pht001871,phv00121514
CARDIA,phs000285,Condition,Conditions,angina,pht001871,phv00121515
CARDIA,phs000285,Condition,Conditions,angina,pht001871,phv00121516
CARDIA,phs000285,Condition,Conditions,angina,pht001871,phv00121517
CARDIA,phs000285,MeasurementObservation,Continuous variables,ast_sgot,pht001557,phv00112406
CARDIA,phs000285,Condition,Conditions,asthma,pht001575,phv00113384
CARDIA,phs000285,Condition,Conditions,asthma,pht001575,phv00113385
CARDIA,phs000285,Condition,Conditions,asthma,pht001575,phv00113386
CARDIA,phs000285,Condition,Conditions,asthma,pht001584,phv00113666
CARDIA,phs000285,Condition,Conditions,asthma,pht001626,phv00114600
CARDIA,phs000285,Condition,Conditions,asthma,pht001626,phv00114601
CARDIA,phs000285,Condition,Conditions,asthma,pht001626,phv00114602
CARDIA,phs000285,Condition,Conditions,asthma,pht001715,phv00117045
CARDIA,phs000285,Condition,Conditions,asthma,pht001715,phv00117047
CARDIA,phs000285,Condition,Conditions,asthma,pht001721,phv00117253
CARDIA,phs000285,Condition,Conditions,asthma,pht001761,phv00118519
CARDIA,phs000285,Condition,Conditions,asthma,pht001761,phv00118521
CARDIA,phs000285,Condition,Conditions,asthma,pht001811,phv00119892
CARDIA,phs000285,Condition,Conditions,asthma,pht001811,phv00119905
CARDIA,phs000285,Condition,Conditions,asthma,pht001869,phv00121364
CARDIA,phs000285,Condition,Conditions,asthma,pht001869,phv00121365
CARDIA,phs000285,Condition,Conditions,asthma,pht001869,phv00121366
CARDIA,phs000285,Condition,Conditions,asthma,pht001869,phv00121367
CARDIA,phs000285,Condition,Conditions,asthma,pht001870,phv00121468
CARDIA,phs000285,Condition,Conditions,asthma,pht001871,phv00121583
CARDIA,phs000285,Condition,Conditions,asthma,pht001871,phv00121584
CARDIA,phs000285,Condition,Conditions,asthma,pht001871,phv00121585
CARDIA,phs000285,Condition,Conditions,asthma,pht001871,phv00121586
CARDIA,phs000285,MeasurementObservation,Continuous variables,basophil_ncnc_bld,pht003298,phv00190611
CARDIA,phs000285,MeasurementObservation,Continuous variables,bdy_hgt,pht001781,phv00118957
CARDIA,phs000285,MeasurementObservation,Continuous variables,bdy_hgt,pht001626,phv00114609
CARDIA,phs000285,MeasurementObservation,Continuous variables,bdy_hgt,pht001667,phv00115704
CARDIA,phs000285,MeasurementObservation,Continuous variables,bdy_hgt,pht001795,phv00119506
CARDIA,phs000285,MeasurementObservation,Continuous variables,bdy_hgt,pht001857,phv00120994
CARDIA,phs000285,MeasurementObservation,Continuous variables,bdy_hgt,pht001671,phv00115856
CARDIA,phs000285,MeasurementObservation,Continuous variables,bdy_hgt,pht001632,phv00114829
CARDIA,phs000285,MeasurementObservation,Continuous variables,bdy_hgt,pht001706,phv00116480
CARDIA,phs000285,MeasurementObservation,Continuous variables,bdy_hgt,pht001720,phv00117230
CARDIA,phs000285,MeasurementObservation,Continuous variables,bdy_hgt,pht001755,phv00118136
CARDIA,phs000285,MeasurementObservation,Continuous variables,bdy_hgt,pht001785,phv00119093
CARDIA,phs000285,MeasurementObservation,Continuous variables,bdy_hgt,pht001583,phv00113634
CARDIA,phs000285,MeasurementObservation,Continuous variables,bdy_hgt,pht001756,phv00118250
CARDIA,phs000285,MeasurementObservation,Continuous variables,bdy_wgt,pht001671,phv00115857
CARDIA,phs000285,MeasurementObservation,Continuous variables,bdy_wgt,pht001790,phv00119262
CARDIA,phs000285,MeasurementObservation,Continuous variables,bdy_wgt,pht001749,phv00117926
CARDIA,phs000285,MeasurementObservation,Continuous variables,bdy_wgt,pht001725,phv00117443
CARDIA,phs000285,MeasurementObservation,Continuous variables,bdy_wgt,pht001785,phv00119094
CARDIA,phs000285,MeasurementObservation,Continuous variables,bdy_wgt,pht001857,phv00120996
CARDIA,phs000285,MeasurementObservation,Continuous variables,bdy_wgt,pht001720,phv00117231
CARDIA,phs000285,MeasurementObservation,Continuous variables,bdy_wgt,pht001795,phv00119573
CARDIA,phs000285,MeasurementObservation,Continuous variables,bdy_wgt,pht001725,phv00117442
CARDIA,phs000285,MeasurementObservation,Continuous variables,bdy_wgt,pht001632,phv00114831
CARDIA,phs000285,MeasurementObservation,Continuous variables,bdy_wgt,pht001790,phv00119261
CARDIA,phs000285,MeasurementObservation,Continuous variables,bdy_wgt,pht001583,phv00113635
CARDIA,phs000285,MeasurementObservation,Continuous variables,bdy_wgt,pht001706,phv00116479
CARDIA,phs000285,MeasurementObservation,Continuous variables,bilirubin_tot,pht001557,phv00112405
CARDIA,phs000285,MeasurementObservationSet,Continuous variables,blood_pressure,pht001560,phv00112494
CARDIA,phs000285,MeasurementObservationSet,Continuous variables,blood_pressure,pht001560,phv00112495
CARDIA,phs000285,MeasurementObservationSet,Continuous variables,blood_pressure,pht001650,phv00115204
CARDIA,phs000285,MeasurementObservationSet,Continuous variables,blood_pressure,pht001650,phv00115205
CARDIA,phs000285,MeasurementObservation,Continuous variables,bmi,pht001583,phv00113661
CARDIA,phs000285,MeasurementObservation,Continuous variables,bmi,pht001671,phv00115869
CARDIA,phs000285,MeasurementObservation,Continuous variables,bmi,pht001720,phv00117249
CARDIA,phs000285,MeasurementObservation,Continuous variables,bmi,pht001785,phv00119120
CARDIA,phs000285,MeasurementObservation,Continuous variables,bmi,pht001857,phv00121003
CARDIA,phs000285,MeasurementObservation,Continuous variables,bmi,pht003298,phv00190563
CARDIA,phs000285,MeasurementObservation,Continuous variables,bmi,pht001632,phv00114862
CARDIA,phs000285,MeasurementObservation,Continuous variables,bnp,pht001674,phv00115951
CARDIA,phs000285,MeasurementObservation,Continuous variables,cac_score,pht003298,phv00190613
CARDIA,phs000285,MeasurementObservation,Continuous variables,cac_score,pht001754,phv00118019
CARDIA,phs000285,MeasurementObservation,Continuous variables,cac_score,pht001854,phv00120784
CARDIA,phs000285,MeasurementObservation,Continuous variables,cac_score,pht001854,phv00120785
CARDIA,phs000285,MeasurementObservation,Continuous variables,cac_score,pht001854,phv00120786
CARDIA,phs000285,MeasurementObservation,Continuous variables,cac_score,pht001854,phv00120787
CARDIA,phs000285,MeasurementObservation,Continuous variables,cac_score,pht001854,phv00120812
CARDIA,phs000285,MeasurementObservation,Continuous variables,cac_score,pht001854,phv00120813
CARDIA,phs000285,Condition,Conditions,carotid_plaque,pht001754,phv00118020
CARDIA,phs000285,MeasurementObservation,Continuous variables,cesd_score,pht001676,phv00116000
CARDIA,phs000285,MeasurementObservation,Continuous variables,cesd_score,pht001788,phv00119231
CARDIA,phs000285,MeasurementObservation,Continuous variables,cesd_score,pht001824,phv00120325
CARDIA,phs000285,Condition,Conditions,chd,pht001869,phv00121263
CARDIA,phs000285,Condition,Conditions,chd,pht001869,phv00121288
CARDIA,phs000285,Condition,Conditions,chd,pht001870,phv00121461
CARDIA,phs000285,Condition,Conditions,chd,pht001871,phv00121479
CARDIA,phs000285,Condition,Conditions,chd,pht001871,phv00121505
CARDIA,phs000285,Condition,Conditions,chf,pht001570,phv00113052
CARDIA,phs000285,Condition,Conditions,chf,pht001869,phv00121265
CARDIA,phs000285,Condition,Conditions,chf,pht001870,phv00121462
CARDIA,phs000285,Condition,Conditions,chf,pht001871,phv00121481
CARDIA,phs000285,Condition,Conditions,chr_bronchitis,pht001575,phv00113376
CARDIA,phs000285,Condition,Conditions,chr_bronchitis,pht001575,phv00113377
CARDIA,phs000285,Condition,Conditions,chr_bronchitis,pht001575,phv00113378
CARDIA,phs000285,Condition,Conditions,chr_bronchitis,pht001715,phv00117056
CARDIA,phs000285,Condition,Conditions,chr_bronchitis,pht001761,phv00118536
CARDIA,phs000285,Condition,Conditions,chr_bronchitis,pht001811,phv00119915
CARDIA,phs000285,Condition,Conditions,chr_bronchitis,pht003298,phv00190625
CARDIA,phs000285,Observation,Continuous variables,cig_smok,pht001572,phv00113168
CARDIA,phs000285,Observation,Continuous variables,cig_smok,pht001573,phv00113224
CARDIA,phs000285,Condition,Conditions,copd,pht003298,phv00190627
CARDIA,phs000285,MeasurementObservation,Continuous variables,creat_bld,pht001753,phv00118008
CARDIA,phs000285,MeasurementObservation,Continuous variables,creat_bld,pht001807,phv00119692
CARDIA,phs000285,MeasurementObservation,Continuous variables,creat_urin,pht001849,phv00120675
CARDIA,phs000285,MeasurementObservation,Continuous variables,creat_urin,pht001803,phv00119619
CARDIA,phs000285,MeasurementObservation,Continuous variables,creat_urin,pht001852,phv00120751
CARDIA,phs000285,MeasurementObservation,Continuous variables,crp,pht001853,phv00120758
CARDIA,phs000285,MeasurementObservation,Continuous variables,crp,pht001853,phv00120759
CARDIA,phs000285,MeasurementObservation,Continuous variables,crp,pht001705,phv00116475
CARDIA,phs000285,Condition,Conditions,diabetes,pht001569,phv00112995
CARDIA,phs000285,Condition,Conditions,diabetes,pht001570,phv00113060
CARDIA,phs000285,Condition,Conditions,diabetes,pht001601,phv00114343
CARDIA,phs000285,Condition,Conditions,diabetes,pht001604,phv00114378
CARDIA,phs000285,Condition,Conditions,diabetes,pht001656,phv00115439
CARDIA,phs000285,Condition,Conditions,diabetes,pht001715,phv00116970
CARDIA,phs000285,Condition,Conditions,diabetes,pht001749,phv00117939
CARDIA,phs000285,Condition,Conditions,diabetes,pht001749,phv00117969
CARDIA,phs000285,Condition,Conditions,diabetes,pht001761,phv00118444
CARDIA,phs000285,Condition,Conditions,diabetes,pht001811,phv00119805
CARDIA,phs000285,Condition,Conditions,diabetes,pht001869,phv00121354
CARDIA,phs000285,Condition,Conditions,diabetes,pht001869,phv00121355
CARDIA,phs000285,Condition,Conditions,diabetes,pht001869,phv00121356
CARDIA,phs000285,Condition,Conditions,diabetes,pht001869,phv00121357
CARDIA,phs000285,Condition,Conditions,diabetes,pht001869,phv00121359
CARDIA,phs000285,Condition,Conditions,diabetes,pht001869,phv00121360
CARDIA,phs000285,Condition,Conditions,diabetes,pht001870,phv00121467
CARDIA,phs000285,Condition,Conditions,diabetes,pht001871,phv00121573
CARDIA,phs000285,Condition,Conditions,diabetes,pht001871,phv00121574
CARDIA,phs000285,Condition,Conditions,diabetes,pht001871,phv00121575
CARDIA,phs000285,Condition,Conditions,diabetes,pht001871,phv00121576
CARDIA,phs000285,Condition,Conditions,diabetes,pht001871,phv00121578
CARDIA,phs000285,Condition,Conditions,diabetes,pht001871,phv00121579
CARDIA,phs000285,Condition,Conditions,emphysema,pht003298,phv00190626
CARDIA,phs000285,Condition,Conditions,emphysema,pht001575,phv00113380
CARDIA,phs000285,Condition,Conditions,emphysema,pht001575,phv00113381
CARDIA,phs000285,Condition,Conditions,emphysema,pht001575,phv00113382
CARDIA,phs000285,Condition,Conditions,emphysema,pht001715,phv00117054
CARDIA,phs000285,Condition,Conditions,emphysema,pht001761,phv00118534
CARDIA,phs000285,Condition,Conditions,emphysema,pht001811,phv00119914
CARDIA,phs000285,Condition,Conditions,emphysema,pht001811,phv00119923
CARDIA,phs000285,MeasurementObservation,Continuous variables,eosinophil_ncnc_bld,pht003298,phv00190610
CARDIA,phs000285,MeasurementObservation,Continuous variables,factor_7,pht001739,phv00117556
CARDIA,phs000285,MeasurementObservation,Continuous variables,factor_7,pht001694,phv00116361
CARDIA,phs000285,MeasurementObservation,Continuous variables,factor_7,pht001739,phv00117563
CARDIA,phs000285,MeasurementObservation,Continuous variables,factor_7,pht001642,phv00115090
CARDIA,phs000285,MeasurementObservation,Continuous variables,factor_8,pht001739,phv00117557
CARDIA,phs000285,MeasurementObservation,Continuous variables,factor_8,pht001694,phv00116362
CARDIA,phs000285,SdohObservation,SdohObservations,fam_income,pht001653,phv00115383
CARDIA,phs000285,SdohObservation,SdohObservations,fam_income,pht001708,phv00116607
CARDIA,phs000285,SdohObservation,SdohObservations,fam_income,pht001758,phv00118339
CARDIA,phs000285,SdohObservation,SdohObservations,fam_income,pht001855,phv00120947
CARDIA,phs000285,Condition,Conditions,fam_stroke,pht001574,phv00113231
CARDIA,phs000285,Condition,Conditions,fam_stroke,pht001574,phv00113241
CARDIA,phs000285,Condition,Conditions,fam_stroke,pht001574,phv00113252
CARDIA,phs000285,Condition,Conditions,fam_stroke,pht001666,phv00115599
CARDIA,phs000285,Condition,Conditions,fam_stroke,pht001666,phv00115607
CARDIA,phs000285,Condition,Conditions,fam_stroke,pht001666,phv00115617
CARDIA,phs000285,Condition,Conditions,fam_stroke,pht001779,phv00118787
CARDIA,phs000285,Condition,Conditions,fam_stroke,pht001779,phv00118798
CARDIA,phs000285,Condition,Conditions,fam_stroke,pht001779,phv00118813
CARDIA,phs000285,MeasurementObservation,Continuous variables,fast_gluc_bld,pht001845,phv00120661
CARDIA,phs000285,MeasurementObservation,Continuous variables,fast_gluc_bld,pht001799,phv00119598
CARDIA,phs000285,MeasurementObservation,Continuous variables,fibrin,pht001692,phv00116349
CARDIA,phs000285,MeasurementObservation,Continuous variables,fibrin,pht001694,phv00116363
CARDIA,phs000285,MeasurementObservation,Continuous variables,fibrin,pht001736,phv00117550
CARDIA,phs000285,MeasurementObservation,Continuous variables,fibrin,pht001739,phv00117558
CARDIA,phs000285,MeasurementObservation,Continuous variables,fibrin,pht001642,phv00115091
CARDIA,phs000285,MeasurementObservation,Continuous variables,fruit_serving,pht001565,phv00112712
CARDIA,phs000285,MeasurementObservation,Continuous variables,fruit_serving,pht001565,phv00112713
CARDIA,phs000285,MeasurementObservation,Continuous variables,fruit_serving,pht001565,phv00112714
CARDIA,phs000285,MeasurementObservation,Continuous variables,fruit_serving,pht001565,phv00112715
CARDIA,phs000285,MeasurementObservation,Continuous variables,fruit_serving,pht001565,phv00112716
CARDIA,phs000285,MeasurementObservation,Continuous variables,fruit_serving,pht001712,phv00116764
CARDIA,phs000285,MeasurementObservation,Continuous variables,fruit_serving,pht001712,phv00116765
CARDIA,phs000285,MeasurementObservation,Continuous variables,fruit_serving,pht001712,phv00116766
CARDIA,phs000285,MeasurementObservation,Continuous variables,fruit_serving,pht001712,phv00116767
CARDIA,phs000285,MeasurementObservation,Continuous variables,fruit_serving,pht001712,phv00116768
CARDIA,phs000285,MeasurementObservation,Continuous variables,fruit_serving,pht001713,phv00116930
CARDIA,phs000285,MeasurementObservation,Continuous variables,fruit_serving,pht001566,phv00112878
CARDIA,phs000285,MeasurementObservation,Continuous variables,glucose_bld,pht001557,phv00112414
CARDIA,phs000285,MeasurementObservation,Continuous variables,glucose_bld,pht001737,phv00117552
CARDIA,phs000285,MeasurementObservation,Continuous variables,hdl,pht001848,phv00120670
CARDIA,phs000285,MeasurementObservation,Continuous variables,hdl,pht001588,phv00113702
CARDIA,phs000285,MeasurementObservation,Continuous variables,hdl,pht001695,phv00116371
CARDIA,phs000285,MeasurementObservation,Continuous variables,hdl,pht001742,phv00117572
CARDIA,phs000285,MeasurementObservation,Continuous variables,hdl,pht001802,phv00119613
CARDIA,phs000285,MeasurementObservation,Continuous variables,hemat,pht001563,phv00112689
CARDIA,phs000285,MeasurementObservation,Continuous variables,hemo,pht001563,phv00112688
CARDIA,phs000285,MeasurementObservation,Continuous variables,hip_circ,pht001671,phv00115860
CARDIA,phs000285,MeasurementObservation,Continuous variables,hip_circ,pht001720,phv00117248
CARDIA,phs000285,MeasurementObservation,Continuous variables,hip_circ,pht001785,phv00119118
CARDIA,phs000285,MeasurementObservation,Continuous variables,hip_circ,pht001583,phv00113648
CARDIA,phs000285,MeasurementObservation,Continuous variables,hip_circ,pht001583,phv00113649
CARDIA,phs000285,MeasurementObservation,Continuous variables,hip_circ,pht001785,phv00119098
CARDIA,phs000285,MeasurementObservation,Continuous variables,hip_circ,pht001720,phv00117236
CARDIA,phs000285,MeasurementObservation,Continuous variables,hip_circ,pht001720,phv00117235
CARDIA,phs000285,MeasurementObservation,Continuous variables,hip_circ,pht001583,phv00113658
CARDIA,phs000285,MeasurementObservation,Continuous variables,hip_circ,pht001785,phv00119097
CARDIA,phs000285,Condition,Conditions,hist_cvd,pht001570,phv00113052
CARDIA,phs000285,Condition,Conditions,hist_cvd,pht001721,phv00117256
CARDIA,phs000285,Condition,Conditions,hist_cvd,pht001869,phv00121291
CARDIA,phs000285,Condition,Conditions,hist_cvd,pht001870,phv00121462
CARDIA,phs000285,Condition,Conditions,hist_cvd,pht001871,phv00121508
CARDIA,phs000285,Condition,Conditions,hist_hrtdis,pht001570,phv00113035
CARDIA,phs000285,Condition,Conditions,hist_hrtdis,pht001570,phv00113038
CARDIA,phs000285,Condition,Conditions,hist_hrtdis,pht001570,phv00113042
CARDIA,phs000285,Condition,Conditions,hist_hrtdis,pht001607,phv00114401
CARDIA,phs000285,Condition,Conditions,hist_hrtdis,pht001607,phv00114404
CARDIA,phs000285,Condition,Conditions,hist_hrtdis,pht001607,phv00114408
CARDIA,phs000285,Condition,Conditions,hist_hrtdis,pht001656,phv00115433
CARDIA,phs000285,Condition,Conditions,hist_hrtdis,pht001656,phv00115437
CARDIA,phs000285,Condition,Conditions,hist_hrtdis,pht001715,phv00116964
CARDIA,phs000285,Condition,Conditions,hist_hrtdis,pht001715,phv00116968
CARDIA,phs000285,Condition,Conditions,hist_hrtdis,pht001761,phv00118438
CARDIA,phs000285,Condition,Conditions,hist_hrtdis,pht001761,phv00118442
CARDIA,phs000285,Condition,Conditions,hist_hrtdis,pht001811,phv00119811
CARDIA,phs000285,Condition,Conditions,hist_hrtdis,pht001811,phv00119813
CARDIA,phs000285,Condition,Conditions,hist_hrtfail,pht001570,phv00113052
CARDIA,phs000285,Condition,Conditions,hist_hrtfail,pht001870,phv00121462
CARDIA,phs000285,Condition,Conditions,hist_hrtfail,pht001607,phv00114418
CARDIA,phs000285,Condition,Conditions,hist_my_inf,pht001570,phv00113025
CARDIA,phs000285,Condition,Conditions,hist_my_inf,pht001607,phv00114389
CARDIA,phs000285,Condition,Conditions,hist_my_inf,pht001656,phv00115429
CARDIA,phs000285,Condition,Conditions,hist_my_inf,pht001715,phv00116960
CARDIA,phs000285,Condition,Conditions,hist_my_inf,pht001749,phv00117946
CARDIA,phs000285,Condition,Conditions,hist_my_inf,pht001749,phv00117973
CARDIA,phs000285,Condition,Conditions,hist_my_inf,pht001761,phv00118434
CARDIA,phs000285,Condition,Conditions,hist_my_inf,pht001811,phv00119809
CARDIA,phs000285,Condition,Conditions,hist_my_inf,pht001869,phv00121288
CARDIA,phs000285,Condition,Conditions,hist_my_inf,pht001870,phv00121461
CARDIA,phs000285,Condition,Conditions,hist_my_inf,pht001871,phv00121505
CARDIA,phs000285,MeasurementObservation,Continuous variables,hrtrt,pht001593,phv00114016
CARDIA,phs000285,MeasurementObservation,Continuous variables,hrtrt,pht001593,phv00114024
CARDIA,phs000285,MeasurementObservation,Continuous variables,hrtrt,pht001593,phv00114012
CARDIA,phs000285,MeasurementObservation,Continuous variables,hrtrt,pht001747,phv00117848
CARDIA,phs000285,MeasurementObservation,Continuous variables,hrtrt,pht001593,phv00114040
CARDIA,phs000285,MeasurementObservation,Continuous variables,hrtrt,pht001747,phv00117822
CARDIA,phs000285,MeasurementObservation,Continuous variables,hrtrt,pht001860,phv00121046
CARDIA,phs000285,MeasurementObservation,Continuous variables,hrtrt,pht001593,phv00114028
CARDIA,phs000285,MeasurementObservation,Continuous variables,hrtrt,pht001747,phv00117864
CARDIA,phs000285,MeasurementObservation,Continuous variables,hrtrt,pht001593,phv00114036
CARDIA,phs000285,MeasurementObservation,Continuous variables,hrtrt,pht001747,phv00117856
CARDIA,phs000285,MeasurementObservation,Continuous variables,hrtrt,pht001593,phv00114009
CARDIA,phs000285,MeasurementObservation,Continuous variables,hrtrt,pht001747,phv00117860
CARDIA,phs000285,MeasurementObservation,Continuous variables,hrtrt,pht001747,phv00117832
CARDIA,phs000285,MeasurementObservation,Continuous variables,hrtrt,pht001747,phv00117836
CARDIA,phs000285,MeasurementObservation,Continuous variables,hrtrt,pht001747,phv00117840
CARDIA,phs000285,MeasurementObservation,Continuous variables,hrtrt,pht001747,phv00117844
CARDIA,phs000285,MeasurementObservation,Continuous variables,hrtrt,pht001684,phv00116216
CARDIA,phs000285,MeasurementObservation,Continuous variables,hrtrt,pht001593,phv00114020
CARDIA,phs000285,MeasurementObservation,Continuous variables,hrtrt,pht001747,phv00117852
CARDIA,phs000285,MeasurementObservation,Continuous variables,hrtrt,pht001860,phv00121035
CARDIA,phs000285,MeasurementObservation,Continuous variables,hrtrt,pht001593,phv00114032
CARDIA,phs000285,MeasurementObservation,Continuous variables,hrtrt,pht001860,phv00121041
CARDIA,phs000285,MeasurementObservation,Continuous variables,hrtrt,pht001593,phv00114006
CARDIA,phs000285,MeasurementObservation,Continuous variables,hrtrt,pht001747,phv00117829
CARDIA,phs000285,Condition,Conditions,hyperten,pht001570,phv00113020
CARDIA,phs000285,Condition,Conditions,hyperten,pht001570,phv00113022
CARDIA,phs000285,Condition,Conditions,hyperten,pht001606,phv00114385
CARDIA,phs000285,Condition,Conditions,hyperten,pht001606,phv00114387
CARDIA,phs000285,Condition,Conditions,hyperten,pht001656,phv00115424
CARDIA,phs000285,Condition,Conditions,hyperten,pht001715,phv00116954
CARDIA,phs000285,Condition,Conditions,hyperten,pht001749,phv00117935
CARDIA,phs000285,Condition,Conditions,hyperten,pht001761,phv00118428
CARDIA,phs000285,Condition,Conditions,hyperten,pht001811,phv00119802
CARDIA,phs000285,MeasurementObservation,Continuous variables,icam,pht001699,phv00116396
CARDIA,phs000285,MeasurementObservation,Continuous variables,il6,pht001862,phv00121064
CARDIA,phs000285,MeasurementObservation,Continuous variables,insulin_blood,pht001587,phv00113698
CARDIA,phs000285,MeasurementObservation,Continuous variables,insulin_blood,pht001740,phv00117565
CARDIA,phs000285,MeasurementObservation,Continuous variables,insulin_blood,pht001740,phv00117566
CARDIA,phs000285,MeasurementObservation,Continuous variables,isoprostane_8_epi_pgf2a,pht001847,phv00120666
CARDIA,phs000285,MeasurementObservation,Continuous variables,ldl,pht001848,phv00120671
CARDIA,phs000285,MeasurementObservation,Continuous variables,ldl,pht001742,phv00117573
CARDIA,phs000285,MeasurementObservation,Continuous variables,ldl,pht001802,phv00119616
CARDIA,phs000285,MeasurementObservation,Continuous variables,ldl,pht001588,phv00113703
CARDIA,phs000285,MeasurementObservation,Continuous variables,ldl,pht001695,phv00116372
CARDIA,phs000285,MeasurementObservation,Continuous variables,lympho_ct,pht001563,phv00112691
CARDIA,phs000285,MeasurementObservation,Continuous variables,lympho_ct,pht003298,phv00190609
CARDIA,phs000285,MeasurementObservation,Continuous variables,mch,pht001563,phv00112687
CARDIA,phs000285,MeasurementObservation,Continuous variables,mch,pht001563,phv00112688
CARDIA,phs000285,MeasurementObservation,Continuous variables,mn_art_pres,pht001684,phv00116215
CARDIA,phs000285,MeasurementObservation,Continuous variables,mn_art_pres,pht001633,phv00114868
CARDIA,phs000285,MeasurementObservation,Continuous variables,monocyte_ncnc_bld,pht003298,phv00190608
CARDIA,phs000285,MeasurementObservation,Continuous variables,neutro_ct,pht003298,phv00190607
CARDIA,phs000285,MeasurementObservation,Continuous variables,neutro_pct,pht001563,phv00112694
CARDIA,phs000285,Condition,Conditions,pad,pht001869,phv00121269
CARDIA,phs000285,Condition,Conditions,pad,pht001869,phv00121329
CARDIA,phs000285,Condition,Conditions,pad,pht001869,phv00121330
CARDIA,phs000285,Condition,Conditions,pad,pht001869,phv00121331
CARDIA,phs000285,Condition,Conditions,pad,pht001869,phv00121332
CARDIA,phs000285,Condition,Conditions,pad,pht001869,phv00121333
CARDIA,phs000285,Condition,Conditions,pad,pht001869,phv00121335
CARDIA,phs000285,Condition,Conditions,pad,pht001869,phv00121337
CARDIA,phs000285,Condition,Conditions,pad,pht001870,phv00121465
CARDIA,phs000285,Condition,Conditions,pad,pht001871,phv00121485
CARDIA,phs000285,Condition,Conditions,pad,pht001871,phv00121549
CARDIA,phs000285,Condition,Conditions,pad,pht001871,phv00121550
CARDIA,phs000285,Condition,Conditions,pad,pht001871,phv00121551
CARDIA,phs000285,Condition,Conditions,pad,pht001871,phv00121552
CARDIA,phs000285,Condition,Conditions,pad,pht001871,phv00121554
CARDIA,phs000285,Condition,Conditions,pad,pht001871,phv00121556
CARDIA,phs000285,Condition,Conditions,pad,pht001871,phv00121559
CARDIA,phs000285,Condition,Conditions,pad,pht001761,phv00118475
CARDIA,phs000285,Condition,Conditions,pad,pht001811,phv00119856
CARDIA,phs000285,Condition,Conditions,pad,pht001715,phv00117001
CARDIA,phs000285,MeasurementObservation,Continuous variables,platelet_ct,pht001563,phv00112690
CARDIA,phs000285,MeasurementObservation,Continuous variables,potassium,pht001745,phv00117627
CARDIA,phs000285,MeasurementObservation,Continuous variables,potassium,pht001746,phv00117741
CARDIA,phs000285,MeasurementObservation,Continuous variables,pselectin,pht003298,phv00190595
CARDIA,phs000285,MeasurementObservation,Continuous variables,rdbld_ct,pht001563,phv00112687
CARDIA,phs000285,MeasurementObservation,Continuous variables,sleep_duration_daily,pht001687,phv00116294
CARDIA,phs000285,MeasurementObservation,Continuous variables,sleep_duration_daily,pht001839,phv00120534
CARDIA,phs000285,MeasurementObservation,Continuous variables,sodium_intak,pht001638,phv00115050
CARDIA,phs000285,MeasurementObservation,Continuous variables,sodium_intak,pht001592,phv00113961
CARDIA,phs000285,MeasurementObservation,Continuous variables,sodium_intak,pht001591,phv00113867
CARDIA,phs000285,MeasurementObservation,Continuous variables,sodium_intak,pht001746,phv00117742
CARDIA,phs000285,MeasurementObservation,Continuous variables,sodium_intak,pht001745,phv00117628
CARDIA,phs000285,MeasurementObservation,Continuous variables,fev1,pht001575,phv00113403
CARDIA,phs000285,MeasurementObservation,Continuous variables,fvc,pht001575,phv00113402
CARDIA,phs000285,MeasurementObservation,Continuous variables,fev1,pht001627,phv00114628
CARDIA,phs000285,MeasurementObservation,Continuous variables,fev1,pht001627,phv00114676
CARDIA,phs000285,MeasurementObservation,Continuous variables,fev1,pht001627,phv00114616
CARDIA,phs000285,MeasurementObservation,Continuous variables,fev1,pht001627,phv00114640
CARDIA,phs000285,MeasurementObservation,Continuous variables,fev1,pht001627,phv00114664
CARDIA,phs000285,MeasurementObservation,Continuous variables,fev1,pht001627,phv00114652
CARDIA,phs000285,MeasurementObservation,Continuous variables,fvc,pht001627,phv00114694
CARDIA,phs000285,MeasurementObservation,Continuous variables,fvc,pht001627,phv00114651
CARDIA,phs000285,MeasurementObservation,Continuous variables,fvc,pht001627,phv00114663
CARDIA,phs000285,MeasurementObservation,Continuous variables,fvc,pht001627,phv00114615
CARDIA,phs000285,MeasurementObservation,Continuous variables,fvc,pht001627,phv00114675
CARDIA,phs000285,MeasurementObservation,Continuous variables,fvc,pht001627,phv00114627
CARDIA,phs000285,MeasurementObservation,Continuous variables,fvc,pht001627,phv00114639
CARDIA,phs000285,MeasurementObservation,Continuous variables,fev1,pht001667,phv00115621
CARDIA,phs000285,MeasurementObservation,Continuous variables,fev1,pht001667,phv00115645
CARDIA,phs000285,MeasurementObservation,Continuous variables,fev1,pht001667,phv00115657
CARDIA,phs000285,MeasurementObservation,Continuous variables,fev1,pht001667,phv00115669
CARDIA,phs000285,MeasurementObservation,Continuous variables,fev1,pht001667,phv00115633
CARDIA,phs000285,MeasurementObservation,Continuous variables,fvc,pht001667,phv00115656
CARDIA,phs000285,MeasurementObservation,Continuous variables,fvc,pht001667,phv00115620
CARDIA,phs000285,MeasurementObservation,Continuous variables,fvc,pht001667,phv00115668
CARDIA,phs000285,MeasurementObservation,Continuous variables,fvc,pht001667,phv00115644
CARDIA,phs000285,MeasurementObservation,Continuous variables,fvc,pht001667,phv00115632
CARDIA,phs000285,MeasurementObservation,Continuous variables,fvc,pht001667,phv00115687
CARDIA,phs000285,MeasurementObservation,Continuous variables,fev1,pht001781,phv00118924
CARDIA,phs000285,MeasurementObservation,Continuous variables,fev1,pht001781,phv00118876
CARDIA,phs000285,MeasurementObservation,Continuous variables,fev1,pht001781,phv00118864
CARDIA,phs000285,MeasurementObservation,Continuous variables,fev1,pht001781,phv00118942
CARDIA,phs000285,MeasurementObservation,Continuous variables,fev1,pht001781,phv00118912
CARDIA,phs000285,MeasurementObservation,Continuous variables,fev1,pht001781,phv00118900
CARDIA,phs000285,MeasurementObservation,Continuous variables,fev1,pht001781,phv00118888
CARDIA,phs000285,MeasurementObservation,Continuous variables,fev1,pht001781,phv00118840
CARDIA,phs000285,MeasurementObservation,Continuous variables,fev1,pht001781,phv00118852
CARDIA,phs000285,MeasurementObservation,Continuous variables,fvc,pht001781,phv00118863
CARDIA,phs000285,MeasurementObservation,Continuous variables,fvc,pht001781,phv00118941
CARDIA,phs000285,MeasurementObservation,Continuous variables,fvc,pht001781,phv00118923
CARDIA,phs000285,MeasurementObservation,Continuous variables,fvc,pht001781,phv00118911
CARDIA,phs000285,MeasurementObservation,Continuous variables,fvc,pht001781,phv00118839
CARDIA,phs000285,MeasurementObservation,Continuous variables,fvc,pht001781,phv00118875
CARDIA,phs000285,MeasurementObservation,Continuous variables,fvc,pht001781,phv00118899
CARDIA,phs000285,MeasurementObservation,Continuous variables,fvc,pht001781,phv00118851
CARDIA,phs000285,MeasurementObservation,Continuous variables,fvc,pht001781,phv00118887
CARDIA,phs000285,MeasurementObservation,Continuous variables,fev1,pht001782,phv00118971
CARDIA,phs000285,MeasurementObservation,Continuous variables,fvc,pht001782,phv00118970
CARDIA,phs000285,Condition,Conditions,stroke_isch_atk,pht001869,phv00121317
CARDIA,phs000285,Condition,Conditions,stroke_isch_atk,pht001871,phv00121536
CARDIA,phs000285,Condition,Conditions,stroke_isch_atk,pht001715,phv00117058
CARDIA,phs000285,Condition,Conditions,stroke_isch_atk,pht001761,phv00118538
CARDIA,phs000285,Condition,Conditions,stroke_isch_atk,pht001811,phv00119916
CARDIA,phs000285,Condition,Conditions,stroke_isch_atk,pht001870,phv00121463
CARDIA,phs000285,Condition,Conditions,stroke_isch_atk,pht001749,phv00117941
CARDIA,phs000285,Condition,Conditions,stroke_isch_atk,pht001749,phv00117970
CARDIA,phs000285,DrugExposure,Drug Exposures,tak_nstat_med,pht001791,phv00119314
CARDIA,phs000285,DrugExposure,Drug Exposures,tak_nstat_med,pht001825,phv00120338
CARDIA,phs000285,DrugExposure,Drug Exposures,tak_nstat_med,pht003298,phv00190573
CARDIA,phs000285,DrugExposure,Drug Exposures,tak_statin,pht001656,phv00115477
CARDIA,phs000285,DrugExposure,Drug Exposures,tak_statin,pht001869,phv00121377
CARDIA,phs000285,DrugExposure,Drug Exposures,tak_statin,pht001871,phv00121596
CARDIA,phs000285,DrugExposure,Drug Exposures,tak_statin,pht001659,phv00115510
CARDIA,phs000285,DrugExposure,Drug Exposures,tak_statin,pht001728,phv00117471
CARDIA,phs000285,DrugExposure,Drug Exposures,tak_statin,pht001768,phv00118672
CARDIA,phs000285,DrugExposure,Drug Exposures,tak_steroid,pht001759,phv00118387
CARDIA,phs000285,MeasurementObservation,Continuous variables,tot_chol_bld,pht001588,phv00113700
CARDIA,phs000285,MeasurementObservation,Continuous variables,tot_chol_bld,pht001695,phv00116369
CARDIA,phs000285,MeasurementObservation,Continuous variables,triglyc_bld,pht001802,phv00119614
CARDIA,phs000285,MeasurementObservation,Continuous variables,triglyc_bld,pht001695,phv00116373
CARDIA,phs000285,MeasurementObservation,Continuous variables,triglyc_bld,pht001588,phv00113701
CARDIA,phs000285,MeasurementObservation,Continuous variables,triglyc_bld,pht001848,phv00120668
CARDIA,phs000285,MeasurementObservation,Continuous variables,triglyc_bld,pht001742,phv00117574
CARDIA,phs000285,MeasurementObservation,Continuous variables,troponin,pht001869,phv00121285
CARDIA,phs000285,MeasurementObservation,Continuous variables,troponin,pht001871,phv00121501
CARDIA,phs000285,Condition,Conditions,valv_hrtdis,pht001570,phv00113038
CARDIA,phs000285,Condition,Conditions,valv_hrtdis,pht001607,phv00114404
CARDIA,phs000285,MeasurementObservation,Continuous variables,vege_serving,pht001565,phv00112717
CARDIA,phs000285,MeasurementObservation,Continuous variables,vege_serving,pht001565,phv00112718
CARDIA,phs000285,MeasurementObservation,Continuous variables,vege_serving,pht001565,phv00112719
CARDIA,phs000285,MeasurementObservation,Continuous variables,vege_serving,pht001565,phv00112720
CARDIA,phs000285,MeasurementObservation,Continuous variables,vege_serving,pht001565,phv00112721
CARDIA,phs000285,MeasurementObservation,Continuous variables,vege_serving,pht001565,phv00112722
CARDIA,phs000285,MeasurementObservation,Continuous variables,vege_serving,pht001565,phv00112723
CARDIA,phs000285,MeasurementObservation,Continuous variables,vege_serving,pht001565,phv00112724
CARDIA,phs000285,MeasurementObservation,Continuous variables,vege_serving,pht001565,phv00112725
CARDIA,phs000285,MeasurementObservation,Continuous variables,vege_serving,pht001565,phv00112726
CARDIA,phs000285,MeasurementObservation,Continuous variables,vege_serving,pht001565,phv00112727
CARDIA,phs000285,MeasurementObservation,Continuous variables,vege_serving,pht001712,phv00116769
CARDIA,phs000285,MeasurementObservation,Continuous variables,vege_serving,pht001712,phv00116770
CARDIA,phs000285,MeasurementObservation,Continuous variables,vege_serving,pht001712,phv00116771
CARDIA,phs000285,MeasurementObservation,Continuous variables,vege_serving,pht001712,phv00116772
CARDIA,phs000285,MeasurementObservation,Continuous variables,vege_serving,pht001712,phv00116773
CARDIA,phs000285,MeasurementObservation,Continuous variables,vege_serving,pht001712,phv00116774
CARDIA,phs000285,MeasurementObservation,Continuous variables,vege_serving,pht001712,phv00116775
CARDIA,phs000285,MeasurementObservation,Continuous variables,vege_serving,pht001712,phv00116776
CARDIA,phs000285,MeasurementObservation,Continuous variables,vege_serving,pht001712,phv00116777
CARDIA,phs000285,MeasurementObservation,Continuous variables,vege_serving,pht001712,phv00116778
CARDIA,phs000285,MeasurementObservation,Continuous variables,vege_serving,pht001712,phv00116779
CARDIA,phs000285,Condition,Conditions,ven_thromb,pht001869,phv00121341
CARDIA,phs000285,Condition,Conditions,ven_thromb,pht001869,phv00121342
CARDIA,phs000285,Condition,Conditions,ven_thromb,pht001869,phv00121343
CARDIA,phs000285,Condition,Conditions,ven_thromb,pht001869,phv00121344
CARDIA,phs000285,Condition,Conditions,ven_thromb,pht001869,phv00121345
CARDIA,phs000285,Condition,Conditions,ven_thromb,pht001869,phv00121346
CARDIA,phs000285,Condition,Conditions,ven_thromb,pht001869,phv00121349
CARDIA,phs000285,Condition,Conditions,ven_thromb,pht001869,phv00121350
CARDIA,phs000285,Condition,Conditions,ven_thromb,pht001869,phv00121351
CARDIA,phs000285,Condition,Conditions,ven_thromb,pht001869,phv00121352
CARDIA,phs000285,Condition,Conditions,ven_thromb,pht001870,phv00121466
CARDIA,phs000285,Condition,Conditions,ven_thromb,pht001871,phv00121560
CARDIA,phs000285,Condition,Conditions,ven_thromb,pht001871,phv00121561
CARDIA,phs000285,Condition,Conditions,ven_thromb,pht001871,phv00121562
CARDIA,phs000285,Condition,Conditions,ven_thromb,pht001871,phv00121563
CARDIA,phs000285,Condition,Conditions,ven_thromb,pht001871,phv00121564
CARDIA,phs000285,Condition,Conditions,ven_thromb,pht001871,phv00121565
CARDIA,phs000285,Condition,Conditions,ven_thromb,pht001871,phv00121566
CARDIA,phs000285,Condition,Conditions,ven_thromb,pht001871,phv00121568
CARDIA,phs000285,Condition,Conditions,ven_thromb,pht001871,phv00121569
CARDIA,phs000285,Condition,Conditions,ven_thromb,pht001871,phv00121570
CARDIA,phs000285,Condition,Conditions,ven_thromb,pht001871,phv00121571
CARDIA,phs000285,Condition,Conditions,ven_thromb,pht001871,phv00121572
CARDIA,phs000285,MeasurementObservation,Continuous variables,waist_circ,pht001785,phv00119095
CARDIA,phs000285,MeasurementObservation,Continuous variables,waist_circ,pht001583,phv00113659
CARDIA,phs000285,MeasurementObservation,Continuous variables,waist_circ,pht001785,phv00119096
CARDIA,phs000285,MeasurementObservation,Continuous variables,waist_circ,pht001583,phv00113651
CARDIA,phs000285,MeasurementObservation,Continuous variables,waist_circ,pht001671,phv00115859
CARDIA,phs000285,MeasurementObservation,Continuous variables,waist_circ,pht001720,phv00117234
CARDIA,phs000285,MeasurementObservation,Continuous variables,waist_circ,pht001583,phv00113650
CARDIA,phs000285,MeasurementObservation,Continuous variables,waist_circ,pht001857,phv00120998
CARDIA,phs000285,MeasurementObservation,Continuous variables,waist_circ,pht001720,phv00117233
CARDIA,phs000285,MeasurementObservation,Continuous variables,waist_hip,pht003298,phv00190567
CARDIA,phs000285,MeasurementObservation,Continuous variables,whtbld_ct,pht001563,phv00112686
CARDIA,phs000285,MeasurementObservation,Continuous variables,willeb_fac,pht001694,phv00116364
CARDIA,phs000285,MeasurementObservation,Continuous variables,willeb_fac,pht001739,phv00117560
CARDIA,phs000285,MeasurementObservation,Continuous variables,willeb_fac,pht001739,phv00117559
CARDIA,phs000285,MeasurementObservation,Continuous variables,willeb_fac,pht001642,phv00115092
CARDIA,phs000285,MeasurementObservation,Continuous variables,willeb_fac,pht001694,phv00116365
CHS,phs000287,Condition,Conditions,afib,pht001450,phv00099026
CHS,phs000287,Condition,Conditions,afib,pht001451,phv00099701
CHS,phs000287,Condition,Conditions,afib,pht001451,phv00100069
CHS,phs000287,Condition,Conditions,afib,pht001452,phv00100324
CHS,phs000287,Condition,Conditions,afib,pht001452,phv00100457
CHS,phs000287,Condition,Conditions,afib,pht001456,phv00100680
CHS,phs000287,Condition,Conditions,afib,pht001474,phv00101531
CHS,phs000287,Condition,Conditions,afib,pht001474,phv00101755
CHS,phs000287,Condition,Conditions,afib,pht001474,phv00101983
CHS,phs000287,Condition,Conditions,afib,pht001475,phv00102498
CHS,phs000287,Condition,Conditions,afib,pht001475,phv00102608
CHS,phs000287,Condition,Conditions,afib,pht001475,phv00102679
CHS,phs000287,Condition,Conditions,afib,pht001476,phv00103165
CHS,phs000287,Condition,Conditions,afib,pht001477,phv00103218
CHS,phs000287,Condition,Conditions,afib,pht001478,phv00103270
CHS,phs000287,Condition,Conditions,afib,pht001479,phv00103323
CHS,phs000287,Condition,Conditions,afib,pht001480,phv00103375
CHS,phs000287,Condition,Conditions,afib,pht001481,phv00103428
CHS,phs000287,Condition,Conditions,afib,pht001482,phv00103480
CHS,phs000287,Condition,Conditions,afib,pht001483,phv00103533
CHS,phs000287,Condition,Conditions,afib,pht001484,phv00103585
CHS,phs000287,Condition,Conditions,afib,pht001485,phv00103638
CHS,phs000287,Condition,Conditions,afib,pht001486,phv00103690
CHS,phs000287,Condition,Conditions,afib,pht001487,phv00103741
CHS,phs000287,Condition,Conditions,afib,pht001488,phv00104047
CHS,phs000287,Condition,Conditions,afib,pht001488,phv00104316
CHS,phs000287,Condition,Conditions,afib,pht001488,phv00104340
CHS,phs000287,Condition,Conditions,afib,pht001489,phv00104965
CHS,phs000287,Condition,Conditions,afib,pht001489,phv00104994
CHS,phs000287,Condition,Conditions,afib,pht001490,phv00105967
CHS,phs000287,Condition,Conditions,afib,pht001490,phv00106361
CHS,phs000287,Condition,Conditions,afib,pht001490,phv00106375
CHS,phs000287,Condition,Conditions,afib,pht001491,phv00107042
CHS,phs000287,Condition,Conditions,afib,pht001491,phv00107300
CHS,phs000287,Condition,Conditions,afib,pht001491,phv00107311
CHS,phs000287,Condition,Conditions,afib,pht001493,phv00108517
CHS,phs000287,Condition,Conditions,afib,pht001493,phv00108623
CHS,phs000287,Condition,Conditions,afib,pht001493,phv00108798
CHS,phs000287,Condition,Conditions,afib,pht001495,phv00109876
CHS,phs000287,MeasurementObservation,Continuous variables,albumin_bld,pht001451,phv00100046
CHS,phs000287,MeasurementObservation,Continuous variables,albumin_bld,pht001452,phv00100429
CHS,phs000287,MeasurementObservation,Continuous variables,albumin_bld,pht001490,phv00105868
CHS,phs000287,MeasurementObservation,Continuous variables,albumin_bld,pht001491,phv00106995
CHS,phs000287,MeasurementObservation,Continuous variables,albumin_bld,pht001495,phv00110487
CHS,phs000287,MeasurementObservation,Continuous variables,alcohol_servings,pht001451,phv00100084
CHS,phs000287,MeasurementObservation,Continuous variables,alcohol_servings,pht001452,phv00100502
CHS,phs000287,MeasurementObservation,Continuous variables,alcohol_servings,pht001474,phv00101954
CHS,phs000287,MeasurementObservation,Continuous variables,alcohol_servings,pht001475,phv00102972
CHS,phs000287,MeasurementObservation,Continuous variables,alcohol_servings,pht001489,phv00104954
CHS,phs000287,MeasurementObservation,Continuous variables,alcohol_servings,pht001490,phv00106404
CHS,phs000287,MeasurementObservation,Continuous variables,alcohol_servings,pht001491,phv00107280
CHS,phs000287,MeasurementObservation,Continuous variables,alcohol_servings,pht001492,phv00108155
CHS,phs000287,MeasurementObservation,Continuous variables,alcohol_servings,pht001493,phv00108834
CHS,phs000287,MeasurementObservation,Continuous variables,alcohol_servings,pht001495,phv00110481
CHS,phs000287,MeasurementObservation,Continuous variables,alcohol_servings,pht003699,phv00197486
CHS,phs000287,MeasurementObservation,Continuous variables,alcohol_servings,pht003699,phv00197487
CHS,phs000287,MeasurementObservation,Continuous variables,alcohol_servings,pht003699,phv00197488
CHS,phs000287,MeasurementObservation,Continuous variables,alcohol_servings,pht003700,phv00198833
CHS,phs000287,MeasurementObservation,Continuous variables,alcohol_servings,pht003700,phv00198834
CHS,phs000287,MeasurementObservation,Continuous variables,alcohol_servings,pht003700,phv00198835
CHS,phs000287,Condition,Conditions,angina,pht001452,phv00100504
CHS,phs000287,Condition,Conditions,angina,pht001464,phv00100778
CHS,phs000287,Condition,Conditions,angina,pht001474,phv00101490
CHS,phs000287,Condition,Conditions,angina,pht001475,phv00102638
CHS,phs000287,Condition,Conditions,angina,pht001475,phv00102982
CHS,phs000287,Condition,Conditions,angina,pht001488,phv00104043
CHS,phs000287,Condition,Conditions,angina,pht001488,phv00104216
CHS,phs000287,Condition,Conditions,angina,pht001489,phv00104793
CHS,phs000287,Condition,Conditions,angina,pht001489,phv00104958
CHS,phs000287,Condition,Conditions,angina,pht001490,phv00105873
CHS,phs000287,Condition,Conditions,angina,pht001490,phv00105881
CHS,phs000287,Condition,Conditions,angina,pht001491,phv00107007
CHS,phs000287,Condition,Conditions,angina,pht001491,phv00107284
CHS,phs000287,Condition,Conditions,angina,pht001492,phv00107894
CHS,phs000287,Condition,Conditions,angina,pht001492,phv00108157
CHS,phs000287,Condition,Conditions,angina,pht001493,phv00108582
CHS,phs000287,Condition,Conditions,angina,pht001493,phv00108760
CHS,phs000287,Condition,Conditions,angina,pht001493,phv00108837
CHS,phs000287,Condition,Conditions,angina,pht001494,phv00109350
CHS,phs000287,Condition,Conditions,angina,pht001495,phv00109997
CHS,phs000287,Condition,Conditions,angina,pht003699,phv00197448
CHS,phs000287,MeasurementObservation,Continuous variables,apnea_hypop_index,pht003699,phv00198702
CHS,phs000287,MeasurementObservation,Continuous variables,apnea_hypop_index,pht003700,phv00199979
CHS,phs000287,MeasurementObservation,Continuous variables,apnea_hypop_index,pht003699,phv00197745
CHS,phs000287,MeasurementObservation,Continuous variables,apnea_hypop_index,pht003700,phv00200047
CHS,phs000287,MeasurementObservation,Continuous variables,apnea_hypop_index,pht003699,phv00197725
CHS,phs000287,MeasurementObservation,Continuous variables,apnea_hypop_index,pht003699,phv00197726
CHS,phs000287,MeasurementObservation,Continuous variables,apnea_hypop_index,pht003699,phv00197727
CHS,phs000287,MeasurementObservation,Continuous variables,apnea_hypop_index,pht003699,phv00197728
CHS,phs000287,MeasurementObservation,Continuous variables,apnea_hypop_index,pht003699,phv00197729
CHS,phs000287,MeasurementObservation,Continuous variables,apnea_hypop_index,pht003699,phv00197730
CHS,phs000287,MeasurementObservation,Continuous variables,apnea_hypop_index,pht003699,phv00197731
CHS,phs000287,MeasurementObservation,Continuous variables,apnea_hypop_index,pht003699,phv00197732
CHS,phs000287,MeasurementObservation,Continuous variables,apnea_hypop_index,pht003699,phv00197733
CHS,phs000287,MeasurementObservation,Continuous variables,apnea_hypop_index,pht003699,phv00197734
CHS,phs000287,MeasurementObservation,Continuous variables,apnea_hypop_index,pht003699,phv00197735
CHS,phs000287,MeasurementObservation,Continuous variables,apnea_hypop_index,pht003699,phv00197736
CHS,phs000287,MeasurementObservation,Continuous variables,apnea_hypop_index,pht003699,phv00197737
CHS,phs000287,MeasurementObservation,Continuous variables,apnea_hypop_index,pht003699,phv00197738
CHS,phs000287,MeasurementObservation,Continuous variables,apnea_hypop_index,pht003699,phv00197739
CHS,phs000287,MeasurementObservation,Continuous variables,apnea_hypop_index,pht003699,phv00197740
CHS,phs000287,MeasurementObservation,Continuous variables,apnea_hypop_index,pht003699,phv00197741
CHS,phs000287,MeasurementObservation,Continuous variables,apnea_hypop_index,pht003699,phv00197742
CHS,phs000287,MeasurementObservation,Continuous variables,apnea_hypop_index,pht003699,phv00197743
CHS,phs000287,MeasurementObservation,Continuous variables,apnea_hypop_index,pht003699,phv00197744
CHS,phs000287,MeasurementObservation,Continuous variables,apnea_hypop_index,pht003699,phv00197746
CHS,phs000287,MeasurementObservation,Continuous variables,apnea_hypop_index,pht003699,phv00197747
CHS,phs000287,MeasurementObservation,Continuous variables,apnea_hypop_index,pht003699,phv00197748
CHS,phs000287,MeasurementObservation,Continuous variables,apnea_hypop_index,pht003699,phv00197749
CHS,phs000287,MeasurementObservation,Continuous variables,apnea_hypop_index,pht003699,phv00197750
CHS,phs000287,MeasurementObservation,Continuous variables,apnea_hypop_index,pht003699,phv00197751
CHS,phs000287,MeasurementObservation,Continuous variables,apnea_hypop_index,pht003699,phv00197752
CHS,phs000287,MeasurementObservation,Continuous variables,apnea_hypop_index,pht003699,phv00197753
CHS,phs000287,MeasurementObservation,Continuous variables,apnea_hypop_index,pht003699,phv00197754
CHS,phs000287,MeasurementObservation,Continuous variables,apnea_hypop_index,pht003699,phv00197755
CHS,phs000287,MeasurementObservation,Continuous variables,apnea_hypop_index,pht003699,phv00197756
CHS,phs000287,MeasurementObservation,Continuous variables,apnea_hypop_index,pht003699,phv00197757
CHS,phs000287,MeasurementObservation,Continuous variables,apnea_hypop_index,pht003699,phv00197758
CHS,phs000287,MeasurementObservation,Continuous variables,apnea_hypop_index,pht003699,phv00197759
CHS,phs000287,MeasurementObservation,Continuous variables,apnea_hypop_index,pht003699,phv00197760
CHS,phs000287,MeasurementObservation,Continuous variables,apnea_hypop_index,pht003699,phv00197761
CHS,phs000287,MeasurementObservation,Continuous variables,apnea_hypop_index,pht003699,phv00197921
CHS,phs000287,MeasurementObservation,Continuous variables,apnea_hypop_index,pht003699,phv00197926
CHS,phs000287,MeasurementObservation,Continuous variables,apnea_hypop_index,pht003699,phv00197931
CHS,phs000287,MeasurementObservation,Continuous variables,apnea_hypop_index,pht003699,phv00197936
CHS,phs000287,MeasurementObservation,Continuous variables,apnea_hypop_index,pht003699,phv00197941
CHS,phs000287,MeasurementObservation,Continuous variables,apnea_hypop_index,pht003699,phv00197946
CHS,phs000287,MeasurementObservation,Continuous variables,apnea_hypop_index,pht003699,phv00197951
CHS,phs000287,MeasurementObservation,Continuous variables,apnea_hypop_index,pht003699,phv00197956
CHS,phs000287,MeasurementObservation,Continuous variables,apnea_hypop_index,pht003699,phv00197961
CHS,phs000287,MeasurementObservation,Continuous variables,apnea_hypop_index,pht003699,phv00197966
CHS,phs000287,MeasurementObservation,Continuous variables,apnea_hypop_index,pht003699,phv00197971
CHS,phs000287,MeasurementObservation,Continuous variables,apnea_hypop_index,pht003699,phv00197976
CHS,phs000287,MeasurementObservation,Continuous variables,apnea_hypop_index,pht003699,phv00197993
CHS,phs000287,MeasurementObservation,Continuous variables,apnea_hypop_index,pht003699,phv00197998
CHS,phs000287,MeasurementObservation,Continuous variables,apnea_hypop_index,pht003699,phv00198003
CHS,phs000287,MeasurementObservation,Continuous variables,apnea_hypop_index,pht003699,phv00198008
CHS,phs000287,MeasurementObservation,Continuous variables,apnea_hypop_index,pht003699,phv00198013
CHS,phs000287,MeasurementObservation,Continuous variables,apnea_hypop_index,pht003699,phv00198018
CHS,phs000287,MeasurementObservation,Continuous variables,apnea_hypop_index,pht003699,phv00198023
CHS,phs000287,MeasurementObservation,Continuous variables,apnea_hypop_index,pht003699,phv00198028
CHS,phs000287,MeasurementObservation,Continuous variables,apnea_hypop_index,pht003699,phv00198033
CHS,phs000287,MeasurementObservation,Continuous variables,apnea_hypop_index,pht003699,phv00198038
CHS,phs000287,MeasurementObservation,Continuous variables,apnea_hypop_index,pht003699,phv00198043
CHS,phs000287,MeasurementObservation,Continuous variables,apnea_hypop_index,pht003699,phv00198048
CHS,phs000287,MeasurementObservation,Continuous variables,apnea_hypop_index,pht003699,phv00198092
CHS,phs000287,MeasurementObservation,Continuous variables,apnea_hypop_index,pht003699,phv00198097
CHS,phs000287,MeasurementObservation,Continuous variables,apnea_hypop_index,pht003699,phv00198102
CHS,phs000287,MeasurementObservation,Continuous variables,apnea_hypop_index,pht003699,phv00198107
CHS,phs000287,MeasurementObservation,Continuous variables,apnea_hypop_index,pht003699,phv00198112
CHS,phs000287,MeasurementObservation,Continuous variables,apnea_hypop_index,pht003699,phv00198117
CHS,phs000287,MeasurementObservation,Continuous variables,apnea_hypop_index,pht003699,phv00198122
CHS,phs000287,MeasurementObservation,Continuous variables,apnea_hypop_index,pht003699,phv00198127
CHS,phs000287,MeasurementObservation,Continuous variables,apnea_hypop_index,pht003699,phv00198132
CHS,phs000287,MeasurementObservation,Continuous variables,apnea_hypop_index,pht003699,phv00198137
CHS,phs000287,MeasurementObservation,Continuous variables,apnea_hypop_index,pht003699,phv00198142
CHS,phs000287,MeasurementObservation,Continuous variables,apnea_hypop_index,pht003699,phv00198147
CHS,phs000287,MeasurementObservation,Continuous variables,apnea_hypop_index,pht003699,phv00198164
CHS,phs000287,MeasurementObservation,Continuous variables,apnea_hypop_index,pht003699,phv00198169
CHS,phs000287,MeasurementObservation,Continuous variables,apnea_hypop_index,pht003699,phv00198174
CHS,phs000287,MeasurementObservation,Continuous variables,apnea_hypop_index,pht003699,phv00198179
CHS,phs000287,MeasurementObservation,Continuous variables,apnea_hypop_index,pht003699,phv00198184
CHS,phs000287,MeasurementObservation,Continuous variables,apnea_hypop_index,pht003699,phv00198189
CHS,phs000287,MeasurementObservation,Continuous variables,apnea_hypop_index,pht003699,phv00198194
CHS,phs000287,MeasurementObservation,Continuous variables,apnea_hypop_index,pht003699,phv00198199
CHS,phs000287,MeasurementObservation,Continuous variables,apnea_hypop_index,pht003699,phv00198204
CHS,phs000287,MeasurementObservation,Continuous variables,apnea_hypop_index,pht003699,phv00198209
CHS,phs000287,MeasurementObservation,Continuous variables,apnea_hypop_index,pht003699,phv00198214
CHS,phs000287,MeasurementObservation,Continuous variables,apnea_hypop_index,pht003699,phv00198219
CHS,phs000287,MeasurementObservation,Continuous variables,apnea_hypop_index,pht003699,phv00198236
CHS,phs000287,MeasurementObservation,Continuous variables,apnea_hypop_index,pht003699,phv00198241
CHS,phs000287,MeasurementObservation,Continuous variables,apnea_hypop_index,pht003699,phv00198246
CHS,phs000287,MeasurementObservation,Continuous variables,apnea_hypop_index,pht003699,phv00198251
CHS,phs000287,MeasurementObservation,Continuous variables,apnea_hypop_index,pht003699,phv00198256
CHS,phs000287,MeasurementObservation,Continuous variables,apnea_hypop_index,pht003699,phv00198261
CHS,phs000287,MeasurementObservation,Continuous variables,apnea_hypop_index,pht003699,phv00198266
CHS,phs000287,MeasurementObservation,Continuous variables,apnea_hypop_index,pht003699,phv00198271
CHS,phs000287,MeasurementObservation,Continuous variables,apnea_hypop_index,pht003699,phv00198276
CHS,phs000287,MeasurementObservation,Continuous variables,apnea_hypop_index,pht003699,phv00198281
CHS,phs000287,MeasurementObservation,Continuous variables,apnea_hypop_index,pht003699,phv00198286
CHS,phs000287,MeasurementObservation,Continuous variables,apnea_hypop_index,pht003699,phv00198291
CHS,phs000287,MeasurementObservation,Continuous variables,apnea_hypop_index,pht003699,phv00198308
CHS,phs000287,MeasurementObservation,Continuous variables,apnea_hypop_index,pht003699,phv00198313
CHS,phs000287,MeasurementObservation,Continuous variables,apnea_hypop_index,pht003699,phv00198318
CHS,phs000287,MeasurementObservation,Continuous variables,apnea_hypop_index,pht003699,phv00198323
CHS,phs000287,MeasurementObservation,Continuous variables,apnea_hypop_index,pht003699,phv00198328
CHS,phs000287,MeasurementObservation,Continuous variables,apnea_hypop_index,pht003699,phv00198333
CHS,phs000287,MeasurementObservation,Continuous variables,apnea_hypop_index,pht003699,phv00198338
CHS,phs000287,MeasurementObservation,Continuous variables,apnea_hypop_index,pht003699,phv00198343
CHS,phs000287,MeasurementObservation,Continuous variables,apnea_hypop_index,pht003699,phv00198348
CHS,phs000287,MeasurementObservation,Continuous variables,apnea_hypop_index,pht003699,phv00198353
CHS,phs000287,MeasurementObservation,Continuous variables,apnea_hypop_index,pht003699,phv00198358
CHS,phs000287,MeasurementObservation,Continuous variables,apnea_hypop_index,pht003699,phv00198363
CHS,phs000287,MeasurementObservation,Continuous variables,apnea_hypop_index,pht003699,phv00198380
CHS,phs000287,MeasurementObservation,Continuous variables,apnea_hypop_index,pht003699,phv00198385
CHS,phs000287,MeasurementObservation,Continuous variables,apnea_hypop_index,pht003699,phv00198390
CHS,phs000287,MeasurementObservation,Continuous variables,apnea_hypop_index,pht003699,phv00198395
CHS,phs000287,MeasurementObservation,Continuous variables,apnea_hypop_index,pht003699,phv00198400
CHS,phs000287,MeasurementObservation,Continuous variables,apnea_hypop_index,pht003699,phv00198405
CHS,phs000287,MeasurementObservation,Continuous variables,apnea_hypop_index,pht003699,phv00198410
CHS,phs000287,MeasurementObservation,Continuous variables,apnea_hypop_index,pht003699,phv00198415
CHS,phs000287,MeasurementObservation,Continuous variables,apnea_hypop_index,pht003699,phv00198420
CHS,phs000287,MeasurementObservation,Continuous variables,apnea_hypop_index,pht003699,phv00198425
CHS,phs000287,MeasurementObservation,Continuous variables,apnea_hypop_index,pht003699,phv00198430
CHS,phs000287,MeasurementObservation,Continuous variables,apnea_hypop_index,pht003699,phv00198435
CHS,phs000287,MeasurementObservation,Continuous variables,apnea_hypop_index,pht003699,phv00198452
CHS,phs000287,MeasurementObservation,Continuous variables,apnea_hypop_index,pht003699,phv00198457
CHS,phs000287,MeasurementObservation,Continuous variables,apnea_hypop_index,pht003699,phv00198462
CHS,phs000287,MeasurementObservation,Continuous variables,apnea_hypop_index,pht003699,phv00198467
CHS,phs000287,MeasurementObservation,Continuous variables,apnea_hypop_index,pht003699,phv00198472
CHS,phs000287,MeasurementObservation,Continuous variables,apnea_hypop_index,pht003699,phv00198477
CHS,phs000287,MeasurementObservation,Continuous variables,apnea_hypop_index,pht003699,phv00198482
CHS,phs000287,MeasurementObservation,Continuous variables,apnea_hypop_index,pht003699,phv00198487
CHS,phs000287,MeasurementObservation,Continuous variables,apnea_hypop_index,pht003699,phv00198492
CHS,phs000287,MeasurementObservation,Continuous variables,apnea_hypop_index,pht003699,phv00198497
CHS,phs000287,MeasurementObservation,Continuous variables,apnea_hypop_index,pht003699,phv00198502
CHS,phs000287,MeasurementObservation,Continuous variables,apnea_hypop_index,pht003699,phv00198507
CHS,phs000287,MeasurementObservation,Continuous variables,apnea_hypop_index,pht003699,phv00198524
CHS,phs000287,MeasurementObservation,Continuous variables,apnea_hypop_index,pht003699,phv00198529
CHS,phs000287,MeasurementObservation,Continuous variables,apnea_hypop_index,pht003699,phv00198534
CHS,phs000287,MeasurementObservation,Continuous variables,apnea_hypop_index,pht003699,phv00198539
CHS,phs000287,MeasurementObservation,Continuous variables,apnea_hypop_index,pht003699,phv00198544
CHS,phs000287,MeasurementObservation,Continuous variables,apnea_hypop_index,pht003699,phv00198549
CHS,phs000287,MeasurementObservation,Continuous variables,apnea_hypop_index,pht003699,phv00198554
CHS,phs000287,MeasurementObservation,Continuous variables,apnea_hypop_index,pht003699,phv00198559
CHS,phs000287,MeasurementObservation,Continuous variables,apnea_hypop_index,pht003699,phv00198564
CHS,phs000287,MeasurementObservation,Continuous variables,apnea_hypop_index,pht003699,phv00198569
CHS,phs000287,MeasurementObservation,Continuous variables,apnea_hypop_index,pht003699,phv00198574
CHS,phs000287,MeasurementObservation,Continuous variables,apnea_hypop_index,pht003699,phv00198579
CHS,phs000287,MeasurementObservation,Continuous variables,apnea_hypop_index,pht003699,phv00198596
CHS,phs000287,MeasurementObservation,Continuous variables,apnea_hypop_index,pht003699,phv00198601
CHS,phs000287,MeasurementObservation,Continuous variables,apnea_hypop_index,pht003699,phv00198606
CHS,phs000287,MeasurementObservation,Continuous variables,apnea_hypop_index,pht003699,phv00198611
CHS,phs000287,MeasurementObservation,Continuous variables,apnea_hypop_index,pht003699,phv00198616
CHS,phs000287,MeasurementObservation,Continuous variables,apnea_hypop_index,pht003699,phv00198621
CHS,phs000287,MeasurementObservation,Continuous variables,apnea_hypop_index,pht003699,phv00198626
CHS,phs000287,MeasurementObservation,Continuous variables,apnea_hypop_index,pht003699,phv00198631
CHS,phs000287,MeasurementObservation,Continuous variables,apnea_hypop_index,pht003699,phv00198636
CHS,phs000287,MeasurementObservation,Continuous variables,apnea_hypop_index,pht003699,phv00198641
CHS,phs000287,MeasurementObservation,Continuous variables,apnea_hypop_index,pht003699,phv00198646
CHS,phs000287,MeasurementObservation,Continuous variables,apnea_hypop_index,pht003699,phv00198651
CHS,phs000287,MeasurementObservation,Continuous variables,apnea_hypop_index,pht003700,phv00200027
CHS,phs000287,MeasurementObservation,Continuous variables,apnea_hypop_index,pht003700,phv00200028
CHS,phs000287,MeasurementObservation,Continuous variables,apnea_hypop_index,pht003700,phv00200029
CHS,phs000287,MeasurementObservation,Continuous variables,apnea_hypop_index,pht003700,phv00200030
CHS,phs000287,MeasurementObservation,Continuous variables,apnea_hypop_index,pht003700,phv00200031
CHS,phs000287,MeasurementObservation,Continuous variables,apnea_hypop_index,pht003700,phv00200032
CHS,phs000287,MeasurementObservation,Continuous variables,apnea_hypop_index,pht003700,phv00200033
CHS,phs000287,MeasurementObservation,Continuous variables,apnea_hypop_index,pht003700,phv00200034
CHS,phs000287,MeasurementObservation,Continuous variables,apnea_hypop_index,pht003700,phv00200035
CHS,phs000287,MeasurementObservation,Continuous variables,apnea_hypop_index,pht003700,phv00200036
CHS,phs000287,MeasurementObservation,Continuous variables,apnea_hypop_index,pht003700,phv00200037
CHS,phs000287,MeasurementObservation,Continuous variables,apnea_hypop_index,pht003700,phv00200038
CHS,phs000287,MeasurementObservation,Continuous variables,apnea_hypop_index,pht003700,phv00200039
CHS,phs000287,MeasurementObservation,Continuous variables,apnea_hypop_index,pht003700,phv00200040
CHS,phs000287,MeasurementObservation,Continuous variables,apnea_hypop_index,pht003700,phv00200041
CHS,phs000287,MeasurementObservation,Continuous variables,apnea_hypop_index,pht003700,phv00200042
CHS,phs000287,MeasurementObservation,Continuous variables,apnea_hypop_index,pht003700,phv00200043
CHS,phs000287,MeasurementObservation,Continuous variables,apnea_hypop_index,pht003700,phv00200044
CHS,phs000287,MeasurementObservation,Continuous variables,apnea_hypop_index,pht003700,phv00200045
CHS,phs000287,MeasurementObservation,Continuous variables,apnea_hypop_index,pht003700,phv00200046
CHS,phs000287,MeasurementObservation,Continuous variables,apnea_hypop_index,pht003700,phv00200048
CHS,phs000287,MeasurementObservation,Continuous variables,apnea_hypop_index,pht003700,phv00200049
CHS,phs000287,MeasurementObservation,Continuous variables,apnea_hypop_index,pht003700,phv00200050
CHS,phs000287,MeasurementObservation,Continuous variables,apnea_hypop_index,pht003700,phv00200051
CHS,phs000287,MeasurementObservation,Continuous variables,apnea_hypop_index,pht003700,phv00200052
CHS,phs000287,MeasurementObservation,Continuous variables,apnea_hypop_index,pht003700,phv00200053
CHS,phs000287,MeasurementObservation,Continuous variables,apnea_hypop_index,pht003700,phv00200054
CHS,phs000287,MeasurementObservation,Continuous variables,apnea_hypop_index,pht003700,phv00200055
CHS,phs000287,MeasurementObservation,Continuous variables,apnea_hypop_index,pht003700,phv00200056
CHS,phs000287,MeasurementObservation,Continuous variables,apnea_hypop_index,pht003700,phv00200057
CHS,phs000287,MeasurementObservation,Continuous variables,apnea_hypop_index,pht003700,phv00200058
CHS,phs000287,MeasurementObservation,Continuous variables,apnea_hypop_index,pht003700,phv00200059
CHS,phs000287,MeasurementObservation,Continuous variables,apnea_hypop_index,pht003700,phv00200060
CHS,phs000287,MeasurementObservation,Continuous variables,apnea_hypop_index,pht003700,phv00200061
CHS,phs000287,MeasurementObservation,Continuous variables,apnea_hypop_index,pht003700,phv00200062
CHS,phs000287,MeasurementObservation,Continuous variables,apnea_hypop_index,pht003700,phv00200063
CHS,phs000287,Condition,Conditions,asthma,pht001450,phv00099087
CHS,phs000287,Condition,Conditions,asthma,pht001450,phv00099088
CHS,phs000287,Condition,Conditions,asthma,pht001452,phv00100442
CHS,phs000287,Condition,Conditions,asthma,pht001474,phv00101661
CHS,phs000287,Condition,Conditions,asthma,pht001475,phv00102854
CHS,phs000287,Condition,Conditions,asthma,pht001476,phv00103164
CHS,phs000287,Condition,Conditions,asthma,pht001477,phv00103217
CHS,phs000287,Condition,Conditions,asthma,pht001478,phv00103269
CHS,phs000287,Condition,Conditions,asthma,pht001479,phv00103322
CHS,phs000287,Condition,Conditions,asthma,pht001480,phv00103374
CHS,phs000287,Condition,Conditions,asthma,pht001481,phv00103427
CHS,phs000287,Condition,Conditions,asthma,pht001482,phv00103479
CHS,phs000287,Condition,Conditions,asthma,pht001483,phv00103532
CHS,phs000287,Condition,Conditions,asthma,pht001484,phv00103584
CHS,phs000287,Condition,Conditions,asthma,pht001485,phv00103637
CHS,phs000287,Condition,Conditions,asthma,pht001486,phv00103689
CHS,phs000287,Condition,Conditions,asthma,pht001487,phv00103740
CHS,phs000287,Condition,Conditions,asthma,pht001490,phv00106022
CHS,phs000287,Condition,Conditions,asthma,pht001490,phv00106023
CHS,phs000287,Condition,Conditions,asthma,pht001492,phv00107849
CHS,phs000287,Condition,Conditions,asthma,pht001492,phv00107850
CHS,phs000287,Condition,Conditions,asthma,pht001495,phv00110173
CHS,phs000287,Condition,Conditions,asthma,pht003699,phv00197464
CHS,phs000287,Condition,Conditions,asthma,pht003700,phv00198892
CHS,phs000287,Condition,Conditions,asthma,pht003700,phv00198893
CHS,phs000287,MeasurementObservation,Continuous variables,bdy_hgt,pht001450,phv00099550
CHS,phs000287,MeasurementObservation,Continuous variables,bdy_hgt,pht001452,phv00100382
CHS,phs000287,MeasurementObservation,Continuous variables,bdy_hgt,pht001490,phv00105412
CHS,phs000287,MeasurementObservation,Continuous variables,bdy_hgt,pht001491,phv00106775
CHS,phs000287,MeasurementObservation,Continuous variables,bdy_hgt,pht001495,phv00110375
CHS,phs000287,MeasurementObservation,Continuous variables,bdy_hgt,pht003700,phv00198933
CHS,phs000287,MeasurementObservation,Continuous variables,bdy_wgt,pht001450,phv00099349
CHS,phs000287,MeasurementObservation,Continuous variables,bdy_wgt,pht001450,phv00099153
CHS,phs000287,MeasurementObservation,Continuous variables,bdy_wgt,pht001452,phv00100383
CHS,phs000287,MeasurementObservation,Continuous variables,bdy_wgt,pht001452,phv00100355
CHS,phs000287,MeasurementObservation,Continuous variables,bdy_wgt,pht001475,phv00102454
CHS,phs000287,MeasurementObservation,Continuous variables,bdy_wgt,pht001490,phv00105414
CHS,phs000287,MeasurementObservation,Continuous variables,bdy_wgt,pht001490,phv00106140
CHS,phs000287,MeasurementObservation,Continuous variables,bdy_wgt,pht001491,phv00106776
CHS,phs000287,MeasurementObservation,Continuous variables,bdy_wgt,pht001495,phv00110376
CHS,phs000287,MeasurementObservation,Continuous variables,bdy_wgt,pht001474,phv00101671
CHS,phs000287,MeasurementObservationSet,Continuous variables,blood_pressure,pht001450,phv00099441
CHS,phs000287,MeasurementObservationSet,Continuous variables,blood_pressure,pht001450,phv00099442
CHS,phs000287,MeasurementObservationSet,Continuous variables,blood_pressure,pht001452,phv00100435
CHS,phs000287,MeasurementObservationSet,Continuous variables,blood_pressure,pht001452,phv00100436
CHS,phs000287,MeasurementObservationSet,Continuous variables,blood_pressure,pht001488,phv00104020
CHS,phs000287,MeasurementObservationSet,Continuous variables,blood_pressure,pht001488,phv00104021
CHS,phs000287,MeasurementObservationSet,Continuous variables,blood_pressure,pht001489,phv00104697
CHS,phs000287,MeasurementObservationSet,Continuous variables,blood_pressure,pht001489,phv00104698
CHS,phs000287,MeasurementObservationSet,Continuous variables,blood_pressure,pht001490,phv00105432
CHS,phs000287,MeasurementObservationSet,Continuous variables,blood_pressure,pht001490,phv00105433
CHS,phs000287,MeasurementObservationSet,Continuous variables,blood_pressure,pht001491,phv00106794
CHS,phs000287,MeasurementObservationSet,Continuous variables,blood_pressure,pht001491,phv00106795
CHS,phs000287,MeasurementObservationSet,Continuous variables,blood_pressure,pht001492,phv00107774
CHS,phs000287,MeasurementObservationSet,Continuous variables,blood_pressure,pht001492,phv00107775
CHS,phs000287,MeasurementObservationSet,Continuous variables,blood_pressure,pht001493,phv00108830
CHS,phs000287,MeasurementObservationSet,Continuous variables,blood_pressure,pht001493,phv00108831
CHS,phs000287,MeasurementObservationSet,Continuous variables,blood_pressure,pht001474,phv00101960
CHS,phs000287,MeasurementObservationSet,Continuous variables,blood_pressure,pht001474,phv00101961
CHS,phs000287,MeasurementObservationSet,Continuous variables,blood_pressure,pht001475,phv00102574
CHS,phs000287,MeasurementObservationSet,Continuous variables,blood_pressure,pht001475,phv00102575
CHS,phs000287,MeasurementObservationSet,Continuous variables,blood_pressure,pht001495,phv00110337
CHS,phs000287,MeasurementObservationSet,Continuous variables,blood_pressure,pht001495,phv00110338
CHS,phs000287,MeasurementObservationSet,Continuous variables,blood_pressure,pht003699,phv00197434
CHS,phs000287,MeasurementObservationSet,Continuous variables,blood_pressure,pht003699,phv00197435
CHS,phs000287,MeasurementObservationSet,Continuous variables,blood_pressure,pht003700,phv00198928
CHS,phs000287,MeasurementObservationSet,Continuous variables,blood_pressure,pht003700,phv00198929
CHS,phs000287,MeasurementObservation,Continuous variables,bmi,pht001450,phv00099468
CHS,phs000287,MeasurementObservation,Continuous variables,bmi,pht001452,phv00100386
CHS,phs000287,MeasurementObservation,Continuous variables,bmi,pht001490,phv00105306
CHS,phs000287,MeasurementObservation,Continuous variables,bmi,pht001491,phv00106840
CHS,phs000287,MeasurementObservation,Continuous variables,bmi,pht001495,phv00110612
CHS,phs000287,MeasurementObservation,Continuous variables,bmi,pht003700,phv00198926
CHS,phs000287,MeasurementObservation,Continuous variables,cac_score,pht001459,phv00100691
CHS,phs000287,MeasurementObservation,Continuous variables,carotid_imt,pht001468,phv00100864
CHS,phs000287,MeasurementObservation,Continuous variables,carotid_imt,pht001468,phv00100865
CHS,phs000287,MeasurementObservation,Continuous variables,carotid_imt,pht001473,phv00101265
CHS,phs000287,MeasurementObservation,Continuous variables,carotid_imt,pht001473,phv00101277
CHS,phs000287,MeasurementObservation,Continuous variables,carotid_imt,pht001473,phv00101238
CHS,phs000287,MeasurementObservation,Continuous variables,carotid_imt,pht001473,phv00101239
CHS,phs000287,MeasurementObservation,Continuous variables,carotid_imt,pht001473,phv00101250
CHS,phs000287,MeasurementObservation,Continuous variables,carotid_imt,pht001473,phv00101251
CHS,phs000287,MeasurementObservation,Continuous variables,carotid_imt,pht001473,phv00101264
CHS,phs000287,MeasurementObservation,Continuous variables,carotid_imt,pht001473,phv00101276
CHS,phs000287,MeasurementObservation,Continuous variables,carotid_sten_left,pht001473,phv00101303
CHS,phs000287,MeasurementObservation,Continuous variables,carotid_sten_right,pht001473,phv00101302
CHS,phs000287,Observation,Continuous variables,cig_smok,pht001450,phv00099445
CHS,phs000287,Observation,Continuous variables,cig_smok,pht001474,phv00101622
CHS,phs000287,Observation,Continuous variables,cig_smok,pht001475,phv00102802
CHS,phs000287,Observation,Continuous variables,cig_smok,pht001488,phv00104378
CHS,phs000287,Observation,Continuous variables,cig_smok,pht001489,phv00105010
CHS,phs000287,Observation,Continuous variables,cig_smok,pht001490,phv00105886
CHS,phs000287,Observation,Continuous variables,cig_smok,pht001491,phv00107229
CHS,phs000287,Observation,Continuous variables,cig_smok,pht001492,phv00108097
CHS,phs000287,Observation,Continuous variables,cig_smok,pht001493,phv00108732
CHS,phs000287,Observation,Continuous variables,cig_smok,pht001494,phv00109464
CHS,phs000287,Observation,Continuous variables,cig_smok,pht001495,phv00110131
CHS,phs000287,Observation,Continuous variables,cig_smok,pht003699,phv00197474
CHS,phs000287,Observation,Continuous variables,cig_smok,pht003699,phv00197478
CHS,phs000287,Observation,Continuous variables,cig_smok,pht003700,phv00198810
CHS,phs000287,Condition,Conditions,copd,pht001452,phv00100497
CHS,phs000287,Condition,Conditions,copd,pht003699,phv00197462
CHS,phs000287,MeasurementObservation,Continuous variables,crp,pht001452,phv00100499
CHS,phs000287,MeasurementObservation,Continuous variables,crp,pht001490,phv00106421
CHS,phs000287,MeasurementObservation,Continuous variables,crp,pht001491,phv00107353
CHS,phs000287,MeasurementObservation,Continuous variables,cysc_bld,pht001462,phv00100770
CHS,phs000287,MeasurementObservation,Continuous variables,d_dimer,pht001449,phv00098765
CHS,phs000287,MeasurementObservation,Continuous variables,d_dimer,pht001449,phv00098768
CHS,phs000287,MeasurementObservation,Continuous variables,d_dimer,pht001457,phv00100687
CHS,phs000287,Condition,Conditions,diabetes,pht001450,phv00098820
CHS,phs000287,Condition,Conditions,diabetes,pht001450,phv00099025
CHS,phs000287,Condition,Conditions,diabetes,pht001450,phv00099345
CHS,phs000287,Condition,Conditions,diabetes,pht001452,phv00100338
CHS,phs000287,Condition,Conditions,diabetes,pht001474,phv00101530
CHS,phs000287,Condition,Conditions,diabetes,pht001474,phv00101785
CHS,phs000287,Condition,Conditions,diabetes,pht001475,phv00102446
CHS,phs000287,Condition,Conditions,diabetes,pht001475,phv00102678
CHS,phs000287,Condition,Conditions,diabetes,pht001476,phv00103169
CHS,phs000287,Condition,Conditions,diabetes,pht001477,phv00103222
CHS,phs000287,Condition,Conditions,diabetes,pht001478,phv00103274
CHS,phs000287,Condition,Conditions,diabetes,pht001479,phv00103327
CHS,phs000287,Condition,Conditions,diabetes,pht001480,phv00103379
CHS,phs000287,Condition,Conditions,diabetes,pht001481,phv00103432
CHS,phs000287,Condition,Conditions,diabetes,pht001482,phv00103484
CHS,phs000287,Condition,Conditions,diabetes,pht001483,phv00103537
CHS,phs000287,Condition,Conditions,diabetes,pht001484,phv00103589
CHS,phs000287,Condition,Conditions,diabetes,pht001485,phv00103642
CHS,phs000287,Condition,Conditions,diabetes,pht001486,phv00103694
CHS,phs000287,Condition,Conditions,diabetes,pht001487,phv00103745
CHS,phs000287,Condition,Conditions,diabetes,pht001488,phv00104107
CHS,phs000287,Condition,Conditions,diabetes,pht001488,phv00104230
CHS,phs000287,Condition,Conditions,diabetes,pht001488,phv00104260
CHS,phs000287,Condition,Conditions,diabetes,pht001489,phv00104826
CHS,phs000287,Condition,Conditions,diabetes,pht001490,phv00105137
CHS,phs000287,Condition,Conditions,diabetes,pht001490,phv00105964
CHS,phs000287,Condition,Conditions,diabetes,pht001490,phv00106145
CHS,phs000287,Condition,Conditions,diabetes,pht001490,phv00106406
CHS,phs000287,Condition,Conditions,diabetes,pht001491,phv00107092
CHS,phs000287,Condition,Conditions,diabetes,pht001492,phv00107948
CHS,phs000287,Condition,Conditions,diabetes,pht001493,phv00108622
CHS,phs000287,Condition,Conditions,diabetes,pht001494,phv00109389
CHS,phs000287,Condition,Conditions,diabetes,pht001495,phv00110051
CHS,phs000287,Condition,Conditions,diabetes,pht001495,phv00110345
CHS,phs000287,Observation,Continuous variables,edu_lvl,pht001450,phv00098802
CHS,phs000287,Observation,Continuous variables,edu_lvl,pht001490,phv00105119
CHS,phs000287,MeasurementObservation,Continuous variables,factor_7,pht001451,phv00100038
CHS,phs000287,MeasurementObservation,Continuous variables,factor_7,pht001452,phv00100424
CHS,phs000287,MeasurementObservation,Continuous variables,factor_7,pht001452,phv00100503
CHS,phs000287,MeasurementObservation,Continuous variables,factor_7,pht001490,phv00105863
CHS,phs000287,MeasurementObservation,Continuous variables,factor_7,pht001491,phv00106988
CHS,phs000287,MeasurementObservation,Continuous variables,factor_8,pht001451,phv00100039
CHS,phs000287,Observation,Continuous variables,fam_income,pht001493,phv00108778
CHS,phs000287,Observation,Continuous variables,fam_income,pht001494,phv00109486
CHS,phs000287,Observation,Continuous variables,fam_income,pht001495,phv00110162
CHS,phs000287,MeasurementObservation,Continuous variables,fast_gluc_bld,pht001495,phv00110485
CHS,phs000287,MeasurementObservation,Continuous variables,fibrin,pht001451,phv00100037
CHS,phs000287,MeasurementObservation,Continuous variables,fibrin,pht001452,phv00100423
CHS,phs000287,MeasurementObservation,Continuous variables,fibrin,pht001490,phv00105862
CHS,phs000287,MeasurementObservation,Continuous variables,fibrin,pht001491,phv00106987
CHS,phs000287,MeasurementObservation,Continuous variables,fruit_serving,pht001451,phv00099896
CHS,phs000287,MeasurementObservation,Continuous variables,fruit_serving,pht001490,phv00105773
CHS,phs000287,MeasurementObservation,Continuous variables,glucose_bld,pht001451,phv00100045
CHS,phs000287,MeasurementObservation,Continuous variables,glucose_bld,pht001452,phv00100427
CHS,phs000287,MeasurementObservation,Continuous variables,glucose_bld,pht001490,phv00105867
CHS,phs000287,MeasurementObservation,Continuous variables,glucose_bld,pht001491,phv00106994
CHS,phs000287,MeasurementObservation,Continuous variables,hdl,pht001451,phv00100042
CHS,phs000287,MeasurementObservation,Continuous variables,hdl,pht001452,phv00100426
CHS,phs000287,MeasurementObservation,Continuous variables,hdl,pht001490,phv00105865
CHS,phs000287,MeasurementObservation,Continuous variables,hdl,pht001491,phv00106991
CHS,phs000287,MeasurementObservation,Continuous variables,hemat,pht001451,phv00099860
CHS,phs000287,MeasurementObservation,Continuous variables,hemat,pht001452,phv00100413
CHS,phs000287,MeasurementObservation,Continuous variables,hemat,pht001490,phv00105618
CHS,phs000287,MeasurementObservation,Continuous variables,hemat,pht001491,phv00106920
CHS,phs000287,MeasurementObservation,Continuous variables,hemo,pht001451,phv00099859
CHS,phs000287,MeasurementObservation,Continuous variables,hemo,pht001452,phv00100412
CHS,phs000287,MeasurementObservation,Continuous variables,hemo,pht001490,phv00105617
CHS,phs000287,MeasurementObservation,Continuous variables,hemo,pht001491,phv00106919
CHS,phs000287,MeasurementObservation,Continuous variables,hip_circ,pht001450,phv00099350
CHS,phs000287,MeasurementObservation,Continuous variables,hip_circ,pht001452,phv00100384
CHS,phs000287,MeasurementObservation,Continuous variables,hip_circ,pht001490,phv00105415
CHS,phs000287,MeasurementObservation,Continuous variables,hip_circ,pht001491,phv00106777
CHS,phs000287,Procedure,Procedures,hist_cor_angio,pht001450,phv00099038
CHS,phs000287,Procedure,Procedures,hist_cor_angio,pht001452,phv00100322
CHS,phs000287,Procedure,Procedures,hist_cor_angio,pht001464,phv00100782
CHS,phs000287,Procedure,Procedures,hist_cor_angio,pht001490,phv00105981
CHS,phs000287,Procedure,Procedures,hist_cor_angio,pht003699,phv00197455
CHS,phs000287,Procedure,Procedures,hist_coronary_bypass,pht001450,phv00099031
CHS,phs000287,Procedure,Procedures,hist_coronary_bypass,pht001452,phv00100321
CHS,phs000287,Procedure,Procedures,hist_coronary_bypass,pht001464,phv00100785
CHS,phs000287,Procedure,Procedures,hist_coronary_bypass,pht001490,phv00105974
CHS,phs000287,Condition,Conditions,hist_heart_disease,pht001450,phv00098819
CHS,phs000287,Condition,Conditions,hist_heart_disease,pht001490,phv00105136
CHS,phs000287,Condition,Conditions,hist_heart_failure,pht001489,phv00104798
CHS,phs000287,Condition,Conditions,hist_heart_failure,pht001491,phv00107012
CHS,phs000287,Condition,Conditions,hist_heart_failure,pht001492,phv00107899
CHS,phs000287,Condition,Conditions,hist_heart_failure,pht001493,phv00108587
CHS,phs000287,Condition,Conditions,hist_heart_failure,pht001494,phv00109355
CHS,phs000287,Condition,Conditions,hist_heart_failure,pht001495,phv00110002
CHS,phs000287,Condition,Conditions,hist_heart_failure,pht003699,phv00197451
CHS,phs000287,Condition,Conditions,hist_mi,pht001452,phv00100508
CHS,phs000287,Condition,Conditions,hist_mi,pht001474,phv00101485
CHS,phs000287,Condition,Conditions,hist_mi,pht001475,phv00102633
CHS,phs000287,Condition,Conditions,hist_mi,pht001488,phv00104040
CHS,phs000287,Condition,Conditions,hist_mi,pht001489,phv00104788
CHS,phs000287,Condition,Conditions,hist_mi,pht001491,phv00107002
CHS,phs000287,Condition,Conditions,hist_mi,pht001492,phv00107889
CHS,phs000287,Condition,Conditions,hist_mi,pht001493,phv00108577
CHS,phs000287,Condition,Conditions,hist_mi,pht001494,phv00109345
CHS,phs000287,Condition,Conditions,hist_mi,pht001495,phv00109992
CHS,phs000287,Condition,Conditions,hist_mi,pht001495,phv00110399
CHS,phs000287,Condition,Conditions,history_cvd,pht001450,phv00099017
CHS,phs000287,Condition,Conditions,history_cvd,pht001474,phv00101495
CHS,phs000287,Condition,Conditions,history_cvd,pht001475,phv00102643
CHS,phs000287,Condition,Conditions,history_cvd,pht001488,phv00104041
CHS,phs000287,MeasurementObservation,Continuous variables,hrtrt,pht001450,phv00099357
CHS,phs000287,MeasurementObservation,Continuous variables,hrtrt,pht001450,phv00099380
CHS,phs000287,MeasurementObservation,Continuous variables,hrtrt,pht001450,phv00099387
CHS,phs000287,MeasurementObservation,Continuous variables,hrtrt,pht001450,phv00099427
CHS,phs000287,MeasurementObservation,Continuous variables,hrtrt,pht001450,phv00099429
CHS,phs000287,MeasurementObservation,Continuous variables,hrtrt,pht001451,phv00099700
CHS,phs000287,MeasurementObservation,Continuous variables,hrtrt,pht001451,phv00100054
CHS,phs000287,MeasurementObservation,Continuous variables,hrtrt,pht001452,phv00100389
CHS,phs000287,MeasurementObservation,Continuous variables,hrtrt,pht001452,phv00100396
CHS,phs000287,MeasurementObservation,Continuous variables,hrtrt,pht001452,phv00100399
CHS,phs000287,MeasurementObservation,Continuous variables,hrtrt,pht001474,phv00101728
CHS,phs000287,MeasurementObservation,Continuous variables,hrtrt,pht001474,phv00101730
CHS,phs000287,MeasurementObservation,Continuous variables,hrtrt,pht001474,phv00101754
CHS,phs000287,MeasurementObservation,Continuous variables,hrtrt,pht001474,phv00101773
CHS,phs000287,MeasurementObservation,Continuous variables,hrtrt,pht001474,phv00101969
CHS,phs000287,MeasurementObservation,Continuous variables,hrtrt,pht001475,phv00102470
CHS,phs000287,MeasurementObservation,Continuous variables,hrtrt,pht001475,phv00102497
CHS,phs000287,MeasurementObservation,Continuous variables,hrtrt,pht001475,phv00102548
CHS,phs000287,MeasurementObservation,Continuous variables,hrtrt,pht001475,phv00102550
CHS,phs000287,MeasurementObservation,Continuous variables,hrtrt,pht001475,phv00102591
CHS,phs000287,MeasurementObservation,Continuous variables,hrtrt,pht001488,phv00104009
CHS,phs000287,MeasurementObservation,Continuous variables,hrtrt,pht001488,phv00104315
CHS,phs000287,MeasurementObservation,Continuous variables,hrtrt,pht001488,phv00104326
CHS,phs000287,MeasurementObservation,Continuous variables,hrtrt,pht001489,phv00104686
CHS,phs000287,MeasurementObservation,Continuous variables,hrtrt,pht001489,phv00104740
CHS,phs000287,MeasurementObservation,Continuous variables,hrtrt,pht001489,phv00104742
CHS,phs000287,MeasurementObservation,Continuous variables,hrtrt,pht001489,phv00104964
CHS,phs000287,MeasurementObservation,Continuous variables,hrtrt,pht001489,phv00104980
CHS,phs000287,MeasurementObservation,Continuous variables,hrtrt,pht001490,phv00105423
CHS,phs000287,MeasurementObservation,Continuous variables,hrtrt,pht001490,phv00105455
CHS,phs000287,MeasurementObservation,Continuous variables,hrtrt,pht001490,phv00105462
CHS,phs000287,MeasurementObservation,Continuous variables,hrtrt,pht001490,phv00105839
CHS,phs000287,MeasurementObservation,Continuous variables,hrtrt,pht001490,phv00105841
CHS,phs000287,MeasurementObservation,Continuous variables,hrtrt,pht001490,phv00106347
CHS,phs000287,MeasurementObservation,Continuous variables,hrtrt,pht001490,phv00106374
CHS,phs000287,MeasurementObservation,Continuous variables,hrtrt,pht001491,phv00106785
CHS,phs000287,MeasurementObservation,Continuous variables,hrtrt,pht001491,phv00106817
CHS,phs000287,MeasurementObservation,Continuous variables,hrtrt,pht001491,phv00106824
CHS,phs000287,MeasurementObservation,Continuous variables,hrtrt,pht001491,phv00106963
CHS,phs000287,MeasurementObservation,Continuous variables,hrtrt,pht001491,phv00106965
CHS,phs000287,MeasurementObservation,Continuous variables,hrtrt,pht001491,phv00107286
CHS,phs000287,MeasurementObservation,Continuous variables,hrtrt,pht001491,phv00107310
CHS,phs000287,MeasurementObservation,Continuous variables,hrtrt,pht001492,phv00107483
CHS,phs000287,MeasurementObservation,Continuous variables,hrtrt,pht001492,phv00107485
CHS,phs000287,MeasurementObservation,Continuous variables,hrtrt,pht001492,phv00107753
CHS,phs000287,MeasurementObservation,Continuous variables,hrtrt,pht001492,phv00108162
CHS,phs000287,MeasurementObservation,Continuous variables,hrtrt,pht001492,phv00108186
CHS,phs000287,MeasurementObservation,Continuous variables,hrtrt,pht001493,phv00108484
CHS,phs000287,MeasurementObservation,Continuous variables,hrtrt,pht001493,phv00108516
CHS,phs000287,MeasurementObservation,Continuous variables,hrtrt,pht001493,phv00108784
CHS,phs000287,MeasurementObservation,Continuous variables,hrtrt,pht001493,phv00108926
CHS,phs000287,MeasurementObservation,Continuous variables,hrtrt,pht001494,phv00109248
CHS,phs000287,MeasurementObservation,Continuous variables,hrtrt,pht001494,phv00109303
CHS,phs000287,MeasurementObservation,Continuous variables,hrtrt,pht001494,phv00109305
CHS,phs000287,MeasurementObservation,Continuous variables,hrtrt,pht001494,phv00109315
CHS,phs000287,MeasurementObservation,Continuous variables,hrtrt,pht001495,phv00109861
CHS,phs000287,MeasurementObservation,Continuous variables,hrtrt,pht001495,phv00110268
CHS,phs000287,MeasurementObservation,Continuous variables,hrtrt,pht001495,phv00110316
CHS,phs000287,MeasurementObservation,Continuous variables,hrtrt,pht001495,phv00110318
CHS,phs000287,MeasurementObservation,Continuous variables,hrtrt,pht001495,phv00110498
CHS,phs000287,MeasurementObservation,Continuous variables,hrtrt,pht003700,phv00199731
CHS,phs000287,MeasurementObservation,Continuous variables,hrtrt,pht003700,phv00199734
CHS,phs000287,MeasurementObservation,Continuous variables,hrtrt,pht003700,phv00199737
CHS,phs000287,MeasurementObservation,Continuous variables,hrtrt,pht003700,phv00199740
CHS,phs000287,MeasurementObservation,Continuous variables,hrtrt,pht003700,phv00199743
CHS,phs000287,MeasurementObservation,Continuous variables,hrtrt,pht003700,phv00199746
CHS,phs000287,MeasurementObservation,Continuous variables,hrtrt,pht003700,phv00199749
CHS,phs000287,MeasurementObservation,Continuous variables,hrtrt,pht003700,phv00199752
CHS,phs000287,MeasurementObservation,Continuous variables,hrtrt,pht003700,phv00199755
CHS,phs000287,MeasurementObservation,Continuous variables,hrtrt,pht003700,phv00199758
CHS,phs000287,MeasurementObservation,Continuous variables,hrtrt,pht003700,phv00199761
CHS,phs000287,MeasurementObservation,Continuous variables,hrtrt,pht003700,phv00199764
CHS,phs000287,MeasurementObservation,Continuous variables,hrtrt,pht003700,phv00199767
CHS,phs000287,MeasurementObservation,Continuous variables,hrtrt,pht003700,phv00199770
CHS,phs000287,MeasurementObservation,Continuous variables,hrtrt,pht003700,phv00199773
CHS,phs000287,MeasurementObservation,Continuous variables,hrtrt,pht003700,phv00199776
CHS,phs000287,Condition,Conditions,hyperten,pht001450,phv00098815
CHS,phs000287,Condition,Conditions,hyperten,pht001450,phv00099023
CHS,phs000287,Condition,Conditions,hyperten,pht001474,phv00101529
CHS,phs000287,Condition,Conditions,hyperten,pht001475,phv00102677
CHS,phs000287,Condition,Conditions,hyperten,pht001476,phv00103163
CHS,phs000287,Condition,Conditions,hyperten,pht001477,phv00103216
CHS,phs000287,Condition,Conditions,hyperten,pht001478,phv00103268
CHS,phs000287,Condition,Conditions,hyperten,pht001479,phv00103321
CHS,phs000287,Condition,Conditions,hyperten,pht001480,phv00103373
CHS,phs000287,Condition,Conditions,hyperten,pht001481,phv00103426
CHS,phs000287,Condition,Conditions,hyperten,pht001482,phv00103478
CHS,phs000287,Condition,Conditions,hyperten,pht001483,phv00103531
CHS,phs000287,Condition,Conditions,hyperten,pht001484,phv00103583
CHS,phs000287,Condition,Conditions,hyperten,pht001485,phv00103636
CHS,phs000287,Condition,Conditions,hyperten,pht001486,phv00103688
CHS,phs000287,Condition,Conditions,hyperten,pht001487,phv00103739
CHS,phs000287,Condition,Conditions,hyperten,pht001488,phv00104051
CHS,phs000287,Condition,Conditions,hyperten,pht001489,phv00105095
CHS,phs000287,Condition,Conditions,hyperten,pht001490,phv00105132
CHS,phs000287,Condition,Conditions,hyperten,pht001490,phv00105909
CHS,phs000287,Condition,Conditions,hyperten,pht001491,phv00107046
CHS,phs000287,Condition,Conditions,hyperten,pht001492,phv00107947
CHS,phs000287,Condition,Conditions,hyperten,pht001493,phv00108621
CHS,phs000287,Condition,Conditions,hyperten,pht001494,phv00109388
CHS,phs000287,Condition,Conditions,hyperten,pht001495,phv00110050
CHS,phs000287,Condition,Conditions,hyperten,pht003700,phv00198927
CHS,phs000287,MeasurementObservation,Continuous variables,icam,pht001449,phv00098764
CHS,phs000287,MeasurementObservation,Continuous variables,il6,pht001452,phv00100500
CHS,phs000287,MeasurementObservation,Continuous variables,insulin_blood,pht001451,phv00100044
CHS,phs000287,MeasurementObservation,Continuous variables,insulin_blood,pht001452,phv00100428
CHS,phs000287,MeasurementObservation,Continuous variables,insulin_blood,pht001490,phv00105866
CHS,phs000287,MeasurementObservation,Continuous variables,insulin_blood,pht001491,phv00106993
CHS,phs000287,MeasurementObservation,Continuous variables,ldl,pht001451,phv00100282
CHS,phs000287,MeasurementObservation,Continuous variables,ldl,pht001452,phv00100492
CHS,phs000287,MeasurementObservation,Continuous variables,ldl,pht001490,phv00106416
CHS,phs000287,MeasurementObservation,Continuous variables,ldl,pht001491,phv00107344
CHS,phs000287,MeasurementObservation,Continuous variables,lppla2_act,pht001449,phv00098770
CHS,phs000287,MeasurementObservation,Continuous variables,lppla2_mass,pht001449,phv00098769
CHS,phs000287,Condition,Conditions,lvh_ekg,pht001451,phv00100067
CHS,phs000287,Condition,Conditions,lvh_ekg,pht001452,phv00100455
CHS,phs000287,Condition,Conditions,lvh_ekg,pht001474,phv00101981
CHS,phs000287,Condition,Conditions,lvh_ekg,pht001475,phv00102606
CHS,phs000287,Condition,Conditions,lvh_ekg,pht001488,phv00104338
CHS,phs000287,Condition,Conditions,lvh_ekg,pht001489,phv00104992
CHS,phs000287,Condition,Conditions,lvh_ekg,pht001490,phv00106359
CHS,phs000287,Condition,Conditions,lvh_ekg,pht001491,phv00107298
CHS,phs000287,Condition,Conditions,lvh_ekg,pht001492,phv00108174
CHS,phs000287,Condition,Conditions,lvh_ekg,pht001493,phv00108796
CHS,phs000287,Condition,Conditions,lvh_ekg,pht001494,phv00109326
CHS,phs000287,Condition,Conditions,lvh_ekg,pht001495,phv00109874
CHS,phs000287,Condition,Conditions,obesity,pht001451,phv00100097
CHS,phs000287,Condition,Conditions,obesity,pht001451,phv00100098
CHS,phs000287,Condition,Conditions,obesity,pht001452,phv00100387
CHS,phs000287,Condition,Conditions,obesity,pht001452,phv00100388
CHS,phs000287,Condition,Conditions,obesity,pht001490,phv00105307
CHS,phs000287,Condition,Conditions,obesity,pht001490,phv00105308
CHS,phs000287,Condition,Conditions,obesity,pht001491,phv00106841
CHS,phs000287,Condition,Conditions,obesity,pht001491,phv00106842
CHS,phs000287,Condition,Conditions,obesity,pht001495,phv00110613
CHS,phs000287,Condition,Conditions,obesity,pht001495,phv00110614
CHS,phs000287,Condition,Conditions,pad,pht001452,phv00100330
CHS,phs000287,Condition,Conditions,pad,pht001452,phv00100333
CHS,phs000287,Condition,Conditions,pad,pht001452,phv00100507
CHS,phs000287,MeasurementObservation,Continuous variables,platelet_ct,pht001451,phv00099861
CHS,phs000287,MeasurementObservation,Continuous variables,platelet_ct,pht001452,phv00100414
CHS,phs000287,MeasurementObservation,Continuous variables,platelet_ct,pht001490,phv00105619
CHS,phs000287,MeasurementObservation,Continuous variables,platelet_ct,pht001491,phv00106921
CHS,phs000287,MeasurementObservation,Continuous variables,potassium,pht001451,phv00100047
CHS,phs000287,MeasurementObservation,Continuous variables,potassium,pht001452,phv00100430
CHS,phs000287,MeasurementObservation,Continuous variables,potassium,pht001490,phv00105869
CHS,phs000287,MeasurementObservation,Continuous variables,potassium,pht001491,phv00106996
CHS,phs000287,MeasurementObservation,Continuous variables,qrs_ekg,pht001451,phv00100061
CHS,phs000287,MeasurementObservation,Continuous variables,qrs_ekg,pht001452,phv00100451
CHS,phs000287,MeasurementObservation,Continuous variables,qrs_ekg,pht001474,phv00101976
CHS,phs000287,MeasurementObservation,Continuous variables,qrs_ekg,pht001475,phv00102977
CHS,phs000287,MeasurementObservation,Continuous variables,qrs_ekg,pht001488,phv00104332
CHS,phs000287,MeasurementObservation,Continuous variables,qrs_ekg,pht001489,phv00104986
CHS,phs000287,MeasurementObservation,Continuous variables,qrs_ekg,pht001490,phv00106353
CHS,phs000287,MeasurementObservation,Continuous variables,qrs_ekg,pht001491,phv00107292
CHS,phs000287,MeasurementObservation,Continuous variables,qrs_ekg,pht001492,phv00108168
CHS,phs000287,MeasurementObservation,Continuous variables,qrs_ekg,pht001493,phv00108791
CHS,phs000287,MeasurementObservation,Continuous variables,qrs_ekg,pht001494,phv00109322
CHS,phs000287,MeasurementObservation,Continuous variables,qrs_ekg,pht001495,phv00109868
CHS,phs000287,MeasurementObservation,Continuous variables,sleep_duration_daily,pht001460,phv00100712
CHS,phs000287,MeasurementObservation,Continuous variables,sleep_duration_daily,pht001460,phv00100713
CHS,phs000287,MeasurementObservation,Continuous variables,sleep_duration_daily,pht003699,phv00197566
CHS,phs000287,MeasurementObservation,Continuous variables,sleep_duration_daily,pht003699,phv00197658
CHS,phs000287,MeasurementObservation,Continuous variables,sleep_duration_daily,pht003699,phv00197659
CHS,phs000287,MeasurementObservation,Continuous variables,sleep_duration_daily,pht003699,phv00197707
CHS,phs000287,MeasurementObservation,Continuous variables,sleep_duration_daily,pht003700,phv00199793
CHS,phs000287,MeasurementObservation,Continuous variables,sleep_duration_daily,pht003700,phv00200010
CHS,phs000287,MeasurementObservation,Continuous variables,sodium_intak,pht001451,phv00100131
CHS,phs000287,MeasurementObservation,Continuous variables,sodium_intak,pht001494,phv00109552
CHS,phs000287,MeasurementObservation,Continuous variables,fvc,pht001451,phv00099664
CHS,phs000287,MeasurementObservation,Continuous variables,fev1,pht001451,phv00099665
CHS,phs000287,MeasurementObservation,Continuous variables,fev1_fvc,pht001451,phv00099666
CHS,phs000287,MeasurementObservation,Continuous variables,fvc,pht001492,phv00107762
CHS,phs000287,MeasurementObservation,Continuous variables,fev1,pht001492,phv00107763
CHS,phs000287,MeasurementObservation,Continuous variables,fvc,pht001495,phv00110364
CHS,phs000287,MeasurementObservation,Continuous variables,fev1,pht001495,phv00110365
CHS,phs000287,MeasurementObservation,Continuous variables,spo2,pht001495,phv00110401
CHS,phs000287,MeasurementObservation,Continuous variables,spo2,pht001495,phv00110402
CHS,phs000287,MeasurementObservation,Continuous variables,spo2,pht001495,phv00110418
CHS,phs000287,Condition,Conditions,stroke,pht001450,phv00098822
CHS,phs000287,Condition,Conditions,stroke,pht001450,phv00099451
CHS,phs000287,Condition,Conditions,stroke,pht001450,phv00099461
CHS,phs000287,Condition,Conditions,stroke,pht001451,phv00099711
CHS,phs000287,Condition,Conditions,stroke,pht001451,phv00099712
CHS,phs000287,Condition,Conditions,stroke,pht001452,phv00100296
CHS,phs000287,Condition,Conditions,stroke,pht001452,phv00100299
CHS,phs000287,Condition,Conditions,stroke,pht001464,phv00100792
CHS,phs000287,Condition,Conditions,stroke,pht001466,phv00100815
CHS,phs000287,Condition,Conditions,stroke,pht001474,phv00101507
CHS,phs000287,Condition,Conditions,stroke,pht001474,phv00101510
CHS,phs000287,Condition,Conditions,stroke,pht001475,phv00102653
CHS,phs000287,Condition,Conditions,stroke,pht001475,phv00102655
CHS,phs000287,Condition,Conditions,stroke,pht001475,phv00102660
CHS,phs000287,Condition,Conditions,stroke,pht001488,phv00104044
CHS,phs000287,Condition,Conditions,stroke,pht001488,phv00104045
CHS,phs000287,Condition,Conditions,stroke,pht001489,phv00104808
CHS,phs000287,Condition,Conditions,stroke,pht001489,phv00104810
CHS,phs000287,Condition,Conditions,stroke,pht001489,phv00104813
CHS,phs000287,Condition,Conditions,stroke,pht001489,phv00104815
CHS,phs000287,Condition,Conditions,stroke,pht001490,phv00105139
CHS,phs000287,Condition,Conditions,stroke,pht001490,phv00105470
CHS,phs000287,Condition,Conditions,stroke,pht001490,phv00105471
CHS,phs000287,Condition,Conditions,stroke,pht001490,phv00105876
CHS,phs000287,Condition,Conditions,stroke,pht001490,phv00105877
CHS,phs000287,Condition,Conditions,stroke,pht001490,phv00105879
CHS,phs000287,Condition,Conditions,stroke,pht001491,phv00107022
CHS,phs000287,Condition,Conditions,stroke,pht001491,phv00107024
CHS,phs000287,Condition,Conditions,stroke,pht001491,phv00107029
CHS,phs000287,Condition,Conditions,stroke,pht001492,phv00107909
CHS,phs000287,Condition,Conditions,stroke,pht001492,phv00107911
CHS,phs000287,Condition,Conditions,stroke,pht001492,phv00107914
CHS,phs000287,Condition,Conditions,stroke,pht001492,phv00107916
CHS,phs000287,Condition,Conditions,stroke,pht001493,phv00108597
CHS,phs000287,Condition,Conditions,stroke,pht001493,phv00108599
CHS,phs000287,Condition,Conditions,stroke,pht001493,phv00108602
CHS,phs000287,Condition,Conditions,stroke,pht001493,phv00108604
CHS,phs000287,Condition,Conditions,stroke,pht001493,phv00108762
CHS,phs000287,Condition,Conditions,stroke,pht001493,phv00108763
CHS,phs000287,Condition,Conditions,stroke,pht001494,phv00109365
CHS,phs000287,Condition,Conditions,stroke,pht001494,phv00109367
CHS,phs000287,Condition,Conditions,stroke,pht001494,phv00109370
CHS,phs000287,Condition,Conditions,stroke,pht001494,phv00109372
CHS,phs000287,Condition,Conditions,stroke,pht001495,phv00110012
CHS,phs000287,Condition,Conditions,stroke,pht001495,phv00110014
CHS,phs000287,Condition,Conditions,stroke,pht001495,phv00110017
CHS,phs000287,Condition,Conditions,stroke,pht001495,phv00110019
CHS,phs000287,Condition,Conditions,stroke,pht003699,phv00197450
CHS,phs000287,MeasurementObservation,Continuous variables,tot_chol_bld,pht001452,phv00100491
CHS,phs000287,MeasurementObservation,Continuous variables,triglyc_bld,pht001451,phv00100041
CHS,phs000287,MeasurementObservation,Continuous variables,triglyc_bld,pht001452,phv00100425
CHS,phs000287,MeasurementObservation,Continuous variables,triglyc_bld,pht001490,phv00105864
CHS,phs000287,MeasurementObservation,Continuous variables,triglyc_bld,pht001491,phv00106990
CHS,phs000287,MeasurementObservation,Continuous variables,vege_serving,pht001490,phv00105771
CHS,phs000287,Condition,Conditions,ven_thromb,pht001450,phv00099027
CHS,phs000287,Condition,Conditions,ven_thromb,pht001450,phv00099028
CHS,phs000287,Condition,Conditions,ven_thromb,pht001452,phv00100325
CHS,phs000287,Condition,Conditions,ven_thromb,pht001452,phv00100326
CHS,phs000287,Condition,Conditions,ven_thromb,pht001474,phv00101532
CHS,phs000287,Condition,Conditions,ven_thromb,pht001475,phv00102680
CHS,phs000287,Condition,Conditions,ven_thromb,pht001476,phv00103166
CHS,phs000287,Condition,Conditions,ven_thromb,pht001477,phv00103219
CHS,phs000287,Condition,Conditions,ven_thromb,pht001478,phv00103271
CHS,phs000287,Condition,Conditions,ven_thromb,pht001479,phv00103324
CHS,phs000287,Condition,Conditions,ven_thromb,pht001480,phv00103376
CHS,phs000287,Condition,Conditions,ven_thromb,pht001481,phv00103429
CHS,phs000287,Condition,Conditions,ven_thromb,pht001482,phv00103481
CHS,phs000287,Condition,Conditions,ven_thromb,pht001484,phv00103586
CHS,phs000287,Condition,Conditions,ven_thromb,pht001485,phv00103639
CHS,phs000287,Condition,Conditions,ven_thromb,pht001486,phv00103691
CHS,phs000287,Condition,Conditions,ven_thromb,pht001487,phv00103742
CHS,phs000287,Condition,Conditions,ven_thromb,pht001490,phv00105969
CHS,phs000287,Condition,Conditions,ven_thromb,pht001491,phv00107043
CHS,phs000287,Condition,Conditions,ven_thromb,pht001492,phv00107950
CHS,phs000287,Condition,Conditions,ven_thromb,pht001493,phv00108624
CHS,phs000287,Condition,Conditions,ven_thromb,pht001494,phv00109391
CHS,phs000287,Condition,Conditions,ven_thromb,pht001495,phv00110053
CHS,phs000287,Condition,Conditions,ven_thromb,pht005981,phv00273565
CHS,phs000287,Condition,Conditions,ven_thromb,pht005981,phv00273568
CHS,phs000287,Condition,Conditions,ven_thromb,pht005981,phv00273567
CHS,phs000287,MeasurementObservation,Continuous variables,waist_circ,pht001450,phv00099351
CHS,phs000287,MeasurementObservation,Continuous variables,waist_circ,pht001452,phv00100385
CHS,phs000287,MeasurementObservation,Continuous variables,waist_circ,pht001475,phv00102455
CHS,phs000287,MeasurementObservation,Continuous variables,waist_circ,pht001490,phv00105416
CHS,phs000287,MeasurementObservation,Continuous variables,waist_circ,pht001491,phv00106778
CHS,phs000287,MeasurementObservation,Continuous variables,waist_circ,pht001495,phv00110377
CHS,phs000287,MeasurementObservation,Continuous variables,whtbld_ct,pht001452,phv00100411
COPDGene,phs000179,Condition,Conditions,afib,pht002239,phv00568849
COPDGene,phs000179,MeasurementObservation,Continuous variables,alcohol,pht002239,phv00568915
COPDGene,phs000179,Condition,Conditions,angina,pht002239,phv00159608
COPDGene,phs000179,Condition,Conditions,asthma,pht002239,phv00159701
COPDGene,phs000179,MeasurementObservation,Continuous variables,basophil_ct,pht002239,phv00569142
COPDGene,phs000179,MeasurementObservation,Continuous variables,bdy_hgt,pht002239,phv00159592
COPDGene,phs000179,MeasurementObservation,Continuous variables,bdy_wgt,pht002239,phv00159591
COPDGene,phs000179,Condition,Conditions,blood_clots,pht002239,phv00159616
COPDGene,phs000179,MeasurementObservationSet,Continuous variables,blood_pressure,pht002239,phv00159583
COPDGene,phs000179,MeasurementObservationSet,Continuous variables,blood_pressure,pht002239,phv00159590
COPDGene,phs000179,MeasurementObservation,Continuous variables,bmi,pht002239,phv00159593
COPDGene,phs000179,Observation,Continuous variables,cig_smok,pht002239,phv00568806
COPDGene,phs000179,Condition,Conditions,copd,pht002239,phv00159731
COPDGene,phs000179,Condition,Conditions,diabetes,pht002239,phv00159611
COPDGene,phs000179,SdohObservation,SdohObservations,edu_lvl,pht002239,phv00159773
COPDGene,phs000179,Condition,Conditions,emphysema,pht002239,phv00159729
COPDGene,phs000179,MeasurementObservation,Continuous variables,eosinophil_ct,pht002239,phv00569140
COPDGene,phs000179,SdohObservation,SdohObservations,fam_income,pht002239,phv00569009
COPDGene,phs000179,MeasurementObservation,Continuous variables,hemat,pht002239,phv00569146
COPDGene,phs000179,MeasurementObservation,Continuous variables,hemo,pht002239,phv00569145
COPDGene,phs000179,Procedure,Procedures,hist_cor_angio,pht002239,phv00159632
COPDGene,phs000179,Condition,Conditions,hist_cor_art_dis,pht002239,phv00159610
COPDGene,phs000179,Procedure,Procedures,hist_cor_bypg,pht002239,phv00159631
COPDGene,phs000179,Condition,Conditions,hist_hrt_failure,pht002239,phv00159609
COPDGene,phs000179,Condition,Conditions,hist_my_inf,pht002239,phv00159615
COPDGene,phs000179,MeasurementObservation,Continuous variables,hrt_rt,pht002239,phv00159584
COPDGene,phs000179,Condition,Conditions,hyperten,pht002239,phv00159612
COPDGene,phs000179,MeasurementObservation,Continuous variables,lymphocyte_ct,pht002239,phv00569136
COPDGene,phs000179,MeasurementObservation,Continuous variables,mch,pht002239,phv00569148
COPDGene,phs000179,MeasurementObservation,Continuous variables,mchc,pht002239,phv00569149
COPDGene,phs000179,MeasurementObservation,Continuous variables,mcv,pht002239,phv00569147
COPDGene,phs000179,MeasurementObservation,Continuous variables,monocyte_ct,pht002239,phv00569138
COPDGene,phs000179,MeasurementObservation,Continuous variables,neutrophil_ct,pht002239,phv00569134
COPDGene,phs000179,Condition,Conditions,pad,pht002239,phv00159618
COPDGene,phs000179,MeasurementObservation,Continuous variables,platelet_ct,pht002239,phv00569150
COPDGene,phs000179,MeasurementObservation,Continuous variables,rbc,pht002239,phv00569144
COPDGene,phs000179,Condition,Conditions,slp_ap,pht002239,phv00159736
COPDGene,phs000179,MeasurementObservation,Continuous variables,fev1,pht002239,phv00159853
COPDGene,phs000179,MeasurementObservation,Continuous variables,fvc,pht002239,phv00159854
COPDGene,phs000179,MeasurementObservation,Continuous variables,fev1_fvc,pht002239,phv00159855
COPDGene,phs000179,MeasurementObservation,Continuous variables,fev1,pht002239,phv00159851
COPDGene,phs000179,MeasurementObservation,Continuous variables,fvc,pht002239,phv00159852
COPDGene,phs000179,MeasurementObservation,Continuous variables,fev1_fvc,pht002239,phv00159850
COPDGene,phs000179,MeasurementObservation,Continuous variables,spo2,pht002239,phv00159589
COPDGene,phs000179,Condition,Conditions,stroke,pht002239,phv00159619
COPDGene,phs000179,Condition,Conditions,stroke_isch_atk,pht002239,phv00159620
COPDGene,phs000179,DrugExposure,Drug Exposures,tak_adrenergics,pht002239,phv00159644
COPDGene,phs000179,DrugExposure,Drug Exposures,tak_antihypertensives,pht002239,phv00568929
COPDGene,phs000179,DrugExposure,Drug Exposures,tak_cort_steroid_oral,pht002239,phv00159647
COPDGene,phs000179,DrugExposure,Drug Exposures,tak_cort_steroid_resp,pht002239,phv00159646
COPDGene,phs000179,MeasurementObservation,Continuous variables,waist_circ,pht002239,phv00568826
COPDGene,phs000179,MeasurementObservation,Continuous variables,whtbld_ct,pht002239,phv00569133
FHS,phs000007,Condition,Conditions,afib,pht000012,phv00001339
FHS,phs000007,Condition,Conditions,afib,pht000013,phv00001725
FHS,phs000007,Condition,Conditions,afib,pht000014,phv00001990
FHS,phs000007,Condition,Conditions,afib,pht000015,phv00002170
FHS,phs000007,Condition,Conditions,afib,pht000016,phv00002365
FHS,phs000007,Condition,Conditions,afib,pht000017,phv00002605
FHS,phs000007,Condition,Conditions,afib,pht000018,phv00002811
FHS,phs000007,Condition,Conditions,afib,pht000018,phv00002916
FHS,phs000007,Condition,Conditions,afib,pht000019,phv00003193
FHS,phs000007,Condition,Conditions,afib,pht000020,phv00003608
FHS,phs000007,Condition,Conditions,afib,pht000021,phv00004014
FHS,phs000007,Condition,Conditions,afib,pht000022,phv00004438
FHS,phs000007,Condition,Conditions,afib,pht000030,phv00007660
FHS,phs000007,Condition,Conditions,afib,pht000031,phv00007901
FHS,phs000007,Condition,Conditions,afib,pht000031,phv00008130
FHS,phs000007,Condition,Conditions,afib,pht000032,phv00008646
FHS,phs000007,Condition,Conditions,afib,pht000033,phv00009042
FHS,phs000007,Condition,Conditions,afib,pht000074,phv00021037
FHS,phs000007,Condition,Conditions,afib,pht000747,phv00072165
FHS,phs000007,Condition,Conditions,afib,pht000747,phv00072166
FHS,phs000007,Condition,Conditions,afib,pht006005,phv00273871
FHS,phs000007,Condition,Conditions,afib,pht006018,phv00276820
FHS,phs000007,Condition,Conditions,afib,pht000012,phv00001534
FHS,phs000007,MeasurementObservation,Continuous variables,albumin_bld,pht000030,phv00007562
FHS,phs000007,MeasurementObservation,Continuous variables,albumin_bld,pht000031,phv00008089
FHS,phs000007,MeasurementObservation,Continuous variables,albumin_bld,pht002889,phv00172164
FHS,phs000007,MeasurementObservation,Continuous variables,albumin_bld,pht004802,phv00227048
FHS,phs000007,MeasurementObservation,Continuous variables,albumin_bld,pht001045,phv00081013
FHS,phs000007,MeasurementObservation,Continuous variables,albumin_bld,pht006018,phv00276864
FHS,phs000007,MeasurementObservation,Continuous variables,albumin_urine,pht000742,phv00071895
FHS,phs000007,MeasurementObservation,Continuous variables,albumin_urine,pht000016,phv00002422
FHS,phs000007,MeasurementObservation,Continuous variables,albumin_urine,pht000031,phv00007968
FHS,phs000007,MeasurementObservation,Continuous variables,albumin_urine,pht000032,phv00008722
FHS,phs000007,MeasurementObservation,Continuous variables,albumin_urine,pht000017,phv00002662
FHS,phs000007,MeasurementObservation,Continuous variables,albumin_urine,pht002889,phv00172161
FHS,phs000007,MeasurementObservation,Continuous variables,albumin_urine,pht002889,phv00227069
FHS,phs000007,MeasurementObservation,Continuous variables,albumin_urine,pht006011,phv00071895
FHS,phs000007,MeasurementObservation,Continuous variables,albumin_urine,pht004802,phv00227045
FHS,phs000007,MeasurementObservation,Continuous variables,albumin_urine,pht004802,phv00227069
FHS,phs000007,MeasurementObservation,Continuous variables,albumin_urine,pht004363,phv00219547
FHS,phs000007,MeasurementObservation,Continuous variables,albumin_urine,pht004363,phv00219549
FHS,phs000007,MeasurementObservation,Continuous variables,albumin_urine,pht000313,phv00036493
FHS,phs000007,MeasurementObservation,Continuous variables,alt_sgpt,pht000030,phv00008098
FHS,phs000007,MeasurementObservation,Continuous variables,alt_sgpt,pht002889,phv00172166
FHS,phs000007,MeasurementObservation,Continuous variables,alt_sgpt,pht002889,phv00172202
FHS,phs000007,MeasurementObservation,Continuous variables,alt_sgpt,pht004802,phv00227050
FHS,phs000007,MeasurementObservation,Continuous variables,alt_sgpt,pht004802,phv00227066
FHS,phs000007,MeasurementObservation,Continuous variables,alt_sgpt,pht001045,phv00081020
FHS,phs000007,Condition,Conditions,angina,pht000309,phv00036469
FHS,phs000007,Condition,Conditions,angina,pht000309,phv00036471
FHS,phs000007,MeasurementObservation,Continuous variables,apnea_hypop_index,pht000395,phv00056501
FHS,phs000007,MeasurementObservation,Continuous variables,apnea_hypop_index,pht000395,phv00055553
FHS,phs000007,MeasurementObservation,Continuous variables,apnea_hypop_index,pht000397,phv00057941
FHS,phs000007,MeasurementObservation,Continuous variables,ast_sgot,pht000030,phv00007567
FHS,phs000007,MeasurementObservation,Continuous variables,ast_sgot,pht000031,phv00008093
FHS,phs000007,MeasurementObservation,Continuous variables,ast_sgot,pht001045,phv00081021
FHS,phs000007,MeasurementObservation,Continuous variables,ast_sgot,pht002889,phv00172165
FHS,phs000007,MeasurementObservation,Continuous variables,ast_sgot,pht004802,phv00227049
FHS,phs000007,Condition,Conditions,asthma,pht000023,phv00004923
FHS,phs000007,Condition,Conditions,asthma,pht000009,phv00000484
FHS,phs000007,Condition,Conditions,asthma,pht000009,phv00000603
FHS,phs000007,Condition,Conditions,asthma,pht000009,phv00000701
FHS,phs000007,Condition,Conditions,asthma,pht000018,phv00002713
FHS,phs000007,Condition,Conditions,asthma,pht000019,phv00003013
FHS,phs000007,Condition,Conditions,asthma,pht000019,phv00003014
FHS,phs000007,Condition,Conditions,asthma,pht000019,phv00003015
FHS,phs000007,Condition,Conditions,asthma,pht000019,phv00003016
FHS,phs000007,Condition,Conditions,asthma,pht000020,phv00003399
FHS,phs000007,Condition,Conditions,asthma,pht000021,phv00003856
FHS,phs000007,Condition,Conditions,asthma,pht000021,phv00004065
FHS,phs000007,Condition,Conditions,asthma,pht000022,phv00004292
FHS,phs000007,Condition,Conditions,asthma,pht000022,phv00004293
FHS,phs000007,Condition,Conditions,asthma,pht000022,phv00004294
FHS,phs000007,Condition,Conditions,asthma,pht000022,phv00004295
FHS,phs000007,Condition,Conditions,asthma,pht000022,phv00004487
FHS,phs000007,Condition,Conditions,asthma,pht000023,phv00004694
FHS,phs000007,Condition,Conditions,asthma,pht000024,phv00005045
FHS,phs000007,Condition,Conditions,asthma,pht000024,phv00005285
FHS,phs000007,Condition,Conditions,asthma,pht000025,phv00005665
FHS,phs000007,Condition,Conditions,asthma,pht000025,phv00005912
FHS,phs000007,Condition,Conditions,asthma,pht000026,phv00006183
FHS,phs000007,Condition,Conditions,asthma,pht000027,phv00006529
FHS,phs000007,Condition,Conditions,asthma,pht000027,phv00006650
FHS,phs000007,Condition,Conditions,asthma,pht000028,phv00006960
FHS,phs000007,Condition,Conditions,asthma,pht000028,phv00007085
FHS,phs000007,Condition,Conditions,asthma,pht000029,phv00007392
FHS,phs000007,Condition,Conditions,asthma,pht000029,phv00007519
FHS,phs000007,Condition,Conditions,asthma,pht000031,phv00007778
FHS,phs000007,Condition,Conditions,asthma,pht000032,phv00008468
FHS,phs000007,Condition,Conditions,asthma,pht000032,phv00008469
FHS,phs000007,Condition,Conditions,asthma,pht000032,phv00008470
FHS,phs000007,Condition,Conditions,asthma,pht000032,phv00008471
FHS,phs000007,Condition,Conditions,asthma,pht000032,phv00008701
FHS,phs000007,Condition,Conditions,asthma,pht000033,phv00008881
FHS,phs000007,Condition,Conditions,asthma,pht000033,phv00008882
FHS,phs000007,Condition,Conditions,asthma,pht000033,phv00008883
FHS,phs000007,Condition,Conditions,asthma,pht000033,phv00008884
FHS,phs000007,Condition,Conditions,asthma,pht000033,phv00009088
FHS,phs000007,Condition,Conditions,asthma,pht000034,phv00009292
FHS,phs000007,Condition,Conditions,asthma,pht000034,phv00009543
FHS,phs000007,Condition,Conditions,asthma,pht000035,phv00009799
FHS,phs000007,Condition,Conditions,asthma,pht000035,phv00010057
FHS,phs000007,Condition,Conditions,asthma,pht000036,phv00010270
FHS,phs000007,Condition,Conditions,asthma,pht000036,phv00010489
FHS,phs000007,Condition,Conditions,asthma,pht000036,phv00010661
FHS,phs000007,Condition,Conditions,asthma,pht000036,phv00010662
FHS,phs000007,Condition,Conditions,asthma,pht000074,phv00021205
FHS,phs000007,Condition,Conditions,asthma,pht000074,phv00021292
FHS,phs000007,Condition,Conditions,asthma,pht000074,phv00021293
FHS,phs000007,Condition,Conditions,asthma,pht000107,phv00022715
FHS,phs000007,Condition,Conditions,asthma,pht000107,phv00022716
FHS,phs000007,Condition,Conditions,asthma,pht000395,phv00055305
FHS,phs000007,Condition,Conditions,asthma,pht000397,phv00056803
FHS,phs000007,Condition,Conditions,asthma,pht000397,phv00056804
FHS,phs000007,Condition,Conditions,asthma,pht000692,phv00070545
FHS,phs000007,Condition,Conditions,asthma,pht000747,phv00072313
FHS,phs000007,Condition,Conditions,asthma,pht000747,phv00072488
FHS,phs000007,Condition,Conditions,asthma,pht000747,phv00072489
FHS,phs000007,Condition,Conditions,asthma,pht003094,phv00177516
FHS,phs000007,Condition,Conditions,asthma,pht003094,phv00177565
FHS,phs000007,Condition,Conditions,asthma,pht004814,phv00250838
FHS,phs000007,Condition,Conditions,asthma,pht004814,phv00251049
FHS,phs000007,Condition,Conditions,asthma,pht004814,phv00251235
FHS,phs000007,Condition,Conditions,asthma,pht004814,phv00251236
FHS,phs000007,Condition,Conditions,asthma,pht004815,phv00251510
FHS,phs000007,Condition,Conditions,asthma,pht004815,phv00251703
FHS,phs000007,Condition,Conditions,asthma,pht005140,phv00254260
FHS,phs000007,Condition,Conditions,asthma,pht005140,phv00254489
FHS,phs000007,Condition,Conditions,asthma,pht005141,phv00254754
FHS,phs000007,Condition,Conditions,asthma,pht005142,phv00255145
FHS,phs000007,Condition,Conditions,asthma,pht006005,phv00274028
FHS,phs000007,Condition,Conditions,asthma,pht006005,phv00274119
FHS,phs000007,Condition,Conditions,asthma,pht006005,phv00274120
FHS,phs000007,Condition,Conditions,asthma,pht006007,phv00274870
FHS,phs000007,Condition,Conditions,asthma,pht006008,phv00275228
FHS,phs000007,Condition,Conditions,asthma,pht006018,phv00276870
FHS,phs000007,Condition,Conditions,asthma,pht000009,phv00000789
FHS,phs000007,MeasurementObservation,Continuous variables,basophil_ncnc_bld,pht002889,phv00172197
FHS,phs000007,MeasurementObservation,Continuous variables,basophil_ncnc_bld,pht004802,phv00227044
FHS,phs000007,MeasurementObservation,Continuous variables,bdy_hgt,pht000009,phv00000680
FHS,phs000007,MeasurementObservation,Continuous variables,bdy_hgt,pht000009,phv00000539
FHS,phs000007,MeasurementObservation,Continuous variables,bdy_hgt,pht000009,phv00000744
FHS,phs000007,MeasurementObservation,Continuous variables,bdy_hgt,pht000012,phv00001367
FHS,phs000007,MeasurementObservation,Continuous variables,bdy_hgt,pht000013,phv00001564
FHS,phs000007,MeasurementObservation,Continuous variables,bdy_hgt,pht000014,phv00001808
FHS,phs000007,MeasurementObservation,Continuous variables,bdy_hgt,pht000015,phv00002023
FHS,phs000007,MeasurementObservation,Continuous variables,bdy_hgt,pht000016,phv00002207
FHS,phs000007,MeasurementObservation,Continuous variables,bdy_hgt,pht000017,phv00002428
FHS,phs000007,MeasurementObservation,Continuous variables,bdy_hgt,pht000018,phv00002671
FHS,phs000007,MeasurementObservation,Continuous variables,bdy_hgt,pht000019,phv00003245
FHS,phs000007,MeasurementObservation,Continuous variables,bdy_hgt,pht000020,phv00003303
FHS,phs000007,MeasurementObservation,Continuous variables,bdy_hgt,pht000021,phv00003669
FHS,phs000007,MeasurementObservation,Continuous variables,bdy_hgt,pht000022,phv00004085
FHS,phs000007,MeasurementObservation,Continuous variables,bdy_hgt,pht000023,phv00004527
FHS,phs000007,MeasurementObservation,Continuous variables,bdy_hgt,pht000024,phv00005542
FHS,phs000007,MeasurementObservation,Continuous variables,bdy_hgt,pht000025,phv00005922
FHS,phs000007,MeasurementObservation,Continuous variables,bdy_hgt,pht000026,phv00006034
FHS,phs000007,MeasurementObservation,Continuous variables,bdy_hgt,pht000027,phv00006329
FHS,phs000007,MeasurementObservation,Continuous variables,bdy_hgt,pht000028,phv00006673
FHS,phs000007,MeasurementObservation,Continuous variables,bdy_hgt,pht000029,phv00007101
FHS,phs000007,MeasurementObservation,Continuous variables,bdy_hgt,pht000030,phv00007570
FHS,phs000007,MeasurementObservation,Continuous variables,bdy_hgt,pht000031,phv00007677
FHS,phs000007,MeasurementObservation,Continuous variables,bdy_hgt,pht000031,phv00007679
FHS,phs000007,MeasurementObservation,Continuous variables,bdy_hgt,pht000032,phv00008714
FHS,phs000007,MeasurementObservation,Continuous variables,bdy_hgt,pht000033,phv00008763
FHS,phs000007,MeasurementObservation,Continuous variables,bdy_hgt,pht000034,phv00009553
FHS,phs000007,MeasurementObservation,Continuous variables,bdy_hgt,pht000035,phv00010109
FHS,phs000007,MeasurementObservation,Continuous variables,bdy_hgt,pht000036,phv00010499
FHS,phs000007,MeasurementObservation,Continuous variables,bdy_hgt,pht000074,phv00021231
FHS,phs000007,MeasurementObservation,Continuous variables,bdy_hgt,pht000395,phv00055258
FHS,phs000007,MeasurementObservation,Continuous variables,bdy_hgt,pht000397,phv00056840
FHS,phs000007,MeasurementObservation,Continuous variables,bdy_hgt,pht000692,phv00070555
FHS,phs000007,MeasurementObservation,Continuous variables,bdy_hgt,pht000747,phv00072337
FHS,phs000007,MeasurementObservation,Continuous variables,bdy_hgt,pht003094,phv00177539
FHS,phs000007,MeasurementObservation,Continuous variables,bdy_hgt,pht004814,phv00251062
FHS,phs000007,MeasurementObservation,Continuous variables,bdy_hgt,pht004815,phv00251535
FHS,phs000007,MeasurementObservation,Continuous variables,bdy_hgt,pht005140,phv00254284
FHS,phs000007,MeasurementObservation,Continuous variables,bdy_hgt,pht005141,phv00254766
FHS,phs000007,MeasurementObservation,Continuous variables,bdy_hgt,pht005142,phv00255158
FHS,phs000007,MeasurementObservation,Continuous variables,bdy_hgt,pht006005,phv00274053
FHS,phs000007,MeasurementObservation,Continuous variables,bdy_hgt,pht006007,phv00274883
FHS,phs000007,MeasurementObservation,Continuous variables,bdy_hgt,pht006007,phv00275241
FHS,phs000007,MeasurementObservation,Continuous variables,bdy_hgt,pht006026,phv00277042
FHS,phs000007,MeasurementObservation,Continuous variables,bdy_hgt,pht006026,phv00277043
FHS,phs000007,MeasurementObservation,Continuous variables,bdy_hgt,pht006026,phv00520301
FHS,phs000007,MeasurementObservation,Continuous variables,bdy_hgt,pht007777,phv00369944
FHS,phs000007,MeasurementObservation,Continuous variables,bdy_hgt,pht007777,phv00369945
FHS,phs000007,MeasurementObservation,Continuous variables,bdy_hgt,pht007777,phv00369946
FHS,phs000007,MeasurementObservation,Continuous variables,bdy_hgt,pht007777,phv00369947
FHS,phs000007,MeasurementObservation,Continuous variables,bdy_hgt,pht007777,phv00369948
FHS,phs000007,MeasurementObservation,Continuous variables,bdy_hgt,pht007777,phv00369949
FHS,phs000007,MeasurementObservation,Continuous variables,bdy_hgt,pht007777,phv00369950
FHS,phs000007,MeasurementObservation,Continuous variables,bdy_hgt,pht007777,phv00369951
FHS,phs000007,MeasurementObservation,Continuous variables,bdy_hgt,pht007777,phv00369952
FHS,phs000007,MeasurementObservation,Continuous variables,bdy_hgt,pht007777,phv00369953
FHS,phs000007,MeasurementObservation,Continuous variables,bdy_hgt,pht007777,phv00369954
FHS,phs000007,MeasurementObservation,Continuous variables,bdy_hgt,pht007777,phv00369955
FHS,phs000007,MeasurementObservation,Continuous variables,bdy_hgt,pht007777,phv00369956
FHS,phs000007,MeasurementObservation,Continuous variables,bdy_hgt,pht007777,phv00369957
FHS,phs000007,MeasurementObservation,Continuous variables,bdy_hgt,pht007777,phv00369958
FHS,phs000007,MeasurementObservation,Continuous variables,bdy_hgt,pht007777,phv00369959
FHS,phs000007,MeasurementObservation,Continuous variables,bdy_hgt,pht007777,phv00369960
FHS,phs000007,MeasurementObservation,Continuous variables,bdy_hgt,pht007777,phv00369961
FHS,phs000007,MeasurementObservation,Continuous variables,bdy_hgt,pht007777,phv00369962
FHS,phs000007,MeasurementObservation,Continuous variables,bdy_hgt,pht007777,phv00369963
FHS,phs000007,MeasurementObservation,Continuous variables,bdy_hgt,pht007777,phv00369964
FHS,phs000007,MeasurementObservation,Continuous variables,bdy_hgt,pht007777,phv00369965
FHS,phs000007,MeasurementObservation,Continuous variables,bdy_hgt,pht007777,phv00369966
FHS,phs000007,MeasurementObservation,Continuous variables,bdy_hgt,pht007777,phv00369967
FHS,phs000007,MeasurementObservation,Continuous variables,bdy_hgt,pht007777,phv00369968
FHS,phs000007,MeasurementObservation,Continuous variables,bdy_hgt,pht007777,phv00369969
FHS,phs000007,MeasurementObservation,Continuous variables,bdy_hgt,pht009761,phv00423918
FHS,phs000007,MeasurementObservation,Continuous variables,bdy_hgt,pht009761,phv00423919
FHS,phs000007,MeasurementObservation,Continuous variables,bdy_hgt,pht009761,phv00423920
FHS,phs000007,MeasurementObservation,Continuous variables,bdy_hgt,pht009761,phv00423921
FHS,phs000007,MeasurementObservation,Continuous variables,bdy_wgt,pht000031,phv00007676
FHS,phs000007,MeasurementObservation,Continuous variables,bdy_wgt,pht006026,phv00277055
FHS,phs000007,MeasurementObservation,Continuous variables,bdy_wgt,pht006026,phv00277056
FHS,phs000007,MeasurementObservation,Continuous variables,bdy_wgt,pht006026,phv00520310
FHS,phs000007,MeasurementObservation,Continuous variables,bdy_wgt,pht007777,phv00370126
FHS,phs000007,MeasurementObservation,Continuous variables,bdy_wgt,pht007777,phv00370127
FHS,phs000007,MeasurementObservation,Continuous variables,bdy_wgt,pht007777,phv00370128
FHS,phs000007,MeasurementObservation,Continuous variables,bdy_wgt,pht007777,phv00370129
FHS,phs000007,MeasurementObservation,Continuous variables,bdy_wgt,pht007777,phv00370130
FHS,phs000007,MeasurementObservation,Continuous variables,bdy_wgt,pht007777,phv00370131
FHS,phs000007,MeasurementObservation,Continuous variables,bdy_wgt,pht007777,phv00370132
FHS,phs000007,MeasurementObservation,Continuous variables,bdy_wgt,pht007777,phv00370133
FHS,phs000007,MeasurementObservation,Continuous variables,bdy_wgt,pht007777,phv00370134
FHS,phs000007,MeasurementObservation,Continuous variables,bdy_wgt,pht007777,phv00370135
FHS,phs000007,MeasurementObservation,Continuous variables,bdy_wgt,pht007777,phv00370136
FHS,phs000007,MeasurementObservation,Continuous variables,bdy_wgt,pht007777,phv00370137
FHS,phs000007,MeasurementObservation,Continuous variables,bdy_wgt,pht007777,phv00370138
FHS,phs000007,MeasurementObservation,Continuous variables,bdy_wgt,pht007777,phv00370139
FHS,phs000007,MeasurementObservation,Continuous variables,bdy_wgt,pht007777,phv00370140
FHS,phs000007,MeasurementObservation,Continuous variables,bdy_wgt,pht007777,phv00370141
FHS,phs000007,MeasurementObservation,Continuous variables,bdy_wgt,pht007777,phv00370142
FHS,phs000007,MeasurementObservation,Continuous variables,bdy_wgt,pht007777,phv00370143
FHS,phs000007,MeasurementObservation,Continuous variables,bdy_wgt,pht007777,phv00370144
FHS,phs000007,MeasurementObservation,Continuous variables,bdy_wgt,pht007777,phv00370145
FHS,phs000007,MeasurementObservation,Continuous variables,bdy_wgt,pht007777,phv00370146
FHS,phs000007,MeasurementObservation,Continuous variables,bdy_wgt,pht007777,phv00370147
FHS,phs000007,MeasurementObservation,Continuous variables,bdy_wgt,pht007777,phv00370148
FHS,phs000007,MeasurementObservation,Continuous variables,bdy_wgt,pht007777,phv00370149
FHS,phs000007,MeasurementObservation,Continuous variables,bdy_wgt,pht007777,phv00370150
FHS,phs000007,MeasurementObservation,Continuous variables,bdy_wgt,pht007777,phv00370151
FHS,phs000007,MeasurementObservation,Continuous variables,bdy_wgt,pht007777,phv00370152
FHS,phs000007,MeasurementObservation,Continuous variables,bdy_wgt,pht007777,phv00370153
FHS,phs000007,MeasurementObservation,Continuous variables,bdy_wgt,pht007777,phv00370154
FHS,phs000007,MeasurementObservation,Continuous variables,bdy_wgt,pht007777,phv00370155
FHS,phs000007,MeasurementObservation,Continuous variables,bdy_wgt,pht007777,phv00370156
FHS,phs000007,MeasurementObservation,Continuous variables,bdy_wgt,pht007777,phv00370157
FHS,phs000007,MeasurementObservation,Continuous variables,bdy_wgt,pht009761,phv00423945
FHS,phs000007,MeasurementObservation,Continuous variables,bdy_wgt,pht009761,phv00423946
FHS,phs000007,MeasurementObservation,Continuous variables,bdy_wgt,pht009761,phv00423947
FHS,phs000007,MeasurementObservation,Continuous variables,bdy_wgt,pht009761,phv00423948
FHS,phs000007,MeasurementObservation,Continuous variables,bdy_wgt,pht009761,phv00544874
FHS,phs000007,MeasurementObservation,Continuous variables,bdy_wgt,pht009761,phv00544875
FHS,phs000007,MeasurementObservation,Continuous variables,bdy_wgt,pht009761,phv00544876
FHS,phs000007,MeasurementObservation,Continuous variables,bdy_wgt,pht009761,phv00544877
FHS,phs000007,MeasurementObservation,Continuous variables,bdy_wgt,pht009761,phv00544878
FHS,phs000007,MeasurementObservation,Continuous variables,bdy_wgt,pht009761,phv00544879
FHS,phs000007,MeasurementObservation,Continuous variables,bilirubin_con,pht000031,phv00008097
FHS,phs000007,MeasurementObservation,Continuous variables,bilirubin_tot,pht000030,phv00007564
FHS,phs000007,MeasurementObservation,Continuous variables,bilirubin_tot,pht000031,phv00008090
FHS,phs000007,MeasurementObservation,Continuous variables,bilirubin_tot,pht001045,phv00081026
FHS,phs000007,MeasurementObservation,Continuous variables,bilirubin_tot,pht002889,phv00172167
FHS,phs000007,MeasurementObservation,Continuous variables,bilirubin_tot,pht004802,phv00227051
FHS,phs000007,MeasurementObservation,Continuous variables,bilirubin_tot,pht005144,phv00255363
FHS,phs000007,MeasurementObservationSet,Continuous variables,blood_pressure,pht000035,phv00009905
FHS,phs000007,MeasurementObservationSet,Continuous variables,blood_pressure,pht000035,phv00009906
FHS,phs000007,MeasurementObservationSet,Continuous variables,blood_pressure,pht000036,phv00010360
FHS,phs000007,MeasurementObservationSet,Continuous variables,blood_pressure,pht000036,phv00010361
FHS,phs000007,MeasurementObservationSet,Continuous variables,blood_pressure,pht000074,phv00021092
FHS,phs000007,MeasurementObservationSet,Continuous variables,blood_pressure,pht000074,phv00021093
FHS,phs000007,MeasurementObservationSet,Continuous variables,blood_pressure,pht000692,phv00070375
FHS,phs000007,MeasurementObservationSet,Continuous variables,blood_pressure,pht000692,phv00070376
FHS,phs000007,MeasurementObservationSet,Continuous variables,blood_pressure,pht000747,phv00072138
FHS,phs000007,MeasurementObservationSet,Continuous variables,blood_pressure,pht000747,phv00072139
FHS,phs000007,MeasurementObservationSet,Continuous variables,blood_pressure,pht003094,phv00177352
FHS,phs000007,MeasurementObservationSet,Continuous variables,blood_pressure,pht003094,phv00177354
FHS,phs000007,MeasurementObservationSet,Continuous variables,blood_pressure,pht004814,phv00250915
FHS,phs000007,MeasurementObservationSet,Continuous variables,blood_pressure,pht004814,phv00250916
FHS,phs000007,MeasurementObservationSet,Continuous variables,blood_pressure,pht004815,phv00251341
FHS,phs000007,MeasurementObservationSet,Continuous variables,blood_pressure,pht004815,phv00251342
FHS,phs000007,MeasurementObservationSet,Continuous variables,blood_pressure,pht005140,phv00254087
FHS,phs000007,MeasurementObservationSet,Continuous variables,blood_pressure,pht005140,phv00254089
FHS,phs000007,MeasurementObservationSet,Continuous variables,blood_pressure,pht005141,phv00254610
FHS,phs000007,MeasurementObservationSet,Continuous variables,blood_pressure,pht005141,phv00254611
FHS,phs000007,MeasurementObservationSet,Continuous variables,blood_pressure,pht005142,phv00255001
FHS,phs000007,MeasurementObservationSet,Continuous variables,blood_pressure,pht005142,phv00255003
FHS,phs000007,MeasurementObservationSet,Continuous variables,blood_pressure,pht006005,phv00273914
FHS,phs000007,MeasurementObservationSet,Continuous variables,blood_pressure,pht006005,phv00273915
FHS,phs000007,MeasurementObservationSet,Continuous variables,blood_pressure,pht006006,phv00566077
FHS,phs000007,MeasurementObservationSet,Continuous variables,blood_pressure,pht006006,phv00566078
FHS,phs000007,MeasurementObservationSet,Continuous variables,blood_pressure,pht006007,phv00274721
FHS,phs000007,MeasurementObservationSet,Continuous variables,blood_pressure,pht006007,phv00274723
FHS,phs000007,MeasurementObservationSet,Continuous variables,blood_pressure,pht006008,phv00275078
FHS,phs000007,MeasurementObservationSet,Continuous variables,blood_pressure,pht006008,phv00275080
FHS,phs000007,MeasurementObservationSet,Continuous variables,blood_pressure,pht010724,phv00461869
FHS,phs000007,MeasurementObservationSet,Continuous variables,blood_pressure,pht010724,phv00461870
FHS,phs000007,MeasurementObservationSet,Continuous variables,blood_pressure,pht015104,phv00545293
FHS,phs000007,MeasurementObservationSet,Continuous variables,blood_pressure,pht015104,phv00545294
FHS,phs000007,MeasurementObservationSet,Continuous variables,blood_pressure,pht007777,phv00369839
FHS,phs000007,MeasurementObservationSet,Continuous variables,blood_pressure,pht007777,phv00370031
FHS,phs000007,MeasurementObservationSet,Continuous variables,blood_pressure,pht007777,phv00369840
FHS,phs000007,MeasurementObservationSet,Continuous variables,blood_pressure,pht007777,phv00370032
FHS,phs000007,MeasurementObservationSet,Continuous variables,blood_pressure,pht007777,phv00369841
FHS,phs000007,MeasurementObservationSet,Continuous variables,blood_pressure,pht007777,phv00370033
FHS,phs000007,MeasurementObservationSet,Continuous variables,blood_pressure,pht007777,phv00369842
FHS,phs000007,MeasurementObservationSet,Continuous variables,blood_pressure,pht007777,phv00370034
FHS,phs000007,MeasurementObservationSet,Continuous variables,blood_pressure,pht007777,phv00369843
FHS,phs000007,MeasurementObservationSet,Continuous variables,blood_pressure,pht007777,phv00370035
FHS,phs000007,MeasurementObservationSet,Continuous variables,blood_pressure,pht007777,phv00369844
FHS,phs000007,MeasurementObservationSet,Continuous variables,blood_pressure,pht007777,phv00370036
FHS,phs000007,MeasurementObservationSet,Continuous variables,blood_pressure,pht007777,phv00369845
FHS,phs000007,MeasurementObservationSet,Continuous variables,blood_pressure,pht007777,phv00370037
FHS,phs000007,MeasurementObservationSet,Continuous variables,blood_pressure,pht007777,phv00369846
FHS,phs000007,MeasurementObservationSet,Continuous variables,blood_pressure,pht007777,phv00370038
FHS,phs000007,MeasurementObservationSet,Continuous variables,blood_pressure,pht007777,phv00369847
FHS,phs000007,MeasurementObservationSet,Continuous variables,blood_pressure,pht007777,phv00370039
FHS,phs000007,MeasurementObservationSet,Continuous variables,blood_pressure,pht007777,phv00369848
FHS,phs000007,MeasurementObservationSet,Continuous variables,blood_pressure,pht007777,phv00370040
FHS,phs000007,MeasurementObservationSet,Continuous variables,blood_pressure,pht007777,phv00369849
FHS,phs000007,MeasurementObservationSet,Continuous variables,blood_pressure,pht007777,phv00370041
FHS,phs000007,MeasurementObservationSet,Continuous variables,blood_pressure,pht007777,phv00369850
FHS,phs000007,MeasurementObservationSet,Continuous variables,blood_pressure,pht007777,phv00370042
FHS,phs000007,MeasurementObservationSet,Continuous variables,blood_pressure,pht007777,phv00369851
FHS,phs000007,MeasurementObservationSet,Continuous variables,blood_pressure,pht007777,phv00370043
FHS,phs000007,MeasurementObservationSet,Continuous variables,blood_pressure,pht007777,phv00369852
FHS,phs000007,MeasurementObservationSet,Continuous variables,blood_pressure,pht007777,phv00370044
FHS,phs000007,MeasurementObservationSet,Continuous variables,blood_pressure,pht007777,phv00369853
FHS,phs000007,MeasurementObservationSet,Continuous variables,blood_pressure,pht007777,phv00370045
FHS,phs000007,MeasurementObservationSet,Continuous variables,blood_pressure,pht007777,phv00369854
FHS,phs000007,MeasurementObservationSet,Continuous variables,blood_pressure,pht007777,phv00370046
FHS,phs000007,MeasurementObservationSet,Continuous variables,blood_pressure,pht007777,phv00369855
FHS,phs000007,MeasurementObservationSet,Continuous variables,blood_pressure,pht007777,phv00370047
FHS,phs000007,MeasurementObservationSet,Continuous variables,blood_pressure,pht007777,phv00369856
FHS,phs000007,MeasurementObservationSet,Continuous variables,blood_pressure,pht007777,phv00370048
FHS,phs000007,MeasurementObservationSet,Continuous variables,blood_pressure,pht007777,phv00369857
FHS,phs000007,MeasurementObservationSet,Continuous variables,blood_pressure,pht007777,phv00370049
FHS,phs000007,MeasurementObservationSet,Continuous variables,blood_pressure,pht007777,phv00369858
FHS,phs000007,MeasurementObservationSet,Continuous variables,blood_pressure,pht007777,phv00370050
FHS,phs000007,MeasurementObservationSet,Continuous variables,blood_pressure,pht007777,phv00369859
FHS,phs000007,MeasurementObservationSet,Continuous variables,blood_pressure,pht007777,phv00370051
FHS,phs000007,MeasurementObservationSet,Continuous variables,blood_pressure,pht007777,phv00369860
FHS,phs000007,MeasurementObservationSet,Continuous variables,blood_pressure,pht007777,phv00370052
FHS,phs000007,MeasurementObservationSet,Continuous variables,blood_pressure,pht007777,phv00369861
FHS,phs000007,MeasurementObservationSet,Continuous variables,blood_pressure,pht007777,phv00370053
FHS,phs000007,MeasurementObservationSet,Continuous variables,blood_pressure,pht007777,phv00369862
FHS,phs000007,MeasurementObservationSet,Continuous variables,blood_pressure,pht007777,phv00370054
FHS,phs000007,MeasurementObservationSet,Continuous variables,blood_pressure,pht007777,phv00369863
FHS,phs000007,MeasurementObservationSet,Continuous variables,blood_pressure,pht007777,phv00370055
FHS,phs000007,MeasurementObservationSet,Continuous variables,blood_pressure,pht007777,phv00369864
FHS,phs000007,MeasurementObservationSet,Continuous variables,blood_pressure,pht007777,phv00370056
FHS,phs000007,MeasurementObservationSet,Continuous variables,blood_pressure,pht007777,phv00369865
FHS,phs000007,MeasurementObservationSet,Continuous variables,blood_pressure,pht007777,phv00370057
FHS,phs000007,MeasurementObservationSet,Continuous variables,blood_pressure,pht007777,phv00369866
FHS,phs000007,MeasurementObservationSet,Continuous variables,blood_pressure,pht007777,phv00370058
FHS,phs000007,MeasurementObservationSet,Continuous variables,blood_pressure,pht007777,phv00369867
FHS,phs000007,MeasurementObservationSet,Continuous variables,blood_pressure,pht007777,phv00370059
FHS,phs000007,MeasurementObservationSet,Continuous variables,blood_pressure,pht007777,phv00369868
FHS,phs000007,MeasurementObservationSet,Continuous variables,blood_pressure,pht007777,phv00370060
FHS,phs000007,MeasurementObservationSet,Continuous variables,blood_pressure,pht007777,phv00369869
FHS,phs000007,MeasurementObservationSet,Continuous variables,blood_pressure,pht007777,phv00370061
FHS,phs000007,MeasurementObservationSet,Continuous variables,blood_pressure,pht007777,phv00369870
FHS,phs000007,MeasurementObservationSet,Continuous variables,blood_pressure,pht007777,phv00370062
FHS,phs000007,MeasurementObservationSet,Continuous variables,blood_pressure,pht009761,phv00423902
FHS,phs000007,MeasurementObservationSet,Continuous variables,blood_pressure,pht009761,phv00423925
FHS,phs000007,MeasurementObservationSet,Continuous variables,blood_pressure,pht009761,phv00423903
FHS,phs000007,MeasurementObservationSet,Continuous variables,blood_pressure,pht009761,phv00423926
FHS,phs000007,MeasurementObservationSet,Continuous variables,blood_pressure,pht009761,phv00423904
FHS,phs000007,MeasurementObservationSet,Continuous variables,blood_pressure,pht009761,phv00423927
FHS,phs000007,MeasurementObservationSet,Continuous variables,blood_pressure,pht009761,phv00423905
FHS,phs000007,MeasurementObservationSet,Continuous variables,blood_pressure,pht009761,phv00423928
FHS,phs000007,MeasurementObservationSet,Continuous variables,blood_pressure,pht009761,phv00544784
FHS,phs000007,MeasurementObservationSet,Continuous variables,blood_pressure,pht009761,phv00544844
FHS,phs000007,MeasurementObservationSet,Continuous variables,blood_pressure,pht009761,phv00544785
FHS,phs000007,MeasurementObservationSet,Continuous variables,blood_pressure,pht009761,phv00544845
FHS,phs000007,MeasurementObservationSet,Continuous variables,blood_pressure,pht009761,phv00544786
FHS,phs000007,MeasurementObservationSet,Continuous variables,blood_pressure,pht009761,phv00544846
FHS,phs000007,MeasurementObservationSet,Continuous variables,blood_pressure,pht009761,phv00544787
FHS,phs000007,MeasurementObservationSet,Continuous variables,blood_pressure,pht009761,phv00544847
FHS,phs000007,MeasurementObservationSet,Continuous variables,blood_pressure,pht009761,phv00544788
FHS,phs000007,MeasurementObservationSet,Continuous variables,blood_pressure,pht009761,phv00544848
FHS,phs000007,MeasurementObservationSet,Continuous variables,blood_pressure,pht009761,phv00544789
FHS,phs000007,MeasurementObservationSet,Continuous variables,blood_pressure,pht009761,phv00544849
FHS,phs000007,MeasurementObservationSet,Continuous variables,blood_pressure,pht006026,phv00277034
FHS,phs000007,MeasurementObservationSet,Continuous variables,blood_pressure,pht006026,phv00277045
FHS,phs000007,MeasurementObservationSet,Continuous variables,blood_pressure,pht006026,phv00277035
FHS,phs000007,MeasurementObservationSet,Continuous variables,blood_pressure,pht006026,phv00277046
FHS,phs000007,MeasurementObservationSet,Continuous variables,blood_pressure,pht006026,phv00520296
FHS,phs000007,MeasurementObservationSet,Continuous variables,blood_pressure,pht006026,phv00520305
FHS,phs000007,MeasurementObservation,Continuous variables,bmi,pht006026,phv00277024
FHS,phs000007,MeasurementObservation,Continuous variables,bmi,pht006026,phv00277025
FHS,phs000007,MeasurementObservation,Continuous variables,bmi,pht006026,phv00520291
FHS,phs000007,MeasurementObservation,Continuous variables,bmi,pht007777,phv00369740
FHS,phs000007,MeasurementObservation,Continuous variables,bmi,pht007777,phv00369741
FHS,phs000007,MeasurementObservation,Continuous variables,bmi,pht007777,phv00369742
FHS,phs000007,MeasurementObservation,Continuous variables,bmi,pht007777,phv00369743
FHS,phs000007,MeasurementObservation,Continuous variables,bmi,pht007777,phv00369744
FHS,phs000007,MeasurementObservation,Continuous variables,bmi,pht007777,phv00369745
FHS,phs000007,MeasurementObservation,Continuous variables,bmi,pht007777,phv00369746
FHS,phs000007,MeasurementObservation,Continuous variables,bmi,pht007777,phv00369747
FHS,phs000007,MeasurementObservation,Continuous variables,bmi,pht007777,phv00369748
FHS,phs000007,MeasurementObservation,Continuous variables,bmi,pht007777,phv00369749
FHS,phs000007,MeasurementObservation,Continuous variables,bmi,pht007777,phv00369750
FHS,phs000007,MeasurementObservation,Continuous variables,bmi,pht007777,phv00369751
FHS,phs000007,MeasurementObservation,Continuous variables,bmi,pht007777,phv00369752
FHS,phs000007,MeasurementObservation,Continuous variables,bmi,pht007777,phv00369753
FHS,phs000007,MeasurementObservation,Continuous variables,bmi,pht007777,phv00369754
FHS,phs000007,MeasurementObservation,Continuous variables,bmi,pht007777,phv00369755
FHS,phs000007,MeasurementObservation,Continuous variables,bmi,pht007777,phv00369756
FHS,phs000007,MeasurementObservation,Continuous variables,bmi,pht007777,phv00369757
FHS,phs000007,MeasurementObservation,Continuous variables,bmi,pht007777,phv00369758
FHS,phs000007,MeasurementObservation,Continuous variables,bmi,pht007777,phv00369759
FHS,phs000007,MeasurementObservation,Continuous variables,bmi,pht007777,phv00369760
FHS,phs000007,MeasurementObservation,Continuous variables,bmi,pht007777,phv00369761
FHS,phs000007,MeasurementObservation,Continuous variables,bmi,pht007777,phv00369762
FHS,phs000007,MeasurementObservation,Continuous variables,bmi,pht007777,phv00369763
FHS,phs000007,MeasurementObservation,Continuous variables,bmi,pht007777,phv00369764
FHS,phs000007,MeasurementObservation,Continuous variables,bmi,pht007777,phv00369765
FHS,phs000007,MeasurementObservation,Continuous variables,bmi,pht009761,phv00423883
FHS,phs000007,MeasurementObservation,Continuous variables,bmi,pht009761,phv00423884
FHS,phs000007,MeasurementObservation,Continuous variables,bmi,pht009761,phv00423885
FHS,phs000007,MeasurementObservation,Continuous variables,bmi,pht009761,phv00423886
FHS,phs000007,MeasurementObservation,Continuous variables,bmi,pht009761,phv00544754
FHS,phs000007,MeasurementObservation,Continuous variables,bmi,pht009761,phv00544755
FHS,phs000007,MeasurementObservation,Continuous variables,bmi,pht009761,phv00544756
FHS,phs000007,MeasurementObservation,Continuous variables,bmi,pht009761,phv00544757
FHS,phs000007,MeasurementObservation,Continuous variables,bmi,pht009761,phv00544758
FHS,phs000007,MeasurementObservation,Continuous variables,bmi,pht009761,phv00544759
FHS,phs000007,MeasurementObservation,Continuous variables,bmi,pht000395,phv00056588
FHS,phs000007,MeasurementObservation,Continuous variables,bmi,pht000397,phv00056833
FHS,phs000007,MeasurementObservation,Continuous variables,bnp,pht000393,phv00055159
FHS,phs000007,MeasurementObservation,Continuous variables,bnp,pht007776,phv00369624
FHS,phs000007,MeasurementObservation,Continuous variables,bnp,pht007776,phv00369625
FHS,phs000007,MeasurementObservation,Continuous variables,bun,pht000030,phv00007559
FHS,phs000007,MeasurementObservation,Continuous variables,bun,pht000031,phv00008085
FHS,phs000007,MeasurementObservation,Continuous variables,bun,pht001045,phv00081023
FHS,phs000007,MeasurementObservation,Continuous variables,bun,pht006018,phv00276861
FHS,phs000007,MeasurementObservation,Continuous variables,cac_score,pht000144,phv00023194
FHS,phs000007,MeasurementObservation,Continuous variables,cac_score,pht000144,phv00023195
FHS,phs000007,MeasurementObservation,Continuous variables,cac_score,pht000144,phv00023196
FHS,phs000007,MeasurementObservation,Continuous variables,cac_score,pht000145,phv00023200
FHS,phs000007,MeasurementObservation,Continuous variables,cac_score,pht000145,phv00023201
FHS,phs000007,MeasurementObservation,Continuous variables,cac_score,pht000145,phv00023202
FHS,phs000007,MeasurementObservation,Continuous variables,cac_score,pht000147,phv00023235
FHS,phs000007,MeasurementObservation,Continuous variables,cac_score,pht005161,phv00257670
FHS,phs000007,MeasurementObservation,Continuous variables,cac_score,pht000147,phv00023230
FHS,phs000007,MeasurementObservation,Continuous variables,cac_volume,pht005161,phv00257671
FHS,phs000007,MeasurementObservation,Continuous variables,carotid_imt,pht000083,phv00021728
FHS,phs000007,MeasurementObservation,Continuous variables,carotid_imt,pht000083,phv00021729
FHS,phs000007,MeasurementObservation,Continuous variables,carotid_imt,pht000907,phv00076366
FHS,phs000007,MeasurementObservation,Continuous variables,carotid_imt,pht000907,phv00076367
FHS,phs000007,MeasurementObservation,Continuous variables,carotid_sten_left,pht000083,phv00021702
FHS,phs000007,MeasurementObservation,Continuous variables,carotid_sten_right,pht000083,phv00021700
FHS,phs000007,MeasurementObservation,Continuous variables,cesd_score,pht000160,phv00023792
FHS,phs000007,MeasurementObservation,Continuous variables,cesd_score,pht000172,phv00023899
FHS,phs000007,MeasurementObservation,Continuous variables,chloride_bld,pht000031,phv00008103
FHS,phs000007,MeasurementObservation,Continuous variables,chloride_bld,pht001045,phv00081017
FHS,phs000007,Observation,Continuous variables,cig_smok,pht000009,phv00000543
FHS,phs000007,Observation,Continuous variables,cig_smok,pht000009,phv00000780
FHS,phs000007,Observation,Continuous variables,cig_smok,pht007777,phv00369809
FHS,phs000007,Observation,Continuous variables,cig_smok,pht007777,phv00369810
FHS,phs000007,Observation,Continuous variables,cig_smok,pht007777,phv00369811
FHS,phs000007,Observation,Continuous variables,cig_smok,pht007777,phv00369812
FHS,phs000007,Observation,Continuous variables,cig_smok,pht007777,phv00369813
FHS,phs000007,Observation,Continuous variables,cig_smok,pht007777,phv00369814
FHS,phs000007,Observation,Continuous variables,cig_smok,pht007777,phv00369815
FHS,phs000007,Observation,Continuous variables,cig_smok,pht007777,phv00369816
FHS,phs000007,Observation,Continuous variables,cig_smok,pht007777,phv00369817
FHS,phs000007,Observation,Continuous variables,cig_smok,pht007777,phv00369818
FHS,phs000007,Observation,Continuous variables,cig_smok,pht007777,phv00369819
FHS,phs000007,Observation,Continuous variables,cig_smok,pht007777,phv00369820
FHS,phs000007,Observation,Continuous variables,cig_smok,pht007777,phv00369821
FHS,phs000007,Observation,Continuous variables,cig_smok,pht007777,phv00369822
FHS,phs000007,Observation,Continuous variables,cig_smok,pht007777,phv00369823
FHS,phs000007,Observation,Continuous variables,cig_smok,pht007777,phv00369824
FHS,phs000007,Observation,Continuous variables,cig_smok,pht007777,phv00369825
FHS,phs000007,Observation,Continuous variables,cig_smok,pht007777,phv00369826
FHS,phs000007,Observation,Continuous variables,cig_smok,pht007777,phv00369827
FHS,phs000007,Observation,Continuous variables,cig_smok,pht007777,phv00369828
FHS,phs000007,Observation,Continuous variables,cig_smok,pht007777,phv00369829
FHS,phs000007,Observation,Continuous variables,cig_smok,pht007777,phv00369830
FHS,phs000007,Observation,Continuous variables,cig_smok,pht007777,phv00369831
FHS,phs000007,Observation,Continuous variables,cig_smok,pht007777,phv00369832
FHS,phs000007,Observation,Continuous variables,cig_smok,pht007777,phv00369833
FHS,phs000007,Observation,Continuous variables,cig_smok,pht007777,phv00369834
FHS,phs000007,Observation,Continuous variables,cig_smok,pht007777,phv00369835
FHS,phs000007,Observation,Continuous variables,cig_smok,pht007777,phv00369836
FHS,phs000007,Observation,Continuous variables,cig_smok,pht007777,phv00369837
FHS,phs000007,Observation,Continuous variables,cig_smok,pht007777,phv00369838
FHS,phs000007,Observation,Continuous variables,cig_smok,pht012916,phv00525298
FHS,phs000007,Observation,Continuous variables,cig_smok,pht012916,phv00525299
FHS,phs000007,Observation,Continuous variables,cig_smok,pht012916,phv00525300
FHS,phs000007,Observation,Continuous variables,cig_smok,pht012916,phv00525301
FHS,phs000007,Observation,Continuous variables,cig_smok,pht012916,phv00525302
FHS,phs000007,Observation,Continuous variables,cig_smok,pht012916,phv00525303
FHS,phs000007,Observation,Continuous variables,cig_smok,pht012916,phv00525304
FHS,phs000007,Observation,Continuous variables,cig_smok,pht012916,phv00525305
FHS,phs000007,Observation,Continuous variables,cig_smok,pht012916,phv00525306
FHS,phs000007,Observation,Continuous variables,cig_smok,pht012916,phv00566385
FHS,phs000007,Condition,Conditions,copd,pht003094,phv00177574
FHS,phs000007,Condition,Conditions,copd,pht006005,phv00274134
FHS,phs000007,Condition,Conditions,copd,pht004815,phv00251717
FHS,phs000007,Condition,Conditions,copd,pht005140,phv00254499
FHS,phs000007,Condition,Conditions,copd,pht005142,phv00255330
FHS,phs000007,Condition,Conditions,copd,pht006007,phv00275055
FHS,phs000007,Condition,Conditions,copd,pht006008,phv00275389
FHS,phs000007,Condition,Conditions,copd,pht000747,phv00072500
FHS,phs000007,Condition,Conditions,copd,pht000074,phv00021307
FHS,phs000007,Condition,Conditions,copd,pht000395,phv00055303
FHS,phs000007,Condition,Conditions,copd,pht000397,phv00056802
FHS,phs000007,MeasurementObservation,Continuous variables,creat_bld,pht000016,phv00002416
FHS,phs000007,MeasurementObservation,Continuous variables,creat_bld,pht000146,phv00023207
FHS,phs000007,MeasurementObservation,Continuous variables,creat_bld,pht000017,phv00002654
FHS,phs000007,MeasurementObservation,Continuous variables,creat_bld,pht000026,phv00006322
FHS,phs000007,MeasurementObservation,Continuous variables,creat_bld,pht000027,phv00006662
FHS,phs000007,MeasurementObservation,Continuous variables,creat_bld,pht000028,phv00006665
FHS,phs000007,MeasurementObservation,Continuous variables,creat_bld,pht000029,phv00007526
FHS,phs000007,MeasurementObservation,Continuous variables,creat_bld,pht000074,phv00021396
FHS,phs000007,MeasurementObservation,Continuous variables,creat_bld,pht000692,phv00070734
FHS,phs000007,MeasurementObservation,Continuous variables,creat_bld,pht000742,phv00071894
FHS,phs000007,MeasurementObservation,Continuous variables,creat_bld,pht001039,phv00080753
FHS,phs000007,MeasurementObservation,Continuous variables,creat_bld,pht001045,phv00081024
FHS,phs000007,MeasurementObservation,Continuous variables,creat_bld,pht002234,phv00161767
FHS,phs000007,MeasurementObservation,Continuous variables,creat_bld,pht002566,phv00166800
FHS,phs000007,MeasurementObservation,Continuous variables,creat_bld,pht002889,phv00172175
FHS,phs000007,MeasurementObservation,Continuous variables,creat_bld,pht002895,phv00172326
FHS,phs000007,MeasurementObservation,Continuous variables,creat_bld,pht004802,phv00227058
FHS,phs000007,MeasurementObservation,Continuous variables,creat_bld,pht005143,phv00255344
FHS,phs000007,MeasurementObservation,Continuous variables,creat_bld,pht006010,phv00275408
FHS,phs000007,MeasurementObservation,Continuous variables,creat_bld,pht006011,phv00275417
FHS,phs000007,MeasurementObservation,Continuous variables,creat_bld,pht006018,phv00276860
FHS,phs000007,MeasurementObservation,Continuous variables,creat_bld,pht006026,phv00277030
FHS,phs000007,MeasurementObservation,Continuous variables,creat_bld,pht006026,phv00277031
FHS,phs000007,MeasurementObservation,Continuous variables,creat_bld,pht009761,phv00544772
FHS,phs000007,MeasurementObservation,Continuous variables,creat_bld,pht009761,phv00544773
FHS,phs000007,MeasurementObservation,Continuous variables,creat_bld,pht009761,phv00544774
FHS,phs000007,MeasurementObservation,Continuous variables,creat_bld,pht009761,phv00544775
FHS,phs000007,MeasurementObservation,Continuous variables,creat_bld,pht009761,phv00544776
FHS,phs000007,MeasurementObservation,Continuous variables,creat_bld,pht007777,phv00369801
FHS,phs000007,MeasurementObservation,Continuous variables,creat_bld,pht007777,phv00369802
FHS,phs000007,MeasurementObservation,Continuous variables,creat_bld,pht007777,phv00369803
FHS,phs000007,MeasurementObservation,Continuous variables,creat_bld,pht007777,phv00369804
FHS,phs000007,MeasurementObservation,Continuous variables,creat_bld,pht007777,phv00369805
FHS,phs000007,MeasurementObservation,Continuous variables,creat_bld,pht007777,phv00369806
FHS,phs000007,MeasurementObservation,Continuous variables,creat_bld,pht007777,phv00369807
FHS,phs000007,MeasurementObservation,Continuous variables,creat_bld,pht007777,phv00369808
FHS,phs000007,MeasurementObservation,Continuous variables,creat_bld,pht009761,phv00423895
FHS,phs000007,MeasurementObservation,Continuous variables,creat_bld,pht009761,phv00423896
FHS,phs000007,MeasurementObservation,Continuous variables,creat_bld,pht009761,phv00423897
FHS,phs000007,MeasurementObservation,Continuous variables,creat_urin,pht000313,phv00036494
FHS,phs000007,MeasurementObservation,Continuous variables,creat_urin,pht006011,phv00275419
FHS,phs000007,MeasurementObservation,Continuous variables,creat_urin,pht000685,phv00070900
FHS,phs000007,MeasurementObservation,Continuous variables,creat_urin,pht000742,phv00071896
FHS,phs000007,MeasurementObservation,Continuous variables,creat_urin,pht002889,phv00172162
FHS,phs000007,MeasurementObservation,Continuous variables,creat_urin,pht004363,phv00219548
FHS,phs000007,MeasurementObservation,Continuous variables,creat_urin,pht004802,phv00227046
FHS,phs000007,MeasurementObservation,Continuous variables,creat_urin,pht004809,phv00227269
FHS,phs000007,MeasurementObservation,Continuous variables,creat_urin,pht004809,phv00227286
FHS,phs000007,MeasurementObservation,Continuous variables,crp,pht000080,phv00021690
FHS,phs000007,MeasurementObservation,Continuous variables,crp,pht000081,phv00021693
FHS,phs000007,MeasurementObservation,Continuous variables,crp,pht002889,phv00172177
FHS,phs000007,MeasurementObservation,Continuous variables,crp,pht002889,phv00462201
FHS,phs000007,MeasurementObservation,Continuous variables,crp,pht004802,phv00227060
FHS,phs000007,MeasurementObservation,Continuous variables,crp,pht004802,phv00227067
FHS,phs000007,MeasurementObservation,Continuous variables,crp,pht012880,phv00520365
FHS,phs000007,MeasurementObservation,Continuous variables,crp,pht010726,phv00462196
FHS,phs000007,MeasurementObservation,Continuous variables,crp,pht010726,phv00462201
FHS,phs000007,MeasurementObservation,Continuous variables,crp,pht012881,phv00520381
FHS,phs000007,MeasurementObservation,Continuous variables,crp,pht012882,phv00520398
FHS,phs000007,MeasurementObservation,Continuous variables,cysc_bld,pht000146,phv00023208
FHS,phs000007,MeasurementObservation,Continuous variables,d_dimer,pht000085,phv00021744
FHS,phs000007,Condition,Conditions,diabetes,pht000035,phv00010095
FHS,phs000007,Condition,Conditions,diabetes,pht000040,phv00080829
FHS,phs000007,Condition,Conditions,diabetes,pht000040,phv00080830
FHS,phs000007,Condition,Conditions,diabetes,pht000040,phv00080831
FHS,phs000007,Condition,Conditions,diabetes,pht000040,phv00080832
FHS,phs000007,Condition,Conditions,diabetes,pht000040,phv00080833
FHS,phs000007,Condition,Conditions,diabetes,pht000040,phv00080834
FHS,phs000007,Condition,Conditions,diabetes,pht000040,phv00080835
FHS,phs000007,Condition,Conditions,diabetes,pht000040,phv00080836
FHS,phs000007,Condition,Conditions,diabetes,pht000040,phv00080837
FHS,phs000007,Condition,Conditions,diabetes,pht000040,phv00080838
FHS,phs000007,Condition,Conditions,diabetes,pht000040,phv00080839
FHS,phs000007,Condition,Conditions,diabetes,pht000040,phv00080840
FHS,phs000007,Condition,Conditions,diabetes,pht000040,phv00080841
FHS,phs000007,Condition,Conditions,diabetes,pht000040,phv00080842
FHS,phs000007,Condition,Conditions,diabetes,pht000040,phv00080843
FHS,phs000007,Condition,Conditions,diabetes,pht000040,phv00080844
FHS,phs000007,Condition,Conditions,diabetes,pht000040,phv00080845
FHS,phs000007,Condition,Conditions,diabetes,pht000040,phv00080846
FHS,phs000007,Condition,Conditions,diabetes,pht000040,phv00080847
FHS,phs000007,Condition,Conditions,diabetes,pht000040,phv00080848
FHS,phs000007,Condition,Conditions,diabetes,pht000040,phv00080849
FHS,phs000007,Condition,Conditions,diabetes,pht000040,phv00080850
FHS,phs000007,Condition,Conditions,diabetes,pht000040,phv00080851
FHS,phs000007,Condition,Conditions,diabetes,pht000040,phv00080852
FHS,phs000007,Condition,Conditions,diabetes,pht000040,phv00080853
FHS,phs000007,Condition,Conditions,diabetes,pht000040,phv00080854
FHS,phs000007,Condition,Conditions,diabetes,pht000040,phv00080855
FHS,phs000007,Condition,Conditions,diabetes,pht000040,phv00080856
FHS,phs000007,Condition,Conditions,diabetes,pht000040,phv00080857
FHS,phs000007,Condition,Conditions,diabetes,pht000040,phv00080858
FHS,phs000007,Condition,Conditions,diabetes,pht000040,phv00080859
FHS,phs000007,Condition,Conditions,diabetes,pht000040,phv00080860
FHS,phs000007,Condition,Conditions,diabetes,pht000040,phv00080861
FHS,phs000007,Condition,Conditions,diabetes,pht000040,phv00080862
FHS,phs000007,Condition,Conditions,diabetes,pht000040,phv00080863
FHS,phs000007,Condition,Conditions,diabetes,pht000040,phv00080864
FHS,phs000007,Condition,Conditions,diabetes,pht000040,phv00080865
FHS,phs000007,Condition,Conditions,diabetes,pht000040,phv00080866
FHS,phs000007,Condition,Conditions,diabetes,pht000040,phv00080867
FHS,phs000007,Condition,Conditions,diabetes,pht000040,phv00080868
FHS,phs000007,Condition,Conditions,diabetes,pht000040,phv00080869
FHS,phs000007,Condition,Conditions,diabetes,pht000040,phv00080870
FHS,phs000007,Condition,Conditions,diabetes,pht000040,phv00080871
FHS,phs000007,Condition,Conditions,diabetes,pht000040,phv00080872
FHS,phs000007,Condition,Conditions,diabetes,pht000040,phv00080873
FHS,phs000007,Condition,Conditions,diabetes,pht000040,phv00080874
FHS,phs000007,Condition,Conditions,diabetes,pht000040,phv00080875
FHS,phs000007,Condition,Conditions,diabetes,pht000040,phv00080876
FHS,phs000007,Condition,Conditions,diabetes,pht000040,phv00080877
FHS,phs000007,Condition,Conditions,diabetes,pht000040,phv00080878
FHS,phs000007,Condition,Conditions,diabetes,pht000040,phv00080879
FHS,phs000007,Condition,Conditions,diabetes,pht000040,phv00080880
FHS,phs000007,Condition,Conditions,diabetes,pht000040,phv00080881
FHS,phs000007,Condition,Conditions,diabetes,pht000040,phv00080882
FHS,phs000007,Condition,Conditions,diabetes,pht000040,phv00369402
FHS,phs000007,Condition,Conditions,diabetes,pht000040,phv00369403
FHS,phs000007,Condition,Conditions,diabetes,pht000041,phv00010784
FHS,phs000007,Condition,Conditions,diabetes,pht000041,phv00010785
FHS,phs000007,Condition,Conditions,diabetes,pht000041,phv00010786
FHS,phs000007,Condition,Conditions,diabetes,pht000041,phv00010787
FHS,phs000007,Condition,Conditions,diabetes,pht000041,phv00010788
FHS,phs000007,Condition,Conditions,diabetes,pht000041,phv00010789
FHS,phs000007,Condition,Conditions,diabetes,pht000041,phv00010790
FHS,phs000007,Condition,Conditions,diabetes,pht000041,phv00010791
FHS,phs000007,Condition,Conditions,diabetes,pht000041,phv00010792
FHS,phs000007,Condition,Conditions,diabetes,pht000041,phv00010793
FHS,phs000007,Condition,Conditions,diabetes,pht000041,phv00010794
FHS,phs000007,Condition,Conditions,diabetes,pht000041,phv00010795
FHS,phs000007,Condition,Conditions,diabetes,pht000041,phv00010796
FHS,phs000007,Condition,Conditions,diabetes,pht000041,phv00010797
FHS,phs000007,Condition,Conditions,diabetes,pht000041,phv00369406
FHS,phs000007,Condition,Conditions,diabetes,pht000041,phv00369407
FHS,phs000007,Condition,Conditions,diabetes,pht000041,phv00369408
FHS,phs000007,Condition,Conditions,diabetes,pht000041,phv00369409
FHS,phs000007,Condition,Conditions,diabetes,pht000747,phv00072059
FHS,phs000007,Condition,Conditions,diabetes,pht007775,phv00369583
FHS,phs000007,Condition,Conditions,diabetes,pht007775,phv00369584
FHS,phs000007,Condition,Conditions,diabetes,pht007775,phv00369585
FHS,phs000007,Condition,Conditions,diabetes,pht007775,phv00369586
FHS,phs000007,SdohObservation,SdohObservations,edu_lvl,pht000009,phv00000480
FHS,phs000007,SdohObservation,SdohObservations,edu_lvl,pht004374,phv00220824
FHS,phs000007,SdohObservation,SdohObservations,edu_lvl,pht004375,phv00254006
FHS,phs000007,MeasurementObservation,Continuous variables,eosinophil_ncnc_bld,pht002889,phv00172196
FHS,phs000007,MeasurementObservation,Continuous variables,eosinophil_ncnc_bld,pht004802,phv00227043
FHS,phs000007,MeasurementObservation,Continuous variables,eselectin,pht002425,phv00163434
FHS,phs000007,MeasurementObservation,Continuous variables,factor_7,pht000198,phv00024570
FHS,phs000007,MeasurementObservation,Continuous variables,factor_7,pht004806,phv00227096
FHS,phs000007,Observation,Continuous variables,fam_income,pht003094,phv00177608
FHS,phs000007,Observation,Continuous variables,fam_income,pht006005,phv00274078
FHS,phs000007,Observation,Continuous variables,fam_income,pht000074,phv00021256
FHS,phs000007,Observation,Continuous variables,fam_income,pht000100,phv00022428
FHS,phs000007,Condition,Conditions,fam_stroke,pht000035,phv00010084
FHS,phs000007,Condition,Conditions,fam_stroke,pht000035,phv00010091
FHS,phs000007,MeasurementObservation,Continuous variables,fast_gluc_bld,pht002889,phv00172173
FHS,phs000007,MeasurementObservation,Continuous variables,fast_gluc_bld,pht006026,phv00277038
FHS,phs000007,MeasurementObservation,Continuous variables,fast_gluc_bld,pht006026,phv00277039
FHS,phs000007,MeasurementObservation,Continuous variables,fast_gluc_bld,pht009761,phv00544804
FHS,phs000007,MeasurementObservation,Continuous variables,fast_gluc_bld,pht009761,phv00544805
FHS,phs000007,MeasurementObservation,Continuous variables,fast_gluc_bld,pht009761,phv00544806
FHS,phs000007,MeasurementObservation,Continuous variables,fast_gluc_bld,pht009761,phv00544807
FHS,phs000007,MeasurementObservation,Continuous variables,fast_gluc_bld,pht009761,phv00544808
FHS,phs000007,MeasurementObservation,Continuous variables,fast_gluc_bld,pht009761,phv00423910
FHS,phs000007,MeasurementObservation,Continuous variables,fast_gluc_bld,pht009761,phv00423911
FHS,phs000007,MeasurementObservation,Continuous variables,fast_gluc_bld,pht009761,phv00423912
FHS,phs000007,MeasurementObservation,Continuous variables,fast_gluc_bld,pht009761,phv00423913
FHS,phs000007,MeasurementObservation,Continuous variables,fibrin,pht000012,phv00001384
FHS,phs000007,MeasurementObservation,Continuous variables,fibrin,pht000024,phv00005553
FHS,phs000007,MeasurementObservation,Continuous variables,fibrin,pht000025,phv00006029
FHS,phs000007,MeasurementObservation,Continuous variables,fibrin,pht000074,phv00021397
FHS,phs000007,MeasurementObservation,Continuous variables,fibrin,pht000084,phv00021740
FHS,phs000007,MeasurementObservation,Continuous variables,fibrin,pht000085,phv00021745
FHS,phs000007,MeasurementObservation,Continuous variables,fibrin,pht000086,phv00021747
FHS,phs000007,MeasurementObservation,Continuous variables,fibrin,pht004806,phv00227093
FHS,phs000007,MeasurementObservation,Continuous variables,fruit_serving,pht000680,phv00070066
FHS,phs000007,MeasurementObservation,Continuous variables,fruit_serving,pht000680,phv00070067
FHS,phs000007,MeasurementObservation,Continuous variables,fruit_serving,pht000680,phv00070068
FHS,phs000007,MeasurementObservation,Continuous variables,fruit_serving,pht000680,phv00070069
FHS,phs000007,MeasurementObservation,Continuous variables,fruit_serving,pht000680,phv00070070
FHS,phs000007,MeasurementObservation,Continuous variables,fruit_serving,pht000680,phv00070071
FHS,phs000007,MeasurementObservation,Continuous variables,fruit_serving,pht000680,phv00070072
FHS,phs000007,MeasurementObservation,Continuous variables,fruit_serving,pht000680,phv00070073
FHS,phs000007,MeasurementObservation,Continuous variables,fruit_serving,pht000680,phv00070074
FHS,phs000007,MeasurementObservation,Continuous variables,fruit_serving,pht000680,phv00070075
FHS,phs000007,MeasurementObservation,Continuous variables,fruit_serving,pht000680,phv00070076
FHS,phs000007,MeasurementObservation,Continuous variables,fruit_serving,pht000680,phv00070077
FHS,phs000007,MeasurementObservation,Continuous variables,fruit_serving,pht000680,phv00070078
FHS,phs000007,MeasurementObservation,Continuous variables,fruit_serving,pht000680,phv00070079
FHS,phs000007,MeasurementObservation,Continuous variables,fruit_serving,pht000680,phv00070080
FHS,phs000007,MeasurementObservation,Continuous variables,fruit_serving,pht000681,phv00068473
FHS,phs000007,MeasurementObservation,Continuous variables,fruit_serving,pht000681,phv00068474
FHS,phs000007,MeasurementObservation,Continuous variables,fruit_serving,pht000681,phv00068475
FHS,phs000007,MeasurementObservation,Continuous variables,fruit_serving,pht000681,phv00068476
FHS,phs000007,MeasurementObservation,Continuous variables,fruit_serving,pht000681,phv00068477
FHS,phs000007,MeasurementObservation,Continuous variables,fruit_serving,pht000681,phv00068478
FHS,phs000007,MeasurementObservation,Continuous variables,fruit_serving,pht000681,phv00068479
FHS,phs000007,MeasurementObservation,Continuous variables,fruit_serving,pht000681,phv00068480
FHS,phs000007,MeasurementObservation,Continuous variables,fruit_serving,pht000681,phv00068481
FHS,phs000007,MeasurementObservation,Continuous variables,fruit_serving,pht000681,phv00068482
FHS,phs000007,MeasurementObservation,Continuous variables,fruit_serving,pht000681,phv00068483
FHS,phs000007,MeasurementObservation,Continuous variables,fruit_serving,pht000681,phv00068484
FHS,phs000007,MeasurementObservation,Continuous variables,fruit_serving,pht000681,phv00068485
FHS,phs000007,MeasurementObservation,Continuous variables,fruit_serving,pht000681,phv00068486
FHS,phs000007,MeasurementObservation,Continuous variables,fruit_serving,pht000681,phv00068487
FHS,phs000007,MeasurementObservation,Continuous variables,fruit_serving,pht000682,phv00069042
FHS,phs000007,MeasurementObservation,Continuous variables,fruit_serving,pht000682,phv00069043
FHS,phs000007,MeasurementObservation,Continuous variables,fruit_serving,pht000682,phv00069044
FHS,phs000007,MeasurementObservation,Continuous variables,fruit_serving,pht000682,phv00069045
FHS,phs000007,MeasurementObservation,Continuous variables,fruit_serving,pht000682,phv00069046
FHS,phs000007,MeasurementObservation,Continuous variables,fruit_serving,pht000682,phv00069047
FHS,phs000007,MeasurementObservation,Continuous variables,fruit_serving,pht000682,phv00069048
FHS,phs000007,MeasurementObservation,Continuous variables,fruit_serving,pht000682,phv00069049
FHS,phs000007,MeasurementObservation,Continuous variables,fruit_serving,pht000682,phv00069050
FHS,phs000007,MeasurementObservation,Continuous variables,fruit_serving,pht000682,phv00069051
FHS,phs000007,MeasurementObservation,Continuous variables,fruit_serving,pht000682,phv00069052
FHS,phs000007,MeasurementObservation,Continuous variables,fruit_serving,pht000682,phv00069053
FHS,phs000007,MeasurementObservation,Continuous variables,fruit_serving,pht000682,phv00069054
FHS,phs000007,MeasurementObservation,Continuous variables,fruit_serving,pht000682,phv00069055
FHS,phs000007,MeasurementObservation,Continuous variables,fruit_serving,pht000682,phv00069056
FHS,phs000007,MeasurementObservation,Continuous variables,fruit_serving,pht002150,phv00157176
FHS,phs000007,MeasurementObservation,Continuous variables,fruit_serving,pht002150,phv00157177
FHS,phs000007,MeasurementObservation,Continuous variables,fruit_serving,pht002150,phv00157178
FHS,phs000007,MeasurementObservation,Continuous variables,fruit_serving,pht002150,phv00157179
FHS,phs000007,MeasurementObservation,Continuous variables,fruit_serving,pht002150,phv00157180
FHS,phs000007,MeasurementObservation,Continuous variables,fruit_serving,pht002150,phv00157181
FHS,phs000007,MeasurementObservation,Continuous variables,fruit_serving,pht002150,phv00157182
FHS,phs000007,MeasurementObservation,Continuous variables,fruit_serving,pht002150,phv00157183
FHS,phs000007,MeasurementObservation,Continuous variables,fruit_serving,pht002150,phv00157184
FHS,phs000007,MeasurementObservation,Continuous variables,fruit_serving,pht002150,phv00157185
FHS,phs000007,MeasurementObservation,Continuous variables,fruit_serving,pht002150,phv00157186
FHS,phs000007,MeasurementObservation,Continuous variables,fruit_serving,pht002150,phv00157187
FHS,phs000007,MeasurementObservation,Continuous variables,fruit_serving,pht002150,phv00157188
FHS,phs000007,MeasurementObservation,Continuous variables,fruit_serving,pht002150,phv00157189
FHS,phs000007,MeasurementObservation,Continuous variables,fruit_serving,pht002150,phv00157190
FHS,phs000007,MeasurementObservation,Continuous variables,fruit_serving,pht002151,phv00157617
FHS,phs000007,MeasurementObservation,Continuous variables,fruit_serving,pht002151,phv00157618
FHS,phs000007,MeasurementObservation,Continuous variables,fruit_serving,pht002151,phv00157619
FHS,phs000007,MeasurementObservation,Continuous variables,fruit_serving,pht002151,phv00157620
FHS,phs000007,MeasurementObservation,Continuous variables,fruit_serving,pht002151,phv00157621
FHS,phs000007,MeasurementObservation,Continuous variables,fruit_serving,pht002151,phv00157622
FHS,phs000007,MeasurementObservation,Continuous variables,fruit_serving,pht002151,phv00157623
FHS,phs000007,MeasurementObservation,Continuous variables,fruit_serving,pht002151,phv00157624
FHS,phs000007,MeasurementObservation,Continuous variables,fruit_serving,pht002151,phv00157625
FHS,phs000007,MeasurementObservation,Continuous variables,fruit_serving,pht002151,phv00157626
FHS,phs000007,MeasurementObservation,Continuous variables,fruit_serving,pht002151,phv00157627
FHS,phs000007,MeasurementObservation,Continuous variables,fruit_serving,pht002151,phv00157628
FHS,phs000007,MeasurementObservation,Continuous variables,fruit_serving,pht002151,phv00157629
FHS,phs000007,MeasurementObservation,Continuous variables,fruit_serving,pht002151,phv00157630
FHS,phs000007,MeasurementObservation,Continuous variables,fruit_serving,pht002151,phv00157631
FHS,phs000007,MeasurementObservation,Continuous variables,fruit_serving,pht002153,phv00158420
FHS,phs000007,MeasurementObservation,Continuous variables,fruit_serving,pht002153,phv00158421
FHS,phs000007,MeasurementObservation,Continuous variables,fruit_serving,pht002153,phv00158422
FHS,phs000007,MeasurementObservation,Continuous variables,fruit_serving,pht002153,phv00158423
FHS,phs000007,MeasurementObservation,Continuous variables,fruit_serving,pht002153,phv00158424
FHS,phs000007,MeasurementObservation,Continuous variables,fruit_serving,pht002153,phv00158425
FHS,phs000007,MeasurementObservation,Continuous variables,fruit_serving,pht002153,phv00158426
FHS,phs000007,MeasurementObservation,Continuous variables,fruit_serving,pht002153,phv00158427
FHS,phs000007,MeasurementObservation,Continuous variables,fruit_serving,pht002153,phv00158428
FHS,phs000007,MeasurementObservation,Continuous variables,fruit_serving,pht002153,phv00158429
FHS,phs000007,MeasurementObservation,Continuous variables,fruit_serving,pht002153,phv00158430
FHS,phs000007,MeasurementObservation,Continuous variables,fruit_serving,pht002153,phv00158431
FHS,phs000007,MeasurementObservation,Continuous variables,fruit_serving,pht002153,phv00158432
FHS,phs000007,MeasurementObservation,Continuous variables,fruit_serving,pht002153,phv00158433
FHS,phs000007,MeasurementObservation,Continuous variables,fruit_serving,pht002153,phv00158434
FHS,phs000007,MeasurementObservation,Continuous variables,fruit_serving,pht002350,phv00162554
FHS,phs000007,MeasurementObservation,Continuous variables,fruit_serving,pht002350,phv00162555
FHS,phs000007,MeasurementObservation,Continuous variables,fruit_serving,pht002350,phv00162556
FHS,phs000007,MeasurementObservation,Continuous variables,fruit_serving,pht002350,phv00162557
FHS,phs000007,MeasurementObservation,Continuous variables,fruit_serving,pht002350,phv00162558
FHS,phs000007,MeasurementObservation,Continuous variables,fruit_serving,pht002350,phv00162559
FHS,phs000007,MeasurementObservation,Continuous variables,fruit_serving,pht002350,phv00162560
FHS,phs000007,MeasurementObservation,Continuous variables,fruit_serving,pht002350,phv00162561
FHS,phs000007,MeasurementObservation,Continuous variables,fruit_serving,pht002350,phv00162562
FHS,phs000007,MeasurementObservation,Continuous variables,fruit_serving,pht002350,phv00162563
FHS,phs000007,MeasurementObservation,Continuous variables,fruit_serving,pht002350,phv00162564
FHS,phs000007,MeasurementObservation,Continuous variables,fruit_serving,pht002350,phv00162565
FHS,phs000007,MeasurementObservation,Continuous variables,fruit_serving,pht002350,phv00162566
FHS,phs000007,MeasurementObservation,Continuous variables,fruit_serving,pht002350,phv00162567
FHS,phs000007,MeasurementObservation,Continuous variables,fruit_serving,pht002350,phv00162568
FHS,phs000007,MeasurementObservation,Continuous variables,fruit_serving,pht002900,phv00172953
FHS,phs000007,MeasurementObservation,Continuous variables,fruit_serving,pht002900,phv00172954
FHS,phs000007,MeasurementObservation,Continuous variables,fruit_serving,pht002900,phv00172955
FHS,phs000007,MeasurementObservation,Continuous variables,fruit_serving,pht002900,phv00172956
FHS,phs000007,MeasurementObservation,Continuous variables,fruit_serving,pht002900,phv00172957
FHS,phs000007,MeasurementObservation,Continuous variables,fruit_serving,pht002900,phv00172958
FHS,phs000007,MeasurementObservation,Continuous variables,fruit_serving,pht002900,phv00172959
FHS,phs000007,MeasurementObservation,Continuous variables,fruit_serving,pht002900,phv00172960
FHS,phs000007,MeasurementObservation,Continuous variables,fruit_serving,pht002900,phv00172961
FHS,phs000007,MeasurementObservation,Continuous variables,fruit_serving,pht002900,phv00172962
FHS,phs000007,MeasurementObservation,Continuous variables,fruit_serving,pht002900,phv00172963
FHS,phs000007,MeasurementObservation,Continuous variables,fruit_serving,pht002900,phv00172964
FHS,phs000007,MeasurementObservation,Continuous variables,fruit_serving,pht002900,phv00172965
FHS,phs000007,MeasurementObservation,Continuous variables,fruit_serving,pht002900,phv00172966
FHS,phs000007,MeasurementObservation,Continuous variables,fruit_serving,pht002900,phv00172967
FHS,phs000007,MeasurementObservation,Continuous variables,fruit_serving,pht002900,phv00172968
FHS,phs000007,MeasurementObservation,Continuous variables,fruit_serving,pht002900,phv00172969
FHS,phs000007,MeasurementObservation,Continuous variables,glucose_bld,pht000021,phv00004081
FHS,phs000007,MeasurementObservation,Continuous variables,glucose_bld,pht000022,phv00004517
FHS,phs000007,MeasurementObservation,Continuous variables,glucose_bld,pht000023,phv00004937
FHS,phs000007,MeasurementObservation,Continuous variables,glucose_bld,pht000024,phv00005550
FHS,phs000007,MeasurementObservation,Continuous variables,glucose_bld,pht000025,phv00006026
FHS,phs000007,MeasurementObservation,Continuous variables,glucose_bld,pht000028,phv00006666
FHS,phs000007,MeasurementObservation,Continuous variables,glucose_bld,pht000029,phv00007527
FHS,phs000007,MeasurementObservation,Continuous variables,glucose_bld,pht000030,phv00007558
FHS,phs000007,MeasurementObservation,Continuous variables,glucose_bld,pht000031,phv00008084
FHS,phs000007,MeasurementObservation,Continuous variables,glucose_bld,pht000032,phv00008731
FHS,phs000007,MeasurementObservation,Continuous variables,glucose_bld,pht000033,phv00009125
FHS,phs000007,MeasurementObservation,Continuous variables,glucose_bld,pht000034,phv00009577
FHS,phs000007,MeasurementObservation,Continuous variables,glucose_bld,pht000035,phv00010133
FHS,phs000007,MeasurementObservation,Continuous variables,glucose_bld,pht000036,phv00010143
FHS,phs000007,MeasurementObservation,Continuous variables,glucose_bld,pht000040,phv00080781
FHS,phs000007,MeasurementObservation,Continuous variables,glucose_bld,pht000040,phv00080782
FHS,phs000007,MeasurementObservation,Continuous variables,glucose_bld,pht000040,phv00080783
FHS,phs000007,MeasurementObservation,Continuous variables,glucose_bld,pht000040,phv00080784
FHS,phs000007,MeasurementObservation,Continuous variables,glucose_bld,pht000040,phv00080785
FHS,phs000007,MeasurementObservation,Continuous variables,glucose_bld,pht000040,phv00080786
FHS,phs000007,MeasurementObservation,Continuous variables,glucose_bld,pht000040,phv00080787
FHS,phs000007,MeasurementObservation,Continuous variables,glucose_bld,pht000040,phv00080788
FHS,phs000007,MeasurementObservation,Continuous variables,glucose_bld,pht000040,phv00080789
FHS,phs000007,MeasurementObservation,Continuous variables,glucose_bld,pht000040,phv00080790
FHS,phs000007,MeasurementObservation,Continuous variables,glucose_bld,pht000040,phv00080791
FHS,phs000007,MeasurementObservation,Continuous variables,glucose_bld,pht000040,phv00080792
FHS,phs000007,MeasurementObservation,Continuous variables,glucose_bld,pht000040,phv00080793
FHS,phs000007,MeasurementObservation,Continuous variables,glucose_bld,pht000040,phv00080794
FHS,phs000007,MeasurementObservation,Continuous variables,glucose_bld,pht000040,phv00080795
FHS,phs000007,MeasurementObservation,Continuous variables,glucose_bld,pht000040,phv00080796
FHS,phs000007,MeasurementObservation,Continuous variables,glucose_bld,pht000040,phv00080797
FHS,phs000007,MeasurementObservation,Continuous variables,glucose_bld,pht000040,phv00080798
FHS,phs000007,MeasurementObservation,Continuous variables,glucose_bld,pht000040,phv00080799
FHS,phs000007,MeasurementObservation,Continuous variables,glucose_bld,pht000040,phv00080800
FHS,phs000007,MeasurementObservation,Continuous variables,glucose_bld,pht000040,phv00080801
FHS,phs000007,MeasurementObservation,Continuous variables,glucose_bld,pht000040,phv00369401
FHS,phs000007,MeasurementObservation,Continuous variables,glucose_bld,pht000074,phv00021394
FHS,phs000007,MeasurementObservation,Continuous variables,glucose_bld,pht000692,phv00070730
FHS,phs000007,MeasurementObservation,Continuous variables,glucose_bld,pht000742,phv00071893
FHS,phs000007,MeasurementObservation,Continuous variables,glucose_bld,pht004801,phv00227016
FHS,phs000007,MeasurementObservation,Continuous variables,glucose_bld,pht004802,phv00227057
FHS,phs000007,MeasurementObservation,Continuous variables,glucose_bld,pht005143,phv00255343
FHS,phs000007,MeasurementObservation,Continuous variables,glucose_bld,pht006010,phv00275404
FHS,phs000007,MeasurementObservation,Continuous variables,glucose_bld,pht006011,phv00275416
FHS,phs000007,MeasurementObservation,Continuous variables,glucose_bld,pht006018,phv00276862
FHS,phs000007,MeasurementObservation,Continuous variables,glucose_bld,pht006026,phv00277022
FHS,phs000007,MeasurementObservation,Continuous variables,glucose_bld,pht006026,phv00277023
FHS,phs000007,MeasurementObservation,Continuous variables,glucose_bld,pht009761,phv00544748
FHS,phs000007,MeasurementObservation,Continuous variables,glucose_bld,pht009761,phv00544749
FHS,phs000007,MeasurementObservation,Continuous variables,glucose_bld,pht009761,phv00544750
FHS,phs000007,MeasurementObservation,Continuous variables,glucose_bld,pht009761,phv00544751
FHS,phs000007,MeasurementObservation,Continuous variables,glucose_bld,pht009761,phv00544752
FHS,phs000007,MeasurementObservation,Continuous variables,glucose_bld,pht007777,phv00369718
FHS,phs000007,MeasurementObservation,Continuous variables,glucose_bld,pht007777,phv00369719
FHS,phs000007,MeasurementObservation,Continuous variables,glucose_bld,pht007777,phv00369720
FHS,phs000007,MeasurementObservation,Continuous variables,glucose_bld,pht007777,phv00369721
FHS,phs000007,MeasurementObservation,Continuous variables,glucose_bld,pht007777,phv00369722
FHS,phs000007,MeasurementObservation,Continuous variables,glucose_bld,pht007777,phv00369723
FHS,phs000007,MeasurementObservation,Continuous variables,glucose_bld,pht007777,phv00369724
FHS,phs000007,MeasurementObservation,Continuous variables,glucose_bld,pht007777,phv00369725
FHS,phs000007,MeasurementObservation,Continuous variables,glucose_bld,pht007777,phv00369726
FHS,phs000007,MeasurementObservation,Continuous variables,glucose_bld,pht007777,phv00369727
FHS,phs000007,MeasurementObservation,Continuous variables,glucose_bld,pht007777,phv00369728
FHS,phs000007,MeasurementObservation,Continuous variables,glucose_bld,pht007777,phv00369729
FHS,phs000007,MeasurementObservation,Continuous variables,glucose_bld,pht007777,phv00369730
FHS,phs000007,MeasurementObservation,Continuous variables,glucose_bld,pht007777,phv00369731
FHS,phs000007,MeasurementObservation,Continuous variables,glucose_bld,pht007777,phv00369732
FHS,phs000007,MeasurementObservation,Continuous variables,glucose_bld,pht007777,phv00369733
FHS,phs000007,MeasurementObservation,Continuous variables,glucose_bld,pht007777,phv00369734
FHS,phs000007,MeasurementObservation,Continuous variables,glucose_bld,pht007777,phv00369735
FHS,phs000007,MeasurementObservation,Continuous variables,glucose_bld,pht007777,phv00369736
FHS,phs000007,MeasurementObservation,Continuous variables,glucose_bld,pht007777,phv00369737
FHS,phs000007,MeasurementObservation,Continuous variables,glucose_bld,pht007777,phv00369738
FHS,phs000007,MeasurementObservation,Continuous variables,glucose_bld,pht007777,phv00369739
FHS,phs000007,MeasurementObservation,Continuous variables,glucose_bld,pht009761,phv00423879
FHS,phs000007,MeasurementObservation,Continuous variables,glucose_bld,pht009761,phv00423880
FHS,phs000007,MeasurementObservation,Continuous variables,glucose_bld,pht009761,phv00423881
FHS,phs000007,MeasurementObservation,Continuous variables,glucose_bld,pht009761,phv00423882
FHS,phs000007,MeasurementObservation,Continuous variables,hdl,pht000395,phv00055263
FHS,phs000007,MeasurementObservation,Continuous variables,hdl,pht002889,phv00172176
FHS,phs000007,MeasurementObservation,Continuous variables,hdl,pht002889,phv00172201
FHS,phs000007,MeasurementObservation,Continuous variables,hdl,pht004801,phv00227018
FHS,phs000007,MeasurementObservation,Continuous variables,hdl,pht004802,phv00227059
FHS,phs000007,MeasurementObservation,Continuous variables,hdl,pht004802,phv00227068
FHS,phs000007,MeasurementObservation,Continuous variables,hdl,pht005143,phv00255345
FHS,phs000007,MeasurementObservation,Continuous variables,hdl,pht006010,phv00275405
FHS,phs000007,MeasurementObservation,Continuous variables,hdl,pht006011,phv00275414
FHS,phs000007,MeasurementObservation,Continuous variables,hdl,pht006026,phv00277040
FHS,phs000007,MeasurementObservation,Continuous variables,hdl,pht006026,phv00277041
FHS,phs000007,MeasurementObservation,Continuous variables,hdl,pht009761,phv00544810
FHS,phs000007,MeasurementObservation,Continuous variables,hdl,pht009761,phv00544811
FHS,phs000007,MeasurementObservation,Continuous variables,hdl,pht009761,phv00544812
FHS,phs000007,MeasurementObservation,Continuous variables,hdl,pht009761,phv00544813
FHS,phs000007,MeasurementObservation,Continuous variables,hdl,pht009761,phv00544814
FHS,phs000007,MeasurementObservation,Continuous variables,hdl,pht007777,phv00369935
FHS,phs000007,MeasurementObservation,Continuous variables,hdl,pht007777,phv00369936
FHS,phs000007,MeasurementObservation,Continuous variables,hdl,pht007777,phv00369937
FHS,phs000007,MeasurementObservation,Continuous variables,hdl,pht007777,phv00369938
FHS,phs000007,MeasurementObservation,Continuous variables,hdl,pht007777,phv00369939
FHS,phs000007,MeasurementObservation,Continuous variables,hdl,pht007777,phv00369940
FHS,phs000007,MeasurementObservation,Continuous variables,hdl,pht007777,phv00369941
FHS,phs000007,MeasurementObservation,Continuous variables,hdl,pht007777,phv00369942
FHS,phs000007,MeasurementObservation,Continuous variables,hdl,pht007777,phv00369943
FHS,phs000007,MeasurementObservation,Continuous variables,hdl,pht009755,phv00423781
FHS,phs000007,MeasurementObservation,Continuous variables,hdl,pht009761,phv00423914
FHS,phs000007,MeasurementObservation,Continuous variables,hdl,pht009761,phv00423915
FHS,phs000007,MeasurementObservation,Continuous variables,hdl,pht009761,phv00423916
FHS,phs000007,MeasurementObservation,Continuous variables,hdl,pht009761,phv00423917
FHS,phs000007,MeasurementObservation,Continuous variables,hdl,pht000031,phv00007973
FHS,phs000007,MeasurementObservation,Continuous variables,hdl,pht000013,phv00001582
FHS,phs000007,MeasurementObservation,Continuous variables,hdl,pht000013,phv00001589
FHS,phs000007,MeasurementObservation,Continuous variables,hemat,pht000009,phv00000677
FHS,phs000007,MeasurementObservation,Continuous variables,hemat,pht000009,phv00000765
FHS,phs000007,MeasurementObservation,Continuous variables,hemat,pht000009,phv00000842
FHS,phs000007,MeasurementObservation,Continuous variables,hemat,pht000009,phv00000929
FHS,phs000007,MeasurementObservation,Continuous variables,hemat,pht000010,phv00001047
FHS,phs000007,MeasurementObservation,Continuous variables,hemat,pht000011,phv00001202
FHS,phs000007,MeasurementObservation,Continuous variables,hemat,pht000012,phv00001376
FHS,phs000007,MeasurementObservation,Continuous variables,hemat,pht000013,phv00001579
FHS,phs000007,MeasurementObservation,Continuous variables,hemat,pht000014,phv00001815
FHS,phs000007,MeasurementObservation,Continuous variables,hemat,pht000015,phv00002030
FHS,phs000007,MeasurementObservation,Continuous variables,hemat,pht000016,phv00002414
FHS,phs000007,MeasurementObservation,Continuous variables,hemat,pht000017,phv00002652
FHS,phs000007,MeasurementObservation,Continuous variables,hemat,pht000019,phv00003258
FHS,phs000007,MeasurementObservation,Continuous variables,hemat,pht000020,phv00003664
FHS,phs000007,MeasurementObservation,Continuous variables,hemat,pht000021,phv00004080
FHS,phs000007,MeasurementObservation,Continuous variables,hemat,pht000022,phv00004516
FHS,phs000007,MeasurementObservation,Continuous variables,hemat,pht000023,phv00004936
FHS,phs000007,MeasurementObservation,Continuous variables,hemat,pht000030,phv00007555
FHS,phs000007,MeasurementObservation,Continuous variables,hemat,pht000031,phv00008111
FHS,phs000007,MeasurementObservation,Continuous variables,hemat,pht001045,phv00081031
FHS,phs000007,MeasurementObservation,Continuous variables,hemat,pht002889,phv00172181
FHS,phs000007,MeasurementObservation,Continuous variables,hemat,pht004802,phv00227028
FHS,phs000007,MeasurementObservation,Continuous variables,hemo,pht000009,phv00000535
FHS,phs000007,MeasurementObservation,Continuous variables,hemo,pht000009,phv00000627
FHS,phs000007,MeasurementObservation,Continuous variables,hemo,pht000009,phv00000634
FHS,phs000007,MeasurementObservation,Continuous variables,hemo,pht000009,phv00000673
FHS,phs000007,MeasurementObservation,Continuous variables,hemo,pht000009,phv00000764
FHS,phs000007,MeasurementObservation,Continuous variables,hemo,pht000009,phv00000841
FHS,phs000007,MeasurementObservation,Continuous variables,hemo,pht001045,phv00081032
FHS,phs000007,MeasurementObservation,Continuous variables,hemo,pht002889,phv00172180
FHS,phs000007,MeasurementObservation,Continuous variables,hemo,pht004802,phv00227027
FHS,phs000007,MeasurementObservation,Continuous variables,hemo_a1c,pht000742,phv00071897
FHS,phs000007,MeasurementObservation,Continuous variables,hemo_a1c,pht002889,phv00172163
FHS,phs000007,MeasurementObservation,Continuous variables,hemo_a1c,pht004802,phv00227047
FHS,phs000007,MeasurementObservation,Continuous variables,hemo_a1c,pht006011,phv00275420
FHS,phs000007,MeasurementObservation,Continuous variables,hip_circ,pht000021,phv00003673
FHS,phs000007,MeasurementObservation,Continuous variables,hip_circ,pht000022,phv00004089
FHS,phs000007,MeasurementObservation,Continuous variables,hip_circ,pht000023,phv00004531
FHS,phs000007,MeasurementObservation,Continuous variables,hip_circ,pht000024,phv00005545
FHS,phs000007,MeasurementObservation,Continuous variables,hip_circ,pht000025,phv00005925
FHS,phs000007,MeasurementObservation,Continuous variables,hip_circ,pht000033,phv00008768
FHS,phs000007,MeasurementObservation,Continuous variables,hip_circ,pht000034,phv00009556
FHS,phs000007,MeasurementObservation,Continuous variables,hip_circ,pht000035,phv00010113
FHS,phs000007,MeasurementObservation,Continuous variables,hip_circ,pht000036,phv00010503
FHS,phs000007,MeasurementObservation,Continuous variables,hip_circ,pht003094,phv00177545
FHS,phs000007,MeasurementObservation,Continuous variables,hip_circ,pht004814,phv00251066
FHS,phs000007,MeasurementObservation,Continuous variables,hip_circ,pht005140,phv00254293
FHS,phs000007,MeasurementObservation,Continuous variables,hip_circ,pht005140,phv00254294
FHS,phs000007,MeasurementObservation,Continuous variables,hip_circ,pht006026,phv00277044
FHS,phs000007,MeasurementObservation,Continuous variables,hip_circ,pht006026,phv00520302
FHS,phs000007,MeasurementObservation,Continuous variables,hip_circ,pht007777,phv00369970
FHS,phs000007,MeasurementObservation,Continuous variables,hip_circ,pht007777,phv00369971
FHS,phs000007,MeasurementObservation,Continuous variables,hip_circ,pht007777,phv00369972
FHS,phs000007,MeasurementObservation,Continuous variables,hip_circ,pht007777,phv00369973
FHS,phs000007,MeasurementObservation,Continuous variables,hip_circ,pht007777,phv00369974
FHS,phs000007,MeasurementObservation,Continuous variables,hip_circ,pht009761,phv00423922
FHS,phs000007,MeasurementObservation,Continuous variables,hip_circ,pht009761,phv00423923
FHS,phs000007,MeasurementObservation,Continuous variables,hip_circ,pht009761,phv00423924
FHS,phs000007,Procedure,Procedures,hist_cor_bypg,pht000023,phv00004774
FHS,phs000007,Procedure,Procedures,hist_cor_bypg,pht000034,phv00009390
FHS,phs000007,Procedure,Procedures,hist_cor_bypg,pht000074,phv00021084
FHS,phs000007,Condition,Conditions,hist_cvd,pht003316,phv00190820
FHS,phs000007,Condition,Conditions,hist_cvd,pht000009,phv00000492
FHS,phs000007,Condition,Conditions,hist_cvd,pht005147,phv00256866
FHS,phs000007,Condition,Conditions,hist_cvd,pht003316,phv00190817
FHS,phs000007,Condition,Conditions,hist_cvd,pht003316,phv00190816
FHS,phs000007,Condition,Conditions,hist_hrtdis,pht000010,phv00001088
FHS,phs000007,Condition,Conditions,hist_hrtdis,pht000032,phv00008679
FHS,phs000007,Condition,Conditions,hist_hrtdis,pht000016,phv00002378
FHS,phs000007,Condition,Conditions,hist_hrtdis,pht000015,phv00002183
FHS,phs000007,Condition,Conditions,hist_hrtdis,pht000010,phv00001108
FHS,phs000007,Condition,Conditions,hist_hrtdis,pht000010,phv00001182
FHS,phs000007,Condition,Conditions,hist_hrtdis,pht000011,phv00001350
FHS,phs000007,Condition,Conditions,hist_hrtdis,pht000011,phv00001351
FHS,phs000007,Condition,Conditions,hist_hrtdis,pht000012,phv00001544
FHS,phs000007,Condition,Conditions,hist_hrtdis,pht000012,phv00001546
FHS,phs000007,Condition,Conditions,hist_hrtdis,pht000012,phv00001547
FHS,phs000007,Condition,Conditions,hist_hrtdis,pht000013,phv00001769
FHS,phs000007,Condition,Conditions,hist_hrtdis,pht000013,phv00001772
FHS,phs000007,Condition,Conditions,hist_hrtdis,pht000013,phv00001773
FHS,phs000007,Condition,Conditions,hist_hrtdis,pht000013,phv00001774
FHS,phs000007,Condition,Conditions,hist_hrtdis,pht000013,phv00001775
FHS,phs000007,Condition,Conditions,hist_hrtdis,pht000014,phv00002001
FHS,phs000007,Condition,Conditions,hist_hrtdis,pht000014,phv00002004
FHS,phs000007,Condition,Conditions,hist_hrtdis,pht000015,phv00002182
FHS,phs000007,Condition,Conditions,hist_hrtdis,pht000015,phv00002184
FHS,phs000007,Condition,Conditions,hist_hrtdis,pht000015,phv00002187
FHS,phs000007,Condition,Conditions,hist_hrtdis,pht000016,phv00002377
FHS,phs000007,Condition,Conditions,hist_hrtdis,pht000016,phv00002379
FHS,phs000007,Condition,Conditions,hist_hrtdis,pht000016,phv00002382
FHS,phs000007,Condition,Conditions,hist_hrtdis,pht000017,phv00002616
FHS,phs000007,Condition,Conditions,hist_hrtdis,pht000017,phv00002619
FHS,phs000007,Condition,Conditions,hist_hrtdis,pht000018,phv00002822
FHS,phs000007,Condition,Conditions,hist_hrtdis,pht000018,phv00002825
FHS,phs000007,Condition,Conditions,hist_hrtdis,pht000019,phv00003220
FHS,phs000007,Condition,Conditions,hist_hrtdis,pht000019,phv00003223
FHS,phs000007,Condition,Conditions,hist_hrtdis,pht000020,phv00003636
FHS,phs000007,Condition,Conditions,hist_hrtdis,pht000020,phv00003638
FHS,phs000007,Condition,Conditions,hist_hrtdis,pht000020,phv00003641
FHS,phs000007,Condition,Conditions,hist_hrtdis,pht000021,phv00004046
FHS,phs000007,Condition,Conditions,hist_hrtdis,pht000021,phv00004049
FHS,phs000007,Condition,Conditions,hist_hrtdis,pht000022,phv00004468
FHS,phs000007,Condition,Conditions,hist_hrtdis,pht000022,phv00004471
FHS,phs000007,Condition,Conditions,hist_hrtdis,pht000023,phv00004905
FHS,phs000007,Condition,Conditions,hist_hrtdis,pht000023,phv00004908
FHS,phs000007,Condition,Conditions,hist_hrtdis,pht000024,phv00005266
FHS,phs000007,Condition,Conditions,hist_hrtdis,pht000024,phv00005269
FHS,phs000007,Condition,Conditions,hist_hrtdis,pht000025,phv00005893
FHS,phs000007,Condition,Conditions,hist_hrtdis,pht000025,phv00005896
FHS,phs000007,Condition,Conditions,hist_hrtdis,pht000031,phv00007928
FHS,phs000007,Condition,Conditions,hist_hrtdis,pht000031,phv00007929
FHS,phs000007,Condition,Conditions,hist_hrtdis,pht000031,phv00007932
FHS,phs000007,Condition,Conditions,hist_hrtdis,pht000032,phv00008678
FHS,phs000007,Condition,Conditions,hist_hrtdis,pht000032,phv00008680
FHS,phs000007,Condition,Conditions,hist_hrtdis,pht000032,phv00008683
FHS,phs000007,Condition,Conditions,hist_hrtdis,pht000033,phv00009072
FHS,phs000007,Condition,Conditions,hist_hrtdis,pht000033,phv00009075
FHS,phs000007,Condition,Conditions,hist_hrtdis,pht000034,phv00009524
FHS,phs000007,Condition,Conditions,hist_hrtdis,pht000034,phv00009527
FHS,phs000007,Condition,Conditions,hist_hrtdis,pht000035,phv00010038
FHS,phs000007,Condition,Conditions,hist_hrtdis,pht000035,phv00010041
FHS,phs000007,Condition,Conditions,hist_hrtdis,pht000036,phv00010471
FHS,phs000007,Condition,Conditions,hist_hrtdis,pht000036,phv00010474
FHS,phs000007,Condition,Conditions,hist_hrtdis,pht000074,phv00021187
FHS,phs000007,Condition,Conditions,hist_hrtdis,pht000074,phv00021190
FHS,phs000007,Condition,Conditions,hist_hrtdis,pht000747,phv00072296
FHS,phs000007,Condition,Conditions,hist_hrtdis,pht000747,phv00072299
FHS,phs000007,Condition,Conditions,hist_hrtdis,pht003094,phv00177497
FHS,phs000007,Condition,Conditions,hist_hrtdis,pht003094,phv00177501
FHS,phs000007,Condition,Conditions,hist_hrtdis,pht004814,phv00251032
FHS,phs000007,Condition,Conditions,hist_hrtdis,pht004814,phv00251035
FHS,phs000007,Condition,Conditions,hist_hrtdis,pht004815,phv00251492
FHS,phs000007,Condition,Conditions,hist_hrtdis,pht004815,phv00251495
FHS,phs000007,Condition,Conditions,hist_hrtdis,pht005140,phv00254241
FHS,phs000007,Condition,Conditions,hist_hrtdis,pht005140,phv00254245
FHS,phs000007,Condition,Conditions,hist_hrtdis,pht006005,phv00274009
FHS,phs000007,Condition,Conditions,hist_hrtdis,pht006005,phv00274012
FHS,phs000007,Condition,Conditions,hist_hrtfail,pht000027,phv00006537
FHS,phs000007,Condition,Conditions,hist_hrtfail,pht000027,phv00006538
FHS,phs000007,Condition,Conditions,hist_hrtfail,pht000028,phv00006968
FHS,phs000007,Condition,Conditions,hist_hrtfail,pht000028,phv00006969
FHS,phs000007,Condition,Conditions,hist_hrtfail,pht000029,phv00007400
FHS,phs000007,Condition,Conditions,hist_hrtfail,pht000029,phv00007401
FHS,phs000007,Condition,Conditions,hist_hrtfail,pht000036,phv00010278
FHS,phs000007,Condition,Conditions,hist_hrtfail,pht000036,phv00010279
FHS,phs000007,Condition,Conditions,hist_hrtfail,pht000074,phv00021020
FHS,phs000007,Condition,Conditions,hist_hrtfail,pht000074,phv00021021
FHS,phs000007,Condition,Conditions,hist_hrtfail,pht000692,phv00070433
FHS,phs000007,Condition,Conditions,hist_hrtfail,pht000692,phv00070434
FHS,phs000007,Condition,Conditions,hist_hrtfail,pht000747,phv00072131
FHS,phs000007,Condition,Conditions,hist_hrtfail,pht000747,phv00072132
FHS,phs000007,Condition,Conditions,hist_hrtfail,pht003094,phv00177351
FHS,phs000007,Condition,Conditions,hist_hrtfail,pht004814,phv00250846
FHS,phs000007,Condition,Conditions,hist_hrtfail,pht004815,phv00251340
FHS,phs000007,Condition,Conditions,hist_hrtfail,pht005140,phv00254086
FHS,phs000007,Condition,Conditions,hist_hrtfail,pht005141,phv00254649
FHS,phs000007,Condition,Conditions,hist_hrtfail,pht005142,phv00255037
FHS,phs000007,Condition,Conditions,hist_hrtfail,pht005142,phv00255313
FHS,phs000007,Condition,Conditions,hist_hrtfail,pht006005,phv00273854
FHS,phs000007,Condition,Conditions,hist_hrtfail,pht006005,phv00273855
FHS,phs000007,Condition,Conditions,hist_hrtfail,pht006007,phv00274757
FHS,phs000007,Condition,Conditions,hist_hrtfail,pht006007,phv00274758
FHS,phs000007,Condition,Conditions,hist_hrtfail,pht006007,phv00275038
FHS,phs000007,Condition,Conditions,hist_hrtfail,pht006008,phv00275114
FHS,phs000007,Condition,Conditions,hist_hrtfail,pht006008,phv00275115
FHS,phs000007,Condition,Conditions,hist_hrtfail,pht006008,phv00275372
FHS,phs000007,Condition,Conditions,hist_my_inf,pht000009,phv00000517
FHS,phs000007,Condition,Conditions,hist_my_inf,pht000019,phv00003199
FHS,phs000007,Condition,Conditions,hist_my_inf,pht000020,phv00003614
FHS,phs000007,Condition,Conditions,hist_my_inf,pht000009,phv00000571
FHS,phs000007,Condition,Conditions,hist_my_inf,pht000009,phv00000649
FHS,phs000007,Condition,Conditions,hist_my_inf,pht000009,phv00000734
FHS,phs000007,Condition,Conditions,hist_my_inf,pht000009,phv00000817
FHS,phs000007,Condition,Conditions,hist_my_inf,pht000009,phv00000883
FHS,phs000007,Condition,Conditions,hist_my_inf,pht000009,phv00001007
FHS,phs000007,Condition,Conditions,hist_my_inf,pht000010,phv00001170
FHS,phs000007,Condition,Conditions,hist_my_inf,pht000011,phv00001332
FHS,phs000007,Condition,Conditions,hist_my_inf,pht000012,phv00001527
FHS,phs000007,Condition,Conditions,hist_my_inf,pht000013,phv00001718
FHS,phs000007,Condition,Conditions,hist_my_inf,pht000014,phv00001995
FHS,phs000007,Condition,Conditions,hist_my_inf,pht000015,phv00002175
FHS,phs000007,Condition,Conditions,hist_my_inf,pht000016,phv00002370
FHS,phs000007,Condition,Conditions,hist_my_inf,pht000017,phv00002610
FHS,phs000007,Condition,Conditions,hist_my_inf,pht000018,phv00002816
FHS,phs000007,Condition,Conditions,hist_my_inf,pht000021,phv00004021
FHS,phs000007,Condition,Conditions,hist_my_inf,pht000021,phv00004022
FHS,phs000007,Condition,Conditions,hist_my_inf,pht000021,phv00004023
FHS,phs000007,Condition,Conditions,hist_my_inf,pht000022,phv00004445
FHS,phs000007,Condition,Conditions,hist_my_inf,pht000022,phv00004446
FHS,phs000007,Condition,Conditions,hist_my_inf,pht000022,phv00004447
FHS,phs000007,Condition,Conditions,hist_my_inf,pht000023,phv00004886
FHS,phs000007,Condition,Conditions,hist_my_inf,pht000023,phv00004887
FHS,phs000007,Condition,Conditions,hist_my_inf,pht000023,phv00004888
FHS,phs000007,Condition,Conditions,hist_my_inf,pht000024,phv00005246
FHS,phs000007,Condition,Conditions,hist_my_inf,pht000024,phv00005247
FHS,phs000007,Condition,Conditions,hist_my_inf,pht000024,phv00005248
FHS,phs000007,Condition,Conditions,hist_my_inf,pht000025,phv00005873
FHS,phs000007,Condition,Conditions,hist_my_inf,pht000025,phv00005874
FHS,phs000007,Condition,Conditions,hist_my_inf,pht000025,phv00005875
FHS,phs000007,Condition,Conditions,hist_my_inf,pht000028,phv00007059
FHS,phs000007,Condition,Conditions,hist_my_inf,pht000028,phv00007060
FHS,phs000007,Condition,Conditions,hist_my_inf,pht000028,phv00007061
FHS,phs000007,Condition,Conditions,hist_my_inf,pht000029,phv00007494
FHS,phs000007,Condition,Conditions,hist_my_inf,pht000029,phv00007495
FHS,phs000007,Condition,Conditions,hist_my_inf,pht000029,phv00007496
FHS,phs000007,Condition,Conditions,hist_my_inf,pht000030,phv00007665
FHS,phs000007,Condition,Conditions,hist_my_inf,pht000031,phv00007906
FHS,phs000007,Condition,Conditions,hist_my_inf,pht000032,phv00008653
FHS,phs000007,Condition,Conditions,hist_my_inf,pht000032,phv00008654
FHS,phs000007,Condition,Conditions,hist_my_inf,pht000032,phv00008655
FHS,phs000007,Condition,Conditions,hist_my_inf,pht000033,phv00009049
FHS,phs000007,Condition,Conditions,hist_my_inf,pht000033,phv00009050
FHS,phs000007,Condition,Conditions,hist_my_inf,pht000033,phv00009051
FHS,phs000007,Condition,Conditions,hist_my_inf,pht000035,phv00010018
FHS,phs000007,Condition,Conditions,hist_my_inf,pht000035,phv00010019
FHS,phs000007,Condition,Conditions,hist_my_inf,pht000035,phv00010020
FHS,phs000007,Condition,Conditions,hist_my_inf,pht000036,phv00010451
FHS,phs000007,Condition,Conditions,hist_my_inf,pht000036,phv00010452
FHS,phs000007,Condition,Conditions,hist_my_inf,pht000036,phv00010453
FHS,phs000007,Condition,Conditions,hist_my_inf,pht000074,phv00021036
FHS,phs000007,Condition,Conditions,hist_my_inf,pht000074,phv00021167
FHS,phs000007,Condition,Conditions,hist_my_inf,pht000074,phv00021168
FHS,phs000007,Condition,Conditions,hist_my_inf,pht000074,phv00021169
FHS,phs000007,Condition,Conditions,hist_my_inf,pht000692,phv00070520
FHS,phs000007,Condition,Conditions,hist_my_inf,pht000692,phv00070521
FHS,phs000007,Condition,Conditions,hist_my_inf,pht000692,phv00070522
FHS,phs000007,Condition,Conditions,hist_my_inf,pht000747,phv00072156
FHS,phs000007,Condition,Conditions,hist_my_inf,pht003094,phv00177477
FHS,phs000007,Condition,Conditions,hist_my_inf,pht003094,phv00177478
FHS,phs000007,Condition,Conditions,hist_my_inf,pht003094,phv00177479
FHS,phs000007,Condition,Conditions,hist_my_inf,pht004814,phv00251012
FHS,phs000007,Condition,Conditions,hist_my_inf,pht004814,phv00251013
FHS,phs000007,Condition,Conditions,hist_my_inf,pht004814,phv00251014
FHS,phs000007,Condition,Conditions,hist_my_inf,pht004815,phv00251472
FHS,phs000007,Condition,Conditions,hist_my_inf,pht004815,phv00251473
FHS,phs000007,Condition,Conditions,hist_my_inf,pht004815,phv00251474
FHS,phs000007,Condition,Conditions,hist_my_inf,pht005140,phv00254221
FHS,phs000007,Condition,Conditions,hist_my_inf,pht005140,phv00254222
FHS,phs000007,Condition,Conditions,hist_my_inf,pht005140,phv00254223
FHS,phs000007,Condition,Conditions,hist_my_inf,pht005141,phv00254729
FHS,phs000007,Condition,Conditions,hist_my_inf,pht005141,phv00254730
FHS,phs000007,Condition,Conditions,hist_my_inf,pht005141,phv00254731
FHS,phs000007,Condition,Conditions,hist_my_inf,pht005142,phv00255120
FHS,phs000007,Condition,Conditions,hist_my_inf,pht005142,phv00255121
FHS,phs000007,Condition,Conditions,hist_my_inf,pht005142,phv00255122
FHS,phs000007,Condition,Conditions,hist_my_inf,pht005142,phv00255312
FHS,phs000007,Condition,Conditions,hist_my_inf,pht006005,phv00273870
FHS,phs000007,Condition,Conditions,hist_my_inf,pht006005,phv00273989
FHS,phs000007,Condition,Conditions,hist_my_inf,pht006005,phv00273990
FHS,phs000007,Condition,Conditions,hist_my_inf,pht006005,phv00273991
FHS,phs000007,Condition,Conditions,hist_my_inf,pht006007,phv00274845
FHS,phs000007,Condition,Conditions,hist_my_inf,pht006007,phv00274846
FHS,phs000007,Condition,Conditions,hist_my_inf,pht006007,phv00274847
FHS,phs000007,Condition,Conditions,hist_my_inf,pht006007,phv00275037
FHS,phs000007,Condition,Conditions,hist_my_inf,pht006008,phv00275130
FHS,phs000007,Condition,Conditions,hist_my_inf,pht006008,phv00275203
FHS,phs000007,Condition,Conditions,hist_my_inf,pht006008,phv00275204
FHS,phs000007,Condition,Conditions,hist_my_inf,pht006008,phv00275205
FHS,phs000007,Condition,Conditions,hist_my_inf,pht006008,phv00275371
FHS,phs000007,Condition,Conditions,hist_my_inf,pht006025,phv00276988
FHS,phs000007,Condition,Conditions,hist_my_inf,pht006006,phv00566033
FHS,phs000007,Condition,Conditions,hist_my_inf,pht004813,phv00565817
FHS,phs000007,Condition,Conditions,hist_my_inf,pht004813,phv00565818
FHS,phs000007,Condition,Conditions,hist_my_inf,pht004813,phv00565819
FHS,phs000007,MeasurementObservation,Continuous variables,hrtrt,pht000028,phv00006839
FHS,phs000007,MeasurementObservation,Continuous variables,hrtrt,pht000029,phv00007263
FHS,phs000007,MeasurementObservation,Continuous variables,hrtrt,pht000031,phv00008162
FHS,phs000007,MeasurementObservation,Continuous variables,hrtrt,pht000031,phv00008174
FHS,phs000007,MeasurementObservation,Continuous variables,hrtrt,pht000031,phv00008186
FHS,phs000007,MeasurementObservation,Continuous variables,hrtrt,pht000031,phv00008198
FHS,phs000007,MeasurementObservation,Continuous variables,hrtrt,pht000031,phv00008210
FHS,phs000007,MeasurementObservation,Continuous variables,hrtrt,pht000031,phv00008222
FHS,phs000007,MeasurementObservation,Continuous variables,hrtrt,pht000031,phv00008234
FHS,phs000007,MeasurementObservation,Continuous variables,hrtrt,pht000031,phv00008246
FHS,phs000007,MeasurementObservation,Continuous variables,hrtrt,pht000031,phv00008258
FHS,phs000007,MeasurementObservation,Continuous variables,hrtrt,pht000031,phv00008271
FHS,phs000007,MeasurementObservation,Continuous variables,hrtrt,pht000031,phv00008283
FHS,phs000007,MeasurementObservation,Continuous variables,hrtrt,pht000031,phv00008295
FHS,phs000007,MeasurementObservation,Continuous variables,hrtrt,pht000031,phv00008307
FHS,phs000007,MeasurementObservation,Continuous variables,hrtrt,pht000031,phv00008319
FHS,phs000007,MeasurementObservation,Continuous variables,hrtrt,pht000031,phv00008331
FHS,phs000007,MeasurementObservation,Continuous variables,hrtrt,pht000194,phv00024408
FHS,phs000007,MeasurementObservation,Continuous variables,hrtrt,pht000194,phv00024409
FHS,phs000007,MeasurementObservation,Continuous variables,hrtrt,pht000194,phv00024410
FHS,phs000007,MeasurementObservation,Continuous variables,hrtrt,pht000194,phv00024411
FHS,phs000007,MeasurementObservation,Continuous variables,hrtrt,pht000195,phv00024477
FHS,phs000007,MeasurementObservation,Continuous variables,hrtrt,pht000195,phv00024478
FHS,phs000007,MeasurementObservation,Continuous variables,hrtrt,pht000195,phv00024486
FHS,phs000007,MeasurementObservation,Continuous variables,hrtrt,pht000195,phv00024494
FHS,phs000007,MeasurementObservation,Continuous variables,hrtrt,pht000196,phv00024534
FHS,phs000007,MeasurementObservation,Continuous variables,hrtrt,pht000197,phv00024549
FHS,phs000007,MeasurementObservation,Continuous variables,hrtrt,pht000209,phv00024764
FHS,phs000007,MeasurementObservation,Continuous variables,hrtrt,pht000209,phv00024765
FHS,phs000007,MeasurementObservation,Continuous variables,hrtrt,pht000209,phv00024796
FHS,phs000007,MeasurementObservation,Continuous variables,hrtrt,pht000209,phv00024797
FHS,phs000007,MeasurementObservation,Continuous variables,hrtrt,pht000210,phv00024804
FHS,phs000007,MeasurementObservation,Continuous variables,hrtrt,pht000210,phv00024805
FHS,phs000007,MeasurementObservation,Continuous variables,hrtrt,pht000210,phv00024810
FHS,phs000007,MeasurementObservation,Continuous variables,hrtrt,pht000210,phv00024811
FHS,phs000007,MeasurementObservation,Continuous variables,hrtrt,pht000211,phv00024852
FHS,phs000007,MeasurementObservation,Continuous variables,hrtrt,pht000394,phv00055184
FHS,phs000007,MeasurementObservation,Continuous variables,hrtrt,pht000394,phv00055191
FHS,phs000007,MeasurementObservation,Continuous variables,hrtrt,pht000394,phv00055203
FHS,phs000007,MeasurementObservation,Continuous variables,hrtrt,pht000394,phv00055210
FHS,phs000007,MeasurementObservation,Continuous variables,hrtrt,pht000394,phv00055222
FHS,phs000007,MeasurementObservation,Continuous variables,hrtrt,pht000394,phv00055229
FHS,phs000007,MeasurementObservation,Continuous variables,hrtrt,pht000394,phv00055236
FHS,phs000007,MeasurementObservation,Continuous variables,hrtrt,pht000673,phv00066705
FHS,phs000007,MeasurementObservation,Continuous variables,hrtrt,pht000692,phv00070718
FHS,phs000007,MeasurementObservation,Continuous variables,hrtrt,pht000748,phv00072652
FHS,phs000007,MeasurementObservation,Continuous variables,hrtrt,pht000830,phv00073814
FHS,phs000007,MeasurementObservation,Continuous variables,hrtrt,pht002572,phv00167051
FHS,phs000007,MeasurementObservation,Continuous variables,hrtrt,pht002573,phv00167182
FHS,phs000007,MeasurementObservation,Continuous variables,hrtrt,pht005141,phv00254794
FHS,phs000007,MeasurementObservation,Continuous variables,hrtrt,pht006018,phv00276850
FHS,phs000007,Condition,Conditions,hypert_trt,pht003094,phv00177249
FHS,phs000007,DrugExposure,Conditions,hypert_trt,pht003094,phv00177250
FHS,phs000007,DrugExposure,Conditions,hypert_trt,pht004814,phv00250725
FHS,phs000007,DrugExposure,Conditions,hypert_trt,pht004814,phv00250749
FHS,phs000007,DrugExposure,Conditions,hypert_trt,pht004815,phv00251275
FHS,phs000007,Condition,Conditions,hypert_trt,pht005140,phv00254023
FHS,phs000007,DrugExposure,Conditions,hypert_trt,pht005140,phv00254024
FHS,phs000007,DrugExposure,Conditions,hypert_trt,pht005141,phv00254605
FHS,phs000007,DrugExposure,Conditions,hypert_trt,pht005142,phv00254996
FHS,phs000007,DrugExposure,Conditions,hypert_trt,pht006007,phv00274716
FHS,phs000007,DrugExposure,Conditions,hypert_trt,pht006008,phv00275071
FHS,phs000007,DrugExposure,Conditions,hypert_trt,pht000009,phv00000705
FHS,phs000007,DrugExposure,Conditions,hypert_trt,pht000016,phv00002223
FHS,phs000007,DrugExposure,Conditions,hypert_trt,pht000017,phv00002446
FHS,phs000007,DrugExposure,Conditions,hypert_trt,pht000018,phv00002700
FHS,phs000007,DrugExposure,Conditions,hypert_trt,pht000019,phv00002965
FHS,phs000007,DrugExposure,Conditions,hypert_trt,pht000020,phv00003348
FHS,phs000007,DrugExposure,Conditions,hypert_trt,pht000021,phv00003782
FHS,phs000007,Condition,Conditions,hypert_trt,pht000021,phv00004044
FHS,phs000007,DrugExposure,Conditions,hypert_trt,pht000022,phv00004217
FHS,phs000007,DrugExposure,Conditions,hypert_trt,pht000023,phv00004610
FHS,phs000007,DrugExposure,Conditions,hypert_trt,pht000024,phv00004946
FHS,phs000007,DrugExposure,Conditions,hypert_trt,pht000024,phv00004966
FHS,phs000007,DrugExposure,Conditions,hypert_trt,pht000025,phv00005566
FHS,phs000007,DrugExposure,Conditions,hypert_trt,pht000025,phv00005586
FHS,phs000007,DrugExposure,Conditions,hypert_trt,pht000026,phv00006117
FHS,phs000007,DrugExposure,Conditions,hypert_trt,pht000026,phv00006138
FHS,phs000007,DrugExposure,Conditions,hypert_trt,pht000027,phv00006457
FHS,phs000007,DrugExposure,Conditions,hypert_trt,pht000027,phv00006478
FHS,phs000007,DrugExposure,Conditions,hypert_trt,pht000028,phv00006845
FHS,phs000007,DrugExposure,Conditions,hypert_trt,pht000028,phv00006869
FHS,phs000007,DrugExposure,Conditions,hypert_trt,pht000029,phv00007282
FHS,phs000007,DrugExposure,Conditions,hypert_trt,pht000029,phv00007306
FHS,phs000007,DrugExposure,Conditions,hypert_trt,pht000692,phv00070370
FHS,phs000007,DrugExposure,Conditions,hypert_trt,pht000031,phv00007709
FHS,phs000007,Condition,Conditions,hypert_trt,pht000031,phv00007991
FHS,phs000007,DrugExposure,Conditions,hypert_trt,pht000031,phv00007992
FHS,phs000007,DrugExposure,Conditions,hypert_trt,pht000032,phv00008391
FHS,phs000007,Condition,Conditions,hypert_trt,pht000032,phv00008676
FHS,phs000007,DrugExposure,Conditions,hypert_trt,pht000033,phv00008798
FHS,phs000007,DrugExposure,Conditions,hypert_trt,pht000034,phv00009174
FHS,phs000007,DrugExposure,Conditions,hypert_trt,pht000034,phv00009193
FHS,phs000007,DrugExposure,Conditions,hypert_trt,pht000035,phv00009674
FHS,phs000007,DrugExposure,Conditions,hypert_trt,pht000035,phv00009694
FHS,phs000007,DrugExposure,Conditions,hypert_trt,pht000036,phv00010151
FHS,phs000007,DrugExposure,Conditions,hypert_trt,pht000036,phv00010175
FHS,phs000007,DrugExposure,Conditions,hypert_trt,pht000747,phv00072052
FHS,phs000007,DrugExposure,Conditions,hypert_trt,pht000074,phv00020877
FHS,phs000007,DrugExposure,Conditions,hypert_trt,pht000395,phv00055253
FHS,phs000007,DrugExposure,Conditions,hypert_trt,pht000395,phv00055341
FHS,phs000007,DrugExposure,Conditions,hypert_trt,pht000396,phv00056701
FHS,phs000007,DrugExposure,Conditions,hypert_trt,pht000397,phv00057006
FHS,phs000007,DrugExposure,Conditions,hypert_trt,pht004813,phv00565505
FHS,phs000007,DrugExposure,Conditions,hypert_trt,pht006005,phv00273711
FHS,phs000007,DrugExposure,Conditions,hypert_trt,pht006006,phv00565874
FHS,phs000007,Condition,Conditions,hypertension,pht003094,phv00177249
FHS,phs000007,Condition,Conditions,hypertension,pht005140,phv00254023
FHS,phs000007,Condition,Conditions,hypertension,pht000016,phv00002375
FHS,phs000007,Condition,Conditions,hypertension,pht000020,phv00003634
FHS,phs000007,Condition,Conditions,hypertension,pht000021,phv00004044
FHS,phs000007,Condition,Conditions,hypertension,pht000009,phv00000487
FHS,phs000007,Condition,Conditions,hypertension,pht000030,phv00007583
FHS,phs000007,Condition,Conditions,hypertension,pht000031,phv00007926
FHS,phs000007,Condition,Conditions,hypertension,pht000031,phv00007991
FHS,phs000007,Condition,Conditions,hypertension,pht000032,phv00008676
FHS,phs000007,Condition,Conditions,hypertension,pht000035,phv00010093
FHS,phs000007,Condition,Conditions,hypertension,pht000395,phv00056590
FHS,phs000007,MeasurementObservation,Continuous variables,il18,pht012881,phv00520385
FHS,phs000007,MeasurementObservation,Continuous variables,insulin_in_blood,pht000688,phv00070362
FHS,phs000007,MeasurementObservation,Continuous variables,insulin_in_blood,pht003901,phv00201991
FHS,phs000007,MeasurementObservation,Continuous variables,insulin_in_blood,pht003902,phv00201995
FHS,phs000007,MeasurementObservation,Continuous variables,insulin_in_blood,pht004804,phv00227080
FHS,phs000007,MeasurementObservation,Continuous variables,insulin_in_blood,pht004805,phv00227085
FHS,phs000007,MeasurementObservation,Continuous variables,lactate,pht002565,phv00166732
FHS,phs000007,MeasurementObservation,Continuous variables,lactate,pht002894,phv00172259
FHS,phs000007,MeasurementObservation,Continuous variables,lactate,pht005144,phv00255391
FHS,phs000007,MeasurementObservation,Continuous variables,lactate_dehyd,pht001045,phv00081018
FHS,phs000007,MeasurementObservation,Continuous variables,ldl,pht000030,phv00007539
FHS,phs000007,MeasurementObservation,Continuous variables,ldl,pht000031,phv00007975
FHS,phs000007,MeasurementObservation,Continuous variables,ldl,pht000032,phv00008733
FHS,phs000007,MeasurementObservation,Continuous variables,ldl,pht009755,phv00423782
FHS,phs000007,MeasurementObservation,Continuous variables,ldl,pht006026,phv00277026
FHS,phs000007,MeasurementObservation,Continuous variables,ldl,pht006026,phv00277027
FHS,phs000007,MeasurementObservation,Continuous variables,ldl,pht009761,phv00423887
FHS,phs000007,MeasurementObservation,Continuous variables,ldl,pht009761,phv00423888
FHS,phs000007,MeasurementObservation,Continuous variables,ldl,pht009761,phv00423889
FHS,phs000007,MeasurementObservation,Continuous variables,ldl,pht009761,phv00423890
FHS,phs000007,MeasurementObservation,Continuous variables,ldl,pht009761,phv00544760
FHS,phs000007,MeasurementObservation,Continuous variables,ldl,pht009761,phv00544761
FHS,phs000007,MeasurementObservation,Continuous variables,ldl,pht009761,phv00544762
FHS,phs000007,MeasurementObservation,Continuous variables,ldl,pht009761,phv00544763
FHS,phs000007,MeasurementObservation,Continuous variables,ldl,pht009761,phv00544764
FHS,phs000007,MeasurementObservation,Continuous variables,ldl,pht007777,phv00369766
FHS,phs000007,MeasurementObservation,Continuous variables,ldl,pht007777,phv00369767
FHS,phs000007,MeasurementObservation,Continuous variables,ldl,pht007777,phv00369768
FHS,phs000007,MeasurementObservation,Continuous variables,ldl,pht007777,phv00369769
FHS,phs000007,MeasurementObservation,Continuous variables,ldl,pht007777,phv00369770
FHS,phs000007,MeasurementObservation,Continuous variables,ldl,pht000013,phv00001584
FHS,phs000007,MeasurementObservation,Continuous variables,ldl,pht000013,phv00001591
FHS,phs000007,Condition,Conditions,lvh_ekg,pht003094,phv00177496
FHS,phs000007,Condition,Conditions,lvh_ekg,pht004815,phv00251491
FHS,phs000007,Condition,Conditions,lvh_ekg,pht005140,phv00254240
FHS,phs000007,Condition,Conditions,lvh_ekg,pht005141,phv00254748
FHS,phs000007,Condition,Conditions,lvh_ekg,pht005142,phv00255139
FHS,phs000007,Condition,Conditions,lvh_ekg,pht006007,phv00274864
FHS,phs000007,Condition,Conditions,lvh_ekg,pht006008,phv00275222
FHS,phs000007,Condition,Conditions,lvh_ekg,pht000012,phv00001407
FHS,phs000007,Condition,Conditions,lvh_ekg,pht000012,phv00001425
FHS,phs000007,Condition,Conditions,lvh_ekg,pht000012,phv00001528
FHS,phs000007,Condition,Conditions,lvh_ekg,pht000013,phv00001719
FHS,phs000007,Condition,Conditions,lvh_ekg,pht000013,phv00001740
FHS,phs000007,Condition,Conditions,lvh_ekg,pht000013,phv00001757
FHS,phs000007,Condition,Conditions,lvh_ekg,pht000014,phv00001996
FHS,phs000007,Condition,Conditions,lvh_ekg,pht000015,phv00002176
FHS,phs000007,Condition,Conditions,lvh_ekg,pht000016,phv00002371
FHS,phs000007,Condition,Conditions,lvh_ekg,pht000016,phv00002402
FHS,phs000007,Condition,Conditions,lvh_ekg,pht000017,phv00002611
FHS,phs000007,Condition,Conditions,lvh_ekg,pht000017,phv00002640
FHS,phs000007,Condition,Conditions,lvh_ekg,pht000018,phv00002817
FHS,phs000007,Condition,Conditions,lvh_ekg,pht000020,phv00003616
FHS,phs000007,Condition,Conditions,lvh_ekg,pht000021,phv00004042
FHS,phs000007,Condition,Conditions,lvh_ekg,pht000022,phv00004466
FHS,phs000007,Condition,Conditions,lvh_ekg,pht000023,phv00004896
FHS,phs000007,Condition,Conditions,lvh_ekg,pht000023,phv00004903
FHS,phs000007,Condition,Conditions,lvh_ekg,pht000024,phv00005265
FHS,phs000007,Condition,Conditions,lvh_ekg,pht000025,phv00005892
FHS,phs000007,Condition,Conditions,lvh_ekg,pht000026,phv00006249
FHS,phs000007,Condition,Conditions,lvh_ekg,pht000027,phv00006643
FHS,phs000007,Condition,Conditions,lvh_ekg,pht000692,phv00070539
FHS,phs000007,Condition,Conditions,lvh_ekg,pht000009,phv00000505
FHS,phs000007,Condition,Conditions,lvh_ekg,pht000009,phv00000555
FHS,phs000007,Condition,Conditions,lvh_ekg,pht000009,phv00000567
FHS,phs000007,Condition,Conditions,lvh_ekg,pht000009,phv00000650
FHS,phs000007,Condition,Conditions,lvh_ekg,pht000009,phv00000663
FHS,phs000007,Condition,Conditions,lvh_ekg,pht000009,phv00000725
FHS,phs000007,Condition,Conditions,lvh_ekg,pht000009,phv00000735
FHS,phs000007,Condition,Conditions,lvh_ekg,pht000009,phv00000803
FHS,phs000007,Condition,Conditions,lvh_ekg,pht000009,phv00000818
FHS,phs000007,Condition,Conditions,lvh_ekg,pht000009,phv00000853
FHS,phs000007,Condition,Conditions,lvh_ekg,pht000009,phv00000884
FHS,phs000007,Condition,Conditions,lvh_ekg,pht000009,phv00000902
FHS,phs000007,Condition,Conditions,lvh_ekg,pht000009,phv00000908
FHS,phs000007,Condition,Conditions,lvh_ekg,pht000009,phv00000912
FHS,phs000007,Condition,Conditions,lvh_ekg,pht000009,phv00000937
FHS,phs000007,Condition,Conditions,lvh_ekg,pht000009,phv00001009
FHS,phs000007,Condition,Conditions,lvh_ekg,pht000009,phv00001024
FHS,phs000007,Condition,Conditions,lvh_ekg,pht000009,phv00001025
FHS,phs000007,Condition,Conditions,lvh_ekg,pht000009,phv00001026
FHS,phs000007,Condition,Conditions,lvh_ekg,pht000010,phv00001065
FHS,phs000007,Condition,Conditions,lvh_ekg,pht000010,phv00001073
FHS,phs000007,Condition,Conditions,lvh_ekg,pht000010,phv00001172
FHS,phs000007,Condition,Conditions,lvh_ekg,pht000011,phv00001212
FHS,phs000007,Condition,Conditions,lvh_ekg,pht000011,phv00001230
FHS,phs000007,Condition,Conditions,lvh_ekg,pht000011,phv00001333
FHS,phs000007,Condition,Conditions,lvh_ekg,pht000030,phv00007666
FHS,phs000007,Condition,Conditions,lvh_ekg,pht000031,phv00007907
FHS,phs000007,Condition,Conditions,lvh_ekg,pht000031,phv00007913
FHS,phs000007,Condition,Conditions,lvh_ekg,pht000031,phv00008017
FHS,phs000007,Condition,Conditions,lvh_ekg,pht000031,phv00008367
FHS,phs000007,Condition,Conditions,lvh_ekg,pht000032,phv00008674
FHS,phs000007,Condition,Conditions,lvh_ekg,pht000033,phv00009070
FHS,phs000007,Condition,Conditions,lvh_ekg,pht000034,phv00009523
FHS,phs000007,Condition,Conditions,lvh_ekg,pht000036,phv00010470
FHS,phs000007,Condition,Conditions,lvh_ekg,pht000747,phv00072295
FHS,phs000007,Condition,Conditions,lvh_ekg,pht000074,phv00021186
FHS,phs000007,Condition,Conditions,lvh_ekg,pht006026,phv00277036
FHS,phs000007,Condition,Conditions,lvh_ekg,pht006026,phv00277037
FHS,phs000007,Condition,Conditions,lvh_ekg,pht009761,phv00423906
FHS,phs000007,Condition,Conditions,lvh_ekg,pht009761,phv00423907
FHS,phs000007,Condition,Conditions,lvh_ekg,pht009761,phv00423908
FHS,phs000007,Condition,Conditions,lvh_ekg,pht009761,phv00369890
FHS,phs000007,Condition,Conditions,lvh_ekg,pht007777,phv00369891
FHS,phs000007,Condition,Conditions,lvh_ekg,pht007777,phv00369892
FHS,phs000007,Condition,Conditions,lvh_ekg,pht007777,phv00369893
FHS,phs000007,Condition,Conditions,lvh_ekg,pht007777,phv00369894
FHS,phs000007,Condition,Conditions,lvh_ekg,pht007777,phv00369895
FHS,phs000007,Condition,Conditions,lvh_ekg,pht007777,phv00369896
FHS,phs000007,Condition,Conditions,lvh_ekg,pht007777,phv00369897
FHS,phs000007,Condition,Conditions,lvh_ekg,pht007777,phv00369898
FHS,phs000007,Condition,Conditions,lvh_ekg,pht007777,phv00369899
FHS,phs000007,Condition,Conditions,lvh_ekg,pht007777,phv00369900
FHS,phs000007,Condition,Conditions,lvh_ekg,pht007777,phv00369901
FHS,phs000007,Condition,Conditions,lvh_ekg,pht007777,phv00369902
FHS,phs000007,MeasurementObservation,Continuous variables,lympho_pct,pht000031,phv00008117
FHS,phs000007,MeasurementObservation,Continuous variables,mch,pht000031,phv00008113
FHS,phs000007,MeasurementObservation,Continuous variables,mch,pht002889,phv00172183
FHS,phs000007,MeasurementObservation,Continuous variables,mch,pht004802,phv00227030
FHS,phs000007,MeasurementObservation,Continuous variables,mch,pht001045,phv00081035
FHS,phs000007,MeasurementObservation,Continuous variables,mch,pht015118,phv00546089
FHS,phs000007,MeasurementObservation,Continuous variables,mchc,pht000031,phv00008114
FHS,phs000007,MeasurementObservation,Continuous variables,mchc,pht002889,phv00172184
FHS,phs000007,MeasurementObservation,Continuous variables,mchc,pht004802,phv00227031
FHS,phs000007,MeasurementObservation,Continuous variables,mchc,pht001045,phv00081036
FHS,phs000007,MeasurementObservation,Continuous variables,mcv,pht000031,phv00008112
FHS,phs000007,MeasurementObservation,Continuous variables,mcv,pht002889,phv00172182
FHS,phs000007,MeasurementObservation,Continuous variables,mcv,pht001045,phv00081033
FHS,phs000007,MeasurementObservation,Continuous variables,mcv,pht004802,phv00227029
FHS,phs000007,MeasurementObservation,Continuous variables,mean_art_press,pht000195,phv00024481
FHS,phs000007,MeasurementObservation,Continuous variables,mean_art_press,pht000194,phv00024414
FHS,phs000007,MeasurementObservation,Continuous variables,mean_art_press,pht000211,phv00024867
FHS,phs000007,MeasurementObservation,Continuous variables,mean_art_press,pht000209,phv00024780
FHS,phs000007,MeasurementObservation,Continuous variables,mean_art_press,pht000210,phv00024826
FHS,phs000007,MeasurementObservation,Continuous variables,monocyte_ncnc_bld,pht002889,phv00172195
FHS,phs000007,MeasurementObservation,Continuous variables,monocyte_ncnc_bld,pht004802,phv00227042
FHS,phs000007,MeasurementObservation,Continuous variables,nt_bnp,pht000823,phv00073727
FHS,phs000007,Condition,Conditions,obesity,pht000012,phv00001479
FHS,phs000007,Condition,Conditions,obesity,pht000013,phv00001664
FHS,phs000007,Condition,Conditions,obesity,pht000013,phv00001786
FHS,phs000007,Condition,Conditions,obesity,pht000014,phv00002017
FHS,phs000007,Condition,Conditions,obesity,pht000015,phv00002201
FHS,phs000007,Condition,Conditions,obesity,pht000016,phv00002398
FHS,phs000007,Condition,Conditions,obesity,pht000017,phv00002636
FHS,phs000007,Condition,Conditions,obesity,pht000018,phv00002842
FHS,phs000007,Condition,Conditions,obesity,pht000019,phv00003241
FHS,phs000007,Condition,Conditions,obesity,pht000020,phv00003662
FHS,phs000007,Condition,Conditions,obesity,pht000021,phv00004071
FHS,phs000007,Condition,Conditions,obesity,pht000031,phv00007949
FHS,phs000007,Condition,Conditions,obesity,pht000032,phv00008694
FHS,phs000007,Condition,Conditions,pad,pht000034,phv00009530
FHS,phs000007,Condition,Conditions,pad,pht000074,phv00021067
FHS,phs000007,Condition,Conditions,pad,pht004813,phv00565682
FHS,phs000007,Condition,Conditions,pad,pht006005,phv00273900
FHS,phs000007,Condition,Conditions,pad,pht006006,phv00566063
FHS,phs000007,Condition,Conditions,pad,pht000309,phv00036469
FHS,phs000007,Condition,Conditions,pad,pht000309,phv00036471
FHS,phs000007,MeasurementObservation,Continuous variables,platelet_ct,pht002889,phv00172186
FHS,phs000007,MeasurementObservation,Continuous variables,platelet_ct,pht004802,phv00227033
FHS,phs000007,MeasurementObservation,Continuous variables,platelet_ct,pht001045,phv00081034
FHS,phs000007,MeasurementObservation,Continuous variables,pmv,pht002889,phv00172187
FHS,phs000007,MeasurementObservation,Continuous variables,pmv,pht004802,phv00227034
FHS,phs000007,MeasurementObservation,Continuous variables,pr_qrs_qt,pht000299,phv00036353
FHS,phs000007,MeasurementObservation,Continuous variables,pr_qrs_qt,pht000299,phv00036354
FHS,phs000007,MeasurementObservation,Continuous variables,pr_qrs_qt,pht000299,phv00036363
FHS,phs000007,MeasurementObservation,Continuous variables,pr_qrs_qt,pht000299,phv00036355
FHS,phs000007,MeasurementObservation,Continuous variables,pr_qrs_qt,pht000299,phv00036356
FHS,phs000007,MeasurementObservation,Continuous variables,qrs_ekg,pht003094,phv00177464
FHS,phs000007,MeasurementObservation,Continuous variables,qrs_ekg,pht006005,phv00273976
FHS,phs000007,MeasurementObservation,Continuous variables,qrs_ekg,pht004814,phv00250999
FHS,phs000007,MeasurementObservation,Continuous variables,qrs_ekg,pht004815,phv00251459
FHS,phs000007,MeasurementObservation,Continuous variables,qrs_ekg,pht005140,phv00254208
FHS,phs000007,MeasurementObservation,Continuous variables,qrs_ekg,pht005141,phv00254716
FHS,phs000007,MeasurementObservation,Continuous variables,qrs_ekg,pht005142,phv00255106
FHS,phs000007,MeasurementObservation,Continuous variables,qrs_ekg,pht006007,phv00274831
FHS,phs000007,MeasurementObservation,Continuous variables,qrs_ekg,pht006008,phv00275189
FHS,phs000007,MeasurementObservation,Continuous variables,qrs_ekg,pht000149,phv00023257
FHS,phs000007,MeasurementObservation,Continuous variables,qrs_ekg,pht000012,phv00001526
FHS,phs000007,MeasurementObservation,Continuous variables,qrs_ekg,pht000013,phv00001717
FHS,phs000007,MeasurementObservation,Continuous variables,qrs_ekg,pht000014,phv00001978
FHS,phs000007,MeasurementObservation,Continuous variables,qrs_ekg,pht000015,phv00002158
FHS,phs000007,MeasurementObservation,Continuous variables,qrs_ekg,pht000016,phv00002353
FHS,phs000007,MeasurementObservation,Continuous variables,qrs_ekg,pht000017,phv00002593
FHS,phs000007,MeasurementObservation,Continuous variables,qrs_ekg,pht000018,phv00002801
FHS,phs000007,MeasurementObservation,Continuous variables,qrs_ekg,pht000019,phv00003180
FHS,phs000007,MeasurementObservation,Continuous variables,qrs_ekg,pht000020,phv00003595
FHS,phs000007,MeasurementObservation,Continuous variables,qrs_ekg,pht000021,phv00004003
FHS,phs000007,MeasurementObservation,Continuous variables,qrs_ekg,pht000022,phv00004427
FHS,phs000007,MeasurementObservation,Continuous variables,qrs_ekg,pht000023,phv00004869
FHS,phs000007,MeasurementObservation,Continuous variables,qrs_ekg,pht000024,phv00005233
FHS,phs000007,MeasurementObservation,Continuous variables,qrs_ekg,pht000025,phv00005860
FHS,phs000007,MeasurementObservation,Continuous variables,qrs_ekg,pht000026,phv00006217
FHS,phs000007,MeasurementObservation,Continuous variables,qrs_ekg,pht000026,phv00006219
FHS,phs000007,MeasurementObservation,Continuous variables,qrs_ekg,pht000027,phv00006612
FHS,phs000007,MeasurementObservation,Continuous variables,qrs_ekg,pht000028,phv00007046
FHS,phs000007,MeasurementObservation,Continuous variables,qrs_ekg,pht000029,phv00007481
FHS,phs000007,MeasurementObservation,Continuous variables,qrs_ekg,pht000692,phv00070507
FHS,phs000007,MeasurementObservation,Continuous variables,qrs_ekg,pht000010,phv00001174
FHS,phs000007,MeasurementObservation,Continuous variables,qrs_ekg,pht000030,phv00007649
FHS,phs000007,MeasurementObservation,Continuous variables,qrs_ekg,pht000031,phv00007889
FHS,phs000007,MeasurementObservation,Continuous variables,qrs_ekg,pht000032,phv00008635
FHS,phs000007,MeasurementObservation,Continuous variables,qrs_ekg,pht000033,phv00009031
FHS,phs000007,MeasurementObservation,Continuous variables,qrs_ekg,pht000034,phv00009491
FHS,phs000007,MeasurementObservation,Continuous variables,qrs_ekg,pht000035,phv00010005
FHS,phs000007,MeasurementObservation,Continuous variables,qrs_ekg,pht000036,phv00010438
FHS,phs000007,MeasurementObservation,Continuous variables,qrs_ekg,pht000747,phv00072263
FHS,phs000007,MeasurementObservation,Continuous variables,qrs_ekg,pht000074,phv00021154
FHS,phs000007,MeasurementObservation,Continuous variables,qrs_ekg,pht006018,phv00276825
FHS,phs000007,MeasurementObservation,Continuous variables,qrs_ekg,pht006018,phv00276826
FHS,phs000007,MeasurementObservation,Continuous variables,qrs_ekg,pht006018,phv00276827
FHS,phs000007,MeasurementObservation,Continuous variables,qt_ekg,pht000149,phv00023258
FHS,phs000007,MeasurementObservation,Continuous variables,qt_ekg,pht000014,phv00001979
FHS,phs000007,MeasurementObservation,Continuous variables,qt_ekg,pht000015,phv00002159
FHS,phs000007,MeasurementObservation,Continuous variables,qt_ekg,pht000016,phv00002354
FHS,phs000007,MeasurementObservation,Continuous variables,qt_ekg,pht000017,phv00002594
FHS,phs000007,MeasurementObservation,Continuous variables,qt_ekg,pht000019,phv00003181
FHS,phs000007,MeasurementObservation,Continuous variables,qt_ekg,pht000020,phv00003596
FHS,phs000007,MeasurementObservation,Continuous variables,qt_ekg,pht000030,phv00007650
FHS,phs000007,MeasurementObservation,Continuous variables,qt_ekg,pht000031,phv00007890
FHS,phs000007,MeasurementObservation,Continuous variables,qt_ekg,pht000032,phv00008636
FHS,phs000007,MeasurementObservation,Continuous variables,rdbld_ct,pht000031,phv00008109
FHS,phs000007,MeasurementObservation,Continuous variables,rdbld_ct,pht002889,phv00172179
FHS,phs000007,MeasurementObservation,Continuous variables,rdbld_ct,pht004802,phv00227026
FHS,phs000007,MeasurementObservation,Continuous variables,rdbld_ct,pht001045,phv00081029
FHS,phs000007,MeasurementObservation,Continuous variables,rdbld_ct,pht000030,phv00007641
FHS,phs000007,MeasurementObservation,Continuous variables,rdw,pht002889,phv00172185
FHS,phs000007,MeasurementObservation,Continuous variables,rdw,pht004802,phv00227032
FHS,phs000007,MeasurementObservation,Continuous variables,sleep_duration_daily,pht000098,phv00022090
FHS,phs000007,MeasurementObservation,Continuous variables,sleep_duration_daily,pht003094,phv00177686
FHS,phs000007,MeasurementObservation,Continuous variables,sleep_duration_daily,pht006005,phv00274175
FHS,phs000007,MeasurementObservation,Continuous variables,sleep_duration_daily,pht004814,phv00251253
FHS,phs000007,MeasurementObservation,Continuous variables,sleep_duration_daily,pht004815,phv00251570
FHS,phs000007,MeasurementObservation,Continuous variables,sleep_duration_daily,pht004815,phv00251771
FHS,phs000007,MeasurementObservation,Continuous variables,sleep_duration_daily,pht005140,phv00254343
FHS,phs000007,MeasurementObservation,Continuous variables,sleep_duration_daily,pht005140,phv00254569
FHS,phs000007,MeasurementObservation,Continuous variables,sleep_duration_daily,pht000014,phv00001902
FHS,phs000007,MeasurementObservation,Continuous variables,sleep_duration_daily,pht000022,phv00004158
FHS,phs000007,MeasurementObservation,Continuous variables,sleep_duration_daily,pht000031,phv00007754
FHS,phs000007,MeasurementObservation,Continuous variables,sleep_duration_daily,pht000033,phv00009109
FHS,phs000007,MeasurementObservation,Continuous variables,sleep_duration_daily,pht000036,phv00010680
FHS,phs000007,MeasurementObservation,Continuous variables,sleep_duration_daily,pht000747,phv00072369
FHS,phs000007,MeasurementObservation,Continuous variables,sleep_duration_daily,pht000747,phv00072556
FHS,phs000007,MeasurementObservation,Continuous variables,sleep_duration_daily,pht000074,phv00021348
FHS,phs000007,MeasurementObservation,Continuous variables,sleep_duration_daily,pht000395,phv00055390
FHS,phs000007,MeasurementObservation,Continuous variables,sleep_duration_daily,pht000395,phv00055471
FHS,phs000007,MeasurementObservation,Continuous variables,sleep_duration_daily,pht000395,phv00055472
FHS,phs000007,MeasurementObservation,Continuous variables,sleep_duration_daily,pht000395,phv00056652
FHS,phs000007,MeasurementObservation,Continuous variables,sodium_blood,pht000031,phv00008101
FHS,phs000007,MeasurementObservation,Continuous variables,sodium_blood,pht006018,phv00276858
FHS,phs000007,MeasurementObservation,Continuous variables,sodium_intak,pht002151,phv00157335
FHS,phs000007,MeasurementObservation,Continuous variables,sodium_intak,pht002152,phv00157809
FHS,phs000007,MeasurementObservation,Continuous variables,sodium_intak,pht002153,phv00158129
FHS,phs000007,MeasurementObservation,Continuous variables,sodium_intak,pht000680,phv00070229
FHS,phs000007,MeasurementObservation,Continuous variables,sodium_intak,pht000681,phv00068636
FHS,phs000007,MeasurementObservation,Continuous variables,sodium_intak,pht000682,phv00068753
FHS,phs000007,MeasurementObservation,Continuous variables,sodium_intak,pht002150,phv00157001
FHS,phs000007,MeasurementObservation,Continuous variables,sodium_intak,pht002900,phv00172710
FHS,phs000007,MeasurementObservation,Continuous variables,sodium_intak,pht002350,phv00162361
FHS,phs000007,MeasurementObservation,Continuous variables,fvc,pht000018,phv00002682
FHS,phs000007,MeasurementObservation,Continuous variables,fev1,pht000018,phv00002684
FHS,phs000007,MeasurementObservation,Continuous variables,fvc,pht000019,phv00003249
FHS,phs000007,MeasurementObservation,Continuous variables,fev1,pht000019,phv00003251
FHS,phs000007,MeasurementObservation,Continuous variables,fvc,pht000103,phv00022584
FHS,phs000007,MeasurementObservation,Continuous variables,fev1,pht000103,phv00022586
FHS,phs000007,MeasurementObservation,Continuous variables,fev1_fvc,pht000103,phv00022585
FHS,phs000007,MeasurementObservation,Continuous variables,fvc,pht000103,phv00022597
FHS,phs000007,MeasurementObservation,Continuous variables,fev1,pht000103,phv00022598
FHS,phs000007,MeasurementObservation,Continuous variables,fev1_fvc,pht000103,phv00022600
FHS,phs000007,MeasurementObservation,Continuous variables,fvc,pht000103,phv00022610
FHS,phs000007,MeasurementObservation,Continuous variables,fev1,pht000103,phv00022611
FHS,phs000007,MeasurementObservation,Continuous variables,fev1_fvc,pht000103,phv00022613
FHS,phs000007,MeasurementObservation,Continuous variables,fvc,pht000103,phv00022623
FHS,phs000007,MeasurementObservation,Continuous variables,fev1,pht000103,phv00022624
FHS,phs000007,MeasurementObservation,Continuous variables,fev1_fvc,pht000103,phv00022626
FHS,phs000007,MeasurementObservation,Continuous variables,fvc,pht000103,phv00022636
FHS,phs000007,MeasurementObservation,Continuous variables,fev1,pht000103,phv00022637
FHS,phs000007,MeasurementObservation,Continuous variables,fev1_fvc,pht000103,phv00022639
FHS,phs000007,MeasurementObservation,Continuous variables,fvc,pht000103,phv00022651
FHS,phs000007,MeasurementObservation,Continuous variables,fev1,pht000103,phv00022652
FHS,phs000007,MeasurementObservation,Continuous variables,fev1_fvc,pht000103,phv00022654
FHS,phs000007,MeasurementObservation,Continuous variables,fvc,pht000105,phv00022678
FHS,phs000007,MeasurementObservation,Continuous variables,fev1,pht000105,phv00022679
FHS,phs000007,MeasurementObservation,Continuous variables,fev1_fvc,pht000105,phv00022681
FHS,phs000007,MeasurementObservation,Continuous variables,fvc,pht000101,phv00022555
FHS,phs000007,MeasurementObservation,Continuous variables,fev1,pht000101,phv00022556
FHS,phs000007,MeasurementObservation,Continuous variables,fev1_fvc,pht000101,phv00022565
FHS,phs000007,MeasurementObservation,Continuous variables,fvc,pht000104,phv00022664
FHS,phs000007,MeasurementObservation,Continuous variables,fev1,pht000104,phv00022665
FHS,phs000007,MeasurementObservation,Continuous variables,fev1_fvc,pht000104,phv00022674
FHS,phs000007,MeasurementObservation,Continuous variables,fvc,pht000106,phv00022689
FHS,phs000007,MeasurementObservation,Continuous variables,fev1,pht000106,phv00022690
FHS,phs000007,MeasurementObservation,Continuous variables,fev1_fvc,pht000106,phv00022699
FHS,phs000007,MeasurementObservation,Continuous variables,fvc,pht000395,phv00055266
FHS,phs000007,MeasurementObservation,Continuous variables,fev1,pht000395,phv00055265
FHS,phs000007,MeasurementObservation,Continuous variables,fvc,pht000832,phv00073832
FHS,phs000007,MeasurementObservation,Continuous variables,fev1,pht000832,phv00073829
FHS,phs000007,MeasurementObservation,Continuous variables,fev1_fvc,pht000832,phv00073837
FHS,phs000007,MeasurementObservation,Continuous variables,fvc,pht000102,phv00022571
FHS,phs000007,MeasurementObservation,Continuous variables,fev1,pht000102,phv00022569
FHS,phs000007,MeasurementObservation,Continuous variables,fvc,pht005170,phv00257853
FHS,phs000007,MeasurementObservation,Continuous variables,fev1,pht005170,phv00257850
FHS,phs000007,MeasurementObservation,Continuous variables,fev1_fvc,pht005170,phv00257858
FHS,phs000007,MeasurementObservation,Continuous variables,fvc,pht003632,phv00196552
FHS,phs000007,MeasurementObservation,Continuous variables,fev1,pht003632,phv00196549
FHS,phs000007,MeasurementObservation,Continuous variables,fev1_fvc,pht003632,phv00196557
FHS,phs000007,MeasurementObservation,Continuous variables,fvc,pht005169,phv00257838
FHS,phs000007,MeasurementObservation,Continuous variables,fev1,pht005169,phv00257835
FHS,phs000007,MeasurementObservation,Continuous variables,fev1_fvc,pht005169,phv00257841
FHS,phs000007,MeasurementObservation,Continuous variables,spo2,pht006018,phv00276851
FHS,phs000007,Condition,Conditions,stroke,pht006005,phv00273897
FHS,phs000007,Condition,Conditions,stroke,pht006005,phv00274016
FHS,phs000007,Condition,Conditions,stroke,pht005142,phv00255077
FHS,phs000007,Condition,Conditions,stroke,pht005142,phv00255320
FHS,phs000007,Condition,Conditions,stroke,pht006007,phv00274797
FHS,phs000007,Condition,Conditions,stroke,pht006007,phv00274801
FHS,phs000007,Condition,Conditions,stroke,pht006007,phv00275045
FHS,phs000007,Condition,Conditions,stroke,pht006008,phv00275154
FHS,phs000007,Condition,Conditions,stroke,pht006008,phv00275158
FHS,phs000007,Condition,Conditions,stroke,pht006008,phv00275379
FHS,phs000007,Condition,Conditions,stroke,pht000026,phv00006304
FHS,phs000007,Condition,Conditions,stroke,pht000035,phv00010098
FHS,phs000007,Condition,Conditions,stroke,pht000747,phv00072180
FHS,phs000007,Condition,Conditions,stroke,pht000747,phv00021064
FHS,phs000007,Condition,Conditions,stroke,pht006023,phv00276965
FHS,phs000007,Condition,Conditions,stroke,pht006023,phv00276966
FHS,phs000007,Condition,Conditions,stroke,pht006024,phv00276971
FHS,phs000007,Condition,Conditions,stroke,pht006024,phv00276972
FHS,phs000007,Condition,Conditions,stroke,pht006024,phv00276989
FHS,phs000007,DrugExposure,Drug Exposures,tak_aceinhib,pht006018,phv00276805
FHS,phs000007,DrugExposure,Drug Exposures,tak_aceinhib,pht004814,phv00250746
FHS,phs000007,DrugExposure,Drug Exposures,tak_aceinhib,pht000021,phv00003780
FHS,phs000007,DrugExposure,Drug Exposures,tak_aceinhib,pht000022,phv00004215
FHS,phs000007,DrugExposure,Drug Exposures,tak_aceinhib,pht000023,phv00004608
FHS,phs000007,DrugExposure,Drug Exposures,tak_aceinhib,pht000024,phv00004964
FHS,phs000007,DrugExposure,Drug Exposures,tak_aceinhib,pht000025,phv00005584
FHS,phs000007,DrugExposure,Drug Exposures,tak_aceinhib,pht000026,phv00006136
FHS,phs000007,DrugExposure,Drug Exposures,tak_aceinhib,pht000027,phv00006476
FHS,phs000007,DrugExposure,Drug Exposures,tak_aceinhib,pht000028,phv00006866
FHS,phs000007,DrugExposure,Drug Exposures,tak_aceinhib,pht000029,phv00007303
FHS,phs000007,DrugExposure,Drug Exposures,tak_aceinhib,pht000032,phv00008400
FHS,phs000007,DrugExposure,Drug Exposures,tak_aceinhib,pht000033,phv00008796
FHS,phs000007,DrugExposure,Drug Exposures,tak_aceinhib,pht000035,phv00009692
FHS,phs000007,DrugExposure,Drug Exposures,tak_aceinhib,pht000036,phv00010172
FHS,phs000007,DrugExposure,Drug Exposures,tak_aceinhib,pht005144,phv00255422
FHS,phs000007,DrugExposure,Drug Exposures,tak_aceinhib,pht000395,phv00055377
FHS,phs000007,DrugExposure,Drug Exposures,tak_aceinhib,pht000395,phv00055378
FHS,phs000007,DrugExposure,Drug Exposures,tak_aceinhib,pht000397,phv00056926
FHS,phs000007,DrugExposure,Drug Exposures,tak_aceinhib,pht000397,phv00056927
FHS,phs000007,DrugExposure,Drug Exposures,tak_aldorecepblk,pht004814,phv00250740
FHS,phs000007,DrugExposure,Drug Exposures,tak_aldorecepblk,pht000017,phv00002445
FHS,phs000007,DrugExposure,Drug Exposures,tak_aldorecepblk,pht000018,phv00002699
FHS,phs000007,DrugExposure,Drug Exposures,tak_aldorecepblk,pht000021,phv00003774
FHS,phs000007,DrugExposure,Drug Exposures,tak_aldorecepblk,pht000023,phv00004602
FHS,phs000007,DrugExposure,Drug Exposures,tak_aldorecepblk,pht000024,phv00004958
FHS,phs000007,DrugExposure,Drug Exposures,tak_aldorecepblk,pht000025,phv00005578
FHS,phs000007,DrugExposure,Drug Exposures,tak_aldorecepblk,pht000026,phv00006130
FHS,phs000007,DrugExposure,Drug Exposures,tak_aldorecepblk,pht000027,phv00006472
FHS,phs000007,DrugExposure,Drug Exposures,tak_aldorecepblk,pht000028,phv00006860
FHS,phs000007,DrugExposure,Drug Exposures,tak_aldorecepblk,pht000029,phv00007297
FHS,phs000007,DrugExposure,Drug Exposures,tak_aldorecepblk,pht000031,phv00007708
FHS,phs000007,DrugExposure,Drug Exposures,tak_aldorecepblk,pht000032,phv00008394
FHS,phs000007,DrugExposure,Drug Exposures,tak_aldorecepblk,pht000033,phv00008790
FHS,phs000007,DrugExposure,Drug Exposures,tak_aldorecepblk,pht000035,phv00009686
FHS,phs000007,DrugExposure,Drug Exposures,tak_aldorecepblk,pht000036,phv00010166
FHS,phs000007,DrugExposure,Drug Exposures,tak_aldorecepblk,pht006018,phv00276808
FHS,phs000007,DrugExposure,Drug Exposures,tak_alphablk,pht004814,phv00250745
FHS,phs000007,DrugExposure,Drug Exposures,tak_alphablk,pht000023,phv00004607
FHS,phs000007,DrugExposure,Drug Exposures,tak_alphablk,pht000024,phv00004963
FHS,phs000007,DrugExposure,Drug Exposures,tak_alphablk,pht000025,phv00005583
FHS,phs000007,DrugExposure,Drug Exposures,tak_alphablk,pht000026,phv00006135
FHS,phs000007,DrugExposure,Drug Exposures,tak_alphablk,pht000027,phv00006475
FHS,phs000007,DrugExposure,Drug Exposures,tak_alphablk,pht000028,phv00006865
FHS,phs000007,DrugExposure,Drug Exposures,tak_alphablk,pht000029,phv00007302
FHS,phs000007,DrugExposure,Drug Exposures,tak_alphablk,pht000035,phv00009691
FHS,phs000007,DrugExposure,Drug Exposures,tak_alphablk,pht000036,phv00010171
FHS,phs000007,DrugExposure,Drug Exposures,tak_alphablk,pht000395,phv00055363
FHS,phs000007,DrugExposure,Drug Exposures,tak_alphablk,pht000395,phv00055364
FHS,phs000007,DrugExposure,Drug Exposures,tak_alphablk,pht000397,phv00056930
FHS,phs000007,DrugExposure,Drug Exposures,tak_alphablk,pht000397,phv00056931
FHS,phs000007,DrugExposure,Drug Exposures,tak_angiorecepblk,pht004814,phv00250748
FHS,phs000007,DrugExposure,Drug Exposures,tak_angiorecepblk,pht000028,phv00006868
FHS,phs000007,DrugExposure,Drug Exposures,tak_angiorecepblk,pht000029,phv00007305
FHS,phs000007,DrugExposure,Drug Exposures,tak_angiorecepblk,pht000036,phv00010174
FHS,phs000007,DrugExposure,Drug Exposures,tak_angiorecepblk,pht000397,phv00056924
FHS,phs000007,DrugExposure,Drug Exposures,tak_angiorecepblk,pht000397,phv00056925
FHS,phs000007,DrugExposure,Drug Exposures,tak_angiorecepblk,pht006018,phv00276809
FHS,phs000007,DrugExposure,Drug Exposures,tak_betablk,pht000016,phv00002221
FHS,phs000007,DrugExposure,Drug Exposures,tak_betablk,pht000017,phv00002441
FHS,phs000007,DrugExposure,Drug Exposures,tak_betablk,pht000018,phv00002695
FHS,phs000007,DrugExposure,Drug Exposures,tak_betablk,pht000031,phv00007704
FHS,phs000007,DrugExposure,Drug Exposures,tak_betablk,pht006018,phv00276806
FHS,phs000007,DrugExposure,Drug Exposures,tak_betablk,pht004814,phv00250734
FHS,phs000007,DrugExposure,Drug Exposures,tak_betablk,pht000019,phv00002955
FHS,phs000007,DrugExposure,Drug Exposures,tak_betablk,pht000020,phv00003328
FHS,phs000007,DrugExposure,Drug Exposures,tak_betablk,pht000021,phv00003768
FHS,phs000007,DrugExposure,Drug Exposures,tak_betablk,pht000022,phv00004203
FHS,phs000007,DrugExposure,Drug Exposures,tak_betablk,pht000023,phv00004598
FHS,phs000007,DrugExposure,Drug Exposures,tak_betablk,pht000024,phv00004952
FHS,phs000007,DrugExposure,Drug Exposures,tak_betablk,pht000024,phv00004953
FHS,phs000007,DrugExposure,Drug Exposures,tak_betablk,pht000025,phv00005572
FHS,phs000007,DrugExposure,Drug Exposures,tak_betablk,pht000025,phv00005573
FHS,phs000007,DrugExposure,Drug Exposures,tak_betablk,pht000026,phv00006124
FHS,phs000007,DrugExposure,Drug Exposures,tak_betablk,pht000026,phv00006125
FHS,phs000007,DrugExposure,Drug Exposures,tak_betablk,pht000027,phv00006466
FHS,phs000007,DrugExposure,Drug Exposures,tak_betablk,pht000027,phv00006467
FHS,phs000007,DrugExposure,Drug Exposures,tak_betablk,pht000028,phv00006854
FHS,phs000007,DrugExposure,Drug Exposures,tak_betablk,pht000028,phv00006855
FHS,phs000007,DrugExposure,Drug Exposures,tak_betablk,pht000029,phv00007291
FHS,phs000007,DrugExposure,Drug Exposures,tak_betablk,pht000029,phv00007292
FHS,phs000007,DrugExposure,Drug Exposures,tak_betablk,pht000033,phv00008784
FHS,phs000007,DrugExposure,Drug Exposures,tak_betablk,pht000034,phv00009180
FHS,phs000007,DrugExposure,Drug Exposures,tak_betablk,pht000035,phv00009680
FHS,phs000007,DrugExposure,Drug Exposures,tak_betablk,pht000035,phv00009681
FHS,phs000007,DrugExposure,Drug Exposures,tak_betablk,pht000036,phv00010160
FHS,phs000007,DrugExposure,Drug Exposures,tak_betablk,pht000036,phv00010161
FHS,phs000007,DrugExposure,Drug Exposures,tak_betablk,pht000395,phv00055374
FHS,phs000007,DrugExposure,Drug Exposures,tak_betablk,pht000395,phv00055375
FHS,phs000007,DrugExposure,Drug Exposures,tak_betablk,pht000032,phv00008387
FHS,phs000007,DrugExposure,Drug Exposures,tak_betablk,pht000032,phv00009179
FHS,phs000007,DrugExposure,Drug Exposures,tak_calchanblk,pht004814,phv00250730
FHS,phs000007,DrugExposure,Drug Exposures,tak_calchanblk,pht004814,phv00250731
FHS,phs000007,DrugExposure,Drug Exposures,tak_calchanblk,pht000019,phv00002954
FHS,phs000007,DrugExposure,Drug Exposures,tak_calchanblk,pht000020,phv00003326
FHS,phs000007,DrugExposure,Drug Exposures,tak_calchanblk,pht000021,phv00003767
FHS,phs000007,DrugExposure,Drug Exposures,tak_calchanblk,pht000021,phv00004202
FHS,phs000007,DrugExposure,Drug Exposures,tak_calchanblk,pht000023,phv00004597
FHS,phs000007,DrugExposure,Drug Exposures,tak_calchanblk,pht000024,phv00004951
FHS,phs000007,DrugExposure,Drug Exposures,tak_calchanblk,pht000025,phv00005571
FHS,phs000007,DrugExposure,Drug Exposures,tak_calchanblk,pht000026,phv00006122
FHS,phs000007,DrugExposure,Drug Exposures,tak_calchanblk,pht000027,phv00006462
FHS,phs000007,DrugExposure,Drug Exposures,tak_calchanblk,pht000027,phv00006463
FHS,phs000007,DrugExposure,Drug Exposures,tak_calchanblk,pht000028,phv00006850
FHS,phs000007,DrugExposure,Drug Exposures,tak_calchanblk,pht000028,phv00006851
FHS,phs000007,DrugExposure,Drug Exposures,tak_calchanblk,pht000029,phv00007287
FHS,phs000007,DrugExposure,Drug Exposures,tak_calchanblk,pht000029,phv00007288
FHS,phs000007,DrugExposure,Drug Exposures,tak_calchanblk,pht000032,phv00008386
FHS,phs000007,DrugExposure,Drug Exposures,tak_calchanblk,pht000033,phv00008783
FHS,phs000007,DrugExposure,Drug Exposures,tak_calchanblk,pht000034,phv00009178
FHS,phs000007,DrugExposure,Drug Exposures,tak_calchanblk,pht000035,phv00009679
FHS,phs000007,DrugExposure,Drug Exposures,tak_calchanblk,pht000036,phv00010156
FHS,phs000007,DrugExposure,Drug Exposures,tak_calchanblk,pht000036,phv00010157
FHS,phs000007,DrugExposure,Drug Exposures,tak_calchanblk,pht000395,phv00055376
FHS,phs000007,DrugExposure,Drug Exposures,tak_calchanblk,pht000397,phv00056933
FHS,phs000007,DrugExposure,Drug Exposures,tak_calchanblk,pht000397,phv00056953
FHS,phs000007,DrugExposure,Drug Exposures,tak_calchanblk,pht000397,phv00056954
FHS,phs000007,DrugExposure,Drug Exposures,tak_calchanblk,pht000397,phv00056999
FHS,phs000007,DrugExposure,Drug Exposures,tak_calchanblk,pht000397,phv00057000
FHS,phs000007,DrugExposure,Drug Exposures,tak_cenactag,pht004814,phv00250743
FHS,phs000007,DrugExposure,Drug Exposures,tak_cenactag,pht004814,phv00250744
FHS,phs000007,DrugExposure,Drug Exposures,tak_cenactag,pht000019,phv00002961
FHS,phs000007,DrugExposure,Drug Exposures,tak_cenactag,pht000019,phv00002962
FHS,phs000007,DrugExposure,Drug Exposures,tak_cenactag,pht000020,phv00003340
FHS,phs000007,DrugExposure,Drug Exposures,tak_cenactag,pht000020,phv00003343
FHS,phs000007,DrugExposure,Drug Exposures,tak_cenactag,pht000021,phv00003776
FHS,phs000007,DrugExposure,Drug Exposures,tak_cenactag,pht000021,phv00003777
FHS,phs000007,DrugExposure,Drug Exposures,tak_cenactag,pht000022,phv00004211
FHS,phs000007,DrugExposure,Drug Exposures,tak_cenactag,pht000022,phv00004212
FHS,phs000007,DrugExposure,Drug Exposures,tak_cenactag,pht000023,phv00004605
FHS,phs000007,DrugExposure,Drug Exposures,tak_cenactag,pht000023,phv00004606
FHS,phs000007,DrugExposure,Drug Exposures,tak_cenactag,pht000024,phv00004961
FHS,phs000007,DrugExposure,Drug Exposures,tak_cenactag,pht000024,phv00004962
FHS,phs000007,DrugExposure,Drug Exposures,tak_cenactag,pht000025,phv00005581
FHS,phs000007,DrugExposure,Drug Exposures,tak_cenactag,pht000025,phv00005582
FHS,phs000007,DrugExposure,Drug Exposures,tak_cenactag,pht000026,phv00006133
FHS,phs000007,DrugExposure,Drug Exposures,tak_cenactag,pht000026,phv00006134
FHS,phs000007,DrugExposure,Drug Exposures,tak_cenactag,pht000027,phv00006474
FHS,phs000007,DrugExposure,Drug Exposures,tak_cenactag,pht000028,phv00006863
FHS,phs000007,DrugExposure,Drug Exposures,tak_cenactag,pht000028,phv00006864
FHS,phs000007,DrugExposure,Drug Exposures,tak_cenactag,pht000029,phv00007300
FHS,phs000007,DrugExposure,Drug Exposures,tak_cenactag,pht000029,phv00007301
FHS,phs000007,DrugExposure,Drug Exposures,tak_cenactag,pht000032,phv00008396
FHS,phs000007,DrugExposure,Drug Exposures,tak_cenactag,pht000032,phv00008397
FHS,phs000007,DrugExposure,Drug Exposures,tak_cenactag,pht000033,phv00008792
FHS,phs000007,DrugExposure,Drug Exposures,tak_cenactag,pht000033,phv00008793
FHS,phs000007,DrugExposure,Drug Exposures,tak_cenactag,pht000034,phv00009188
FHS,phs000007,DrugExposure,Drug Exposures,tak_cenactag,pht000035,phv00009689
FHS,phs000007,DrugExposure,Drug Exposures,tak_cenactag,pht000035,phv00009690
FHS,phs000007,DrugExposure,Drug Exposures,tak_cenactag,pht000036,phv00010169
FHS,phs000007,DrugExposure,Drug Exposures,tak_cenactag,pht000036,phv00010170
FHS,phs000007,DrugExposure,Drug Exposures,tak_diuret,pht004814,phv00250737
FHS,phs000007,DrugExposure,Drug Exposures,tak_diuret,pht004814,phv00250738
FHS,phs000007,DrugExposure,Drug Exposures,tak_diuret,pht004814,phv00250739
FHS,phs000007,DrugExposure,Drug Exposures,tak_diuret,pht004814,phv00250740
FHS,phs000007,DrugExposure,Drug Exposures,tak_diuret,pht000012,phv00001439
FHS,phs000007,DrugExposure,Drug Exposures,tak_diuret,pht000013,phv00001622
FHS,phs000007,DrugExposure,Drug Exposures,tak_diuret,pht000014,phv00001822
FHS,phs000007,DrugExposure,Drug Exposures,tak_diuret,pht000015,phv00002041
FHS,phs000007,DrugExposure,Drug Exposures,tak_diuret,pht000016,phv00002223
FHS,phs000007,DrugExposure,Drug Exposures,tak_diuret,pht000016,phv00002224
FHS,phs000007,DrugExposure,Drug Exposures,tak_diuret,pht000017,phv00002446
FHS,phs000007,DrugExposure,Drug Exposures,tak_diuret,pht000017,phv00002447
FHS,phs000007,DrugExposure,Drug Exposures,tak_diuret,pht000018,phv00002700
FHS,phs000007,DrugExposure,Drug Exposures,tak_diuret,pht000018,phv00002701
FHS,phs000007,DrugExposure,Drug Exposures,tak_diuret,pht000019,phv00002958
FHS,phs000007,DrugExposure,Drug Exposures,tak_diuret,pht000019,phv00002959
FHS,phs000007,DrugExposure,Drug Exposures,tak_diuret,pht000020,phv00003334
FHS,phs000007,DrugExposure,Drug Exposures,tak_diuret,pht000020,phv00003336
FHS,phs000007,DrugExposure,Drug Exposures,tak_diuret,pht000021,phv00003772
FHS,phs000007,DrugExposure,Drug Exposures,tak_diuret,pht000021,phv00003773
FHS,phs000007,DrugExposure,Drug Exposures,tak_diuret,pht000021,phv00003774
FHS,phs000007,DrugExposure,Drug Exposures,tak_diuret,pht000022,phv00004207
FHS,phs000007,DrugExposure,Drug Exposures,tak_diuret,pht000022,phv00004208
FHS,phs000007,DrugExposure,Drug Exposures,tak_diuret,pht000022,phv00004209
FHS,phs000007,DrugExposure,Drug Exposures,tak_diuret,pht000023,phv00004599
FHS,phs000007,DrugExposure,Drug Exposures,tak_diuret,pht000023,phv00004601
FHS,phs000007,DrugExposure,Drug Exposures,tak_diuret,pht000023,phv00004602
FHS,phs000007,DrugExposure,Drug Exposures,tak_diuret,pht000024,phv00004955
FHS,phs000007,DrugExposure,Drug Exposures,tak_diuret,pht000024,phv00004957
FHS,phs000007,DrugExposure,Drug Exposures,tak_diuret,pht000024,phv00004958
FHS,phs000007,DrugExposure,Drug Exposures,tak_diuret,pht000025,phv00005575
FHS,phs000007,DrugExposure,Drug Exposures,tak_diuret,pht000025,phv00005577
FHS,phs000007,DrugExposure,Drug Exposures,tak_diuret,pht000025,phv00004958
FHS,phs000007,DrugExposure,Drug Exposures,tak_diuret,pht000026,phv00006130
FHS,phs000007,DrugExposure,Drug Exposures,tak_diuret,pht000026,phv00006129
FHS,phs000007,DrugExposure,Drug Exposures,tak_diuret,pht000027,phv00006469
FHS,phs000007,DrugExposure,Drug Exposures,tak_diuret,pht000027,phv00006471
FHS,phs000007,DrugExposure,Drug Exposures,tak_diuret,pht000028,phv00006857
FHS,phs000007,DrugExposure,Drug Exposures,tak_diuret,pht000028,phv00006859
FHS,phs000007,DrugExposure,Drug Exposures,tak_diuret,pht000028,phv00006860
FHS,phs000007,DrugExposure,Drug Exposures,tak_diuret,pht000029,phv00007294
FHS,phs000007,DrugExposure,Drug Exposures,tak_diuret,pht000029,phv00007296
FHS,phs000007,DrugExposure,Drug Exposures,tak_diuret,pht000029,phv00007297
FHS,phs000007,DrugExposure,Drug Exposures,tak_diuret,pht000009,phv00000867
FHS,phs000007,DrugExposure,Drug Exposures,tak_diuret,pht000009,phv00000952
FHS,phs000007,DrugExposure,Drug Exposures,tak_diuret,pht000010,phv00001130
FHS,phs000007,DrugExposure,Drug Exposures,tak_diuret,pht000011,phv00001245
FHS,phs000007,DrugExposure,Drug Exposures,tak_diuret,pht000030,phv00007590
FHS,phs000007,DrugExposure,Drug Exposures,tak_diuret,pht000030,phv00007591
FHS,phs000007,DrugExposure,Drug Exposures,tak_diuret,pht000031,phv00007709
FHS,phs000007,DrugExposure,Drug Exposures,tak_diuret,pht000031,phv00007710
FHS,phs000007,DrugExposure,Drug Exposures,tak_diuret,pht000032,phv00008392
FHS,phs000007,DrugExposure,Drug Exposures,tak_diuret,pht000032,phv00008394
FHS,phs000007,DrugExposure,Drug Exposures,tak_diuret,pht000033,phv00008788
FHS,phs000007,DrugExposure,Drug Exposures,tak_diuret,pht000033,phv00008789
FHS,phs000007,DrugExposure,Drug Exposures,tak_diuret,pht000033,phv00008790
FHS,phs000007,DrugExposure,Drug Exposures,tak_diuret,pht000034,phv00009182
FHS,phs000007,DrugExposure,Drug Exposures,tak_diuret,pht000034,phv00009184
FHS,phs000007,DrugExposure,Drug Exposures,tak_diuret,pht000034,phv00009185
FHS,phs000007,DrugExposure,Drug Exposures,tak_diuret,pht000035,phv00009685
FHS,phs000007,DrugExposure,Drug Exposures,tak_diuret,pht000035,phv00009686
FHS,phs000007,DrugExposure,Drug Exposures,tak_diuret,pht000036,phv00010163
FHS,phs000007,DrugExposure,Drug Exposures,tak_diuret,pht000036,phv00010165
FHS,phs000007,DrugExposure,Drug Exposures,tak_diuret,pht000036,phv00010166
FHS,phs000007,DrugExposure,Drug Exposures,tak_diuret,pht000395,phv00055358
FHS,phs000007,DrugExposure,Drug Exposures,tak_diuret,pht000395,phv00055359
FHS,phs000007,DrugExposure,Drug Exposures,tak_diuret,pht000395,phv00055381
FHS,phs000007,DrugExposure,Drug Exposures,tak_diuret,pht000397,phv00056959
FHS,phs000007,DrugExposure,Drug Exposures,tak_diuret,pht000397,phv00056968
FHS,phs000007,DrugExposure,Drug Exposures,tak_diuret,pht000397,phv00057004
FHS,phs000007,DrugExposure,Drug Exposures,tak_insulin,pht004814,phv00250767
FHS,phs000007,DrugExposure,Drug Exposures,tak_insulin,pht000014,phv00001827
FHS,phs000007,DrugExposure,Drug Exposures,tak_insulin,pht000015,phv00002046
FHS,phs000007,DrugExposure,Drug Exposures,tak_insulin,pht000016,phv00002229
FHS,phs000007,DrugExposure,Drug Exposures,tak_insulin,pht000017,phv00002451
FHS,phs000007,DrugExposure,Drug Exposures,tak_insulin,pht000018,phv00002705
FHS,phs000007,DrugExposure,Drug Exposures,tak_insulin,pht000019,phv00002970
FHS,phs000007,DrugExposure,Drug Exposures,tak_insulin,pht000020,phv00003358
FHS,phs000007,DrugExposure,Drug Exposures,tak_insulin,pht000021,phv00003789
FHS,phs000007,DrugExposure,Drug Exposures,tak_insulin,pht000022,phv00004224
FHS,phs000007,DrugExposure,Drug Exposures,tak_insulin,pht000023,phv00004620
FHS,phs000007,DrugExposure,Drug Exposures,tak_insulin,pht000024,phv00004981
FHS,phs000007,DrugExposure,Drug Exposures,tak_insulin,pht000025,phv00005601
FHS,phs000007,DrugExposure,Drug Exposures,tak_insulin,pht000026,phv00006152
FHS,phs000007,DrugExposure,Drug Exposures,tak_insulin,pht000027,phv00006492
FHS,phs000007,DrugExposure,Drug Exposures,tak_insulin,pht000028,phv00006887
FHS,phs000007,DrugExposure,Drug Exposures,tak_insulin,pht000029,phv00007324
FHS,phs000007,DrugExposure,Drug Exposures,tak_insulin,pht000031,phv00007718
FHS,phs000007,DrugExposure,Drug Exposures,tak_insulin,pht000032,phv00008404
FHS,phs000007,DrugExposure,Drug Exposures,tak_insulin,pht000033,phv00008805
FHS,phs000007,DrugExposure,Drug Exposures,tak_insulin,pht000034,phv00009207
FHS,phs000007,DrugExposure,Drug Exposures,tak_insulin,pht000035,phv00009708
FHS,phs000007,DrugExposure,Drug Exposures,tak_insulin,pht000036,phv00010193
FHS,phs000007,DrugExposure,Drug Exposures,tak_insulin,pht000395,phv00055345
FHS,phs000007,DrugExposure,Drug Exposures,tak_insulin,pht000397,phv00056962
FHS,phs000007,DrugExposure,Drug Exposures,tak_med_diab,pht003094,phv00177254
FHS,phs000007,DrugExposure,Drug Exposures,tak_med_diab,pht006005,phv00273715
FHS,phs000007,DrugExposure,Drug Exposures,tak_med_diab,pht005140,phv00254028
FHS,phs000007,DrugExposure,Drug Exposures,tak_med_diab,pht006008,phv00275073
FHS,phs000007,DrugExposure,Drug Exposures,tak_med_diab,pht000074,phv00020881
FHS,phs000007,DrugExposure,Drug Exposures,tak_nstat_med,pht004814,phv00250758
FHS,phs000007,DrugExposure,Drug Exposures,tak_nstat_med,pht004814,phv00250759
FHS,phs000007,DrugExposure,Drug Exposures,tak_nstat_med,pht004814,phv00250760
FHS,phs000007,DrugExposure,Drug Exposures,tak_nstat_med,pht000024,phv00004972
FHS,phs000007,DrugExposure,Drug Exposures,tak_nstat_med,pht000024,phv00004973
FHS,phs000007,DrugExposure,Drug Exposures,tak_nstat_med,pht000024,phv00004974
FHS,phs000007,DrugExposure,Drug Exposures,tak_nstat_med,pht000025,phv00005592
FHS,phs000007,DrugExposure,Drug Exposures,tak_nstat_med,pht000025,phv00005593
FHS,phs000007,DrugExposure,Drug Exposures,tak_nstat_med,pht000025,phv00005594
FHS,phs000007,DrugExposure,Drug Exposures,tak_nstat_med,pht000026,phv00006143
FHS,phs000007,DrugExposure,Drug Exposures,tak_nstat_med,pht000026,phv00006144
FHS,phs000007,DrugExposure,Drug Exposures,tak_nstat_med,pht000026,phv00006145
FHS,phs000007,DrugExposure,Drug Exposures,tak_nstat_med,pht000027,phv00006483
FHS,phs000007,DrugExposure,Drug Exposures,tak_nstat_med,pht000027,phv00006484
FHS,phs000007,DrugExposure,Drug Exposures,tak_nstat_med,pht000027,phv00006485
FHS,phs000007,DrugExposure,Drug Exposures,tak_nstat_med,pht000028,phv00006878
FHS,phs000007,DrugExposure,Drug Exposures,tak_nstat_med,pht000028,phv00006879
FHS,phs000007,DrugExposure,Drug Exposures,tak_nstat_med,pht000028,phv00006880
FHS,phs000007,DrugExposure,Drug Exposures,tak_nstat_med,pht000029,phv00007315
FHS,phs000007,DrugExposure,Drug Exposures,tak_nstat_med,pht000029,phv00007316
FHS,phs000007,DrugExposure,Drug Exposures,tak_nstat_med,pht000029,phv00007317
FHS,phs000007,DrugExposure,Drug Exposures,tak_nstat_med,pht000030,phv00007593
FHS,phs000007,DrugExposure,Drug Exposures,tak_nstat_med,pht000031,phv00007711
FHS,phs000007,DrugExposure,Drug Exposures,tak_nstat_med,pht000032,phv00008401
FHS,phs000007,DrugExposure,Drug Exposures,tak_nstat_med,pht000033,phv00008800
FHS,phs000007,DrugExposure,Drug Exposures,tak_nstat_med,pht000034,phv00009198
FHS,phs000007,DrugExposure,Drug Exposures,tak_nstat_med,pht000034,phv00009199
FHS,phs000007,DrugExposure,Drug Exposures,tak_nstat_med,pht000034,phv00009200
FHS,phs000007,DrugExposure,Drug Exposures,tak_nstat_med,pht000034,phv00009202
FHS,phs000007,DrugExposure,Drug Exposures,tak_nstat_med,pht000035,phv00009699
FHS,phs000007,DrugExposure,Drug Exposures,tak_nstat_med,pht000035,phv00009700
FHS,phs000007,DrugExposure,Drug Exposures,tak_nstat_med,pht000035,phv00009701
FHS,phs000007,DrugExposure,Drug Exposures,tak_nstat_med,pht000035,phv00009703
FHS,phs000007,DrugExposure,Drug Exposures,tak_nstat_med,pht000036,phv00010184
FHS,phs000007,DrugExposure,Drug Exposures,tak_nstat_med,pht000036,phv00010185
FHS,phs000007,DrugExposure,Drug Exposures,tak_nstat_med,pht000036,phv00010186
FHS,phs000007,DrugExposure,Drug Exposures,tak_nstat_med,pht000036,phv00010188
FHS,phs000007,DrugExposure,Drug Exposures,tak_nstat_med,pht000395,phv00055369
FHS,phs000007,DrugExposure,Drug Exposures,tak_nstat_med,pht000395,phv00055370
FHS,phs000007,DrugExposure,Drug Exposures,tak_nstat_med,pht000397,phv00056940
FHS,phs000007,DrugExposure,Drug Exposures,tak_nstat_med,pht000397,phv00056957
FHS,phs000007,DrugExposure,Drug Exposures,tak_nstat_med,pht000397,phv00056971
FHS,phs000007,DrugExposure,Drug Exposures,tak_nstat_med,pht000029,phv00007319
FHS,phs000007,DrugExposure,Drug Exposures,tak_nstat_med,pht000009,phv00000868
FHS,phs000007,DrugExposure,Drug Exposures,tak_nstat_med,pht000028,phv00006882
FHS,phs000007,DrugExposure,Drug Exposures,tak_nstat_med,pht000027,phv00006487
FHS,phs000007,DrugExposure,Drug Exposures,tak_nstat_med,pht000026,phv00006147
FHS,phs000007,DrugExposure,Drug Exposures,tak_nstat_med,pht000025,phv00005596
FHS,phs000007,DrugExposure,Drug Exposures,tak_nstat_med,pht000024,phv00004976
FHS,phs000007,DrugExposure,Drug Exposures,tak_nstat_med,pht000023,phv00004615
FHS,phs000007,DrugExposure,Drug Exposures,tak_nstat_med,pht000022,phv00004219
FHS,phs000007,DrugExposure,Drug Exposures,tak_nstat_med,pht000021,phv00003784
FHS,phs000007,DrugExposure,Drug Exposures,tak_nstat_med,pht000018,phv00002702
FHS,phs000007,DrugExposure,Drug Exposures,tak_nstat_med,pht000017,phv00002448
FHS,phs000007,DrugExposure,Drug Exposures,tak_nstat_med,pht000016,phv00002226
FHS,phs000007,DrugExposure,Drug Exposures,tak_nstat_med,pht000015,phv00002043
FHS,phs000007,DrugExposure,Drug Exposures,tak_nstat_med,pht000014,phv00001824
FHS,phs000007,DrugExposure,Drug Exposures,tak_nstat_med,pht000013,phv00001624
FHS,phs000007,DrugExposure,Drug Exposures,tak_nstat_med,pht000012,phv00001441
FHS,phs000007,DrugExposure,Drug Exposures,tak_nstat_med,pht004814,phv00250762
FHS,phs000007,DrugExposure,Drug Exposures,tak_nstat_med,pht004813,phv00565529
FHS,phs000007,DrugExposure,Drug Exposures,tak_nstat_med,pht004813,phv00565530
FHS,phs000007,DrugExposure,Drug Exposures,tak_nstat_med,pht004813,phv00565531
FHS,phs000007,DrugExposure,Drug Exposures,tak_nstat_med,pht004813,phv00565532
FHS,phs000007,DrugExposure,Drug Exposures,tak_nstat_med,pht004813,phv00565533
FHS,phs000007,DrugExposure,Drug Exposures,tak_nstat_med,pht000074,phv00020879
FHS,phs000007,DrugExposure,Drug Exposures,tak_nstat_med,pht006005,phv00273713
FHS,phs000007,DrugExposure,Drug Exposures,tak_nstat_med,pht006006,phv00565876
FHS,phs000007,DrugExposure,Drug Exposures,tak_orlhypoag,pht004814,phv00250769
FHS,phs000007,DrugExposure,Drug Exposures,tak_orlhypoag,pht004814,phv00250770
FHS,phs000007,DrugExposure,Drug Exposures,tak_orlhypoag,pht004814,phv00250771
FHS,phs000007,DrugExposure,Drug Exposures,tak_orlhypoag,pht004814,phv00250772
FHS,phs000007,DrugExposure,Drug Exposures,tak_orlhypoag,pht004814,phv00250773
FHS,phs000007,DrugExposure,Drug Exposures,tak_orlhypoag,pht004814,phv00250774
FHS,phs000007,DrugExposure,Drug Exposures,tak_orlhypoag,pht004814,phv00250775
FHS,phs000007,DrugExposure,Drug Exposures,tak_orlhypoag,pht004814,phv00250776
FHS,phs000007,DrugExposure,Drug Exposures,tak_orlhypoag,pht000012,phv00001445
FHS,phs000007,DrugExposure,Drug Exposures,tak_orlhypoag,pht000013,phv00001628
FHS,phs000007,DrugExposure,Drug Exposures,tak_orlhypoag,pht000014,phv00001829
FHS,phs000007,DrugExposure,Drug Exposures,tak_orlhypoag,pht000015,phv00002048
FHS,phs000007,DrugExposure,Drug Exposures,tak_orlhypoag,pht000016,phv00002230
FHS,phs000007,DrugExposure,Drug Exposures,tak_orlhypoag,pht000017,phv00002452
FHS,phs000007,DrugExposure,Drug Exposures,tak_orlhypoag,pht000018,phv00002706
FHS,phs000007,DrugExposure,Drug Exposures,tak_orlhypoag,pht000019,phv00002969
FHS,phs000007,DrugExposure,Drug Exposures,tak_orlhypoag,pht000020,phv00003356
FHS,phs000007,DrugExposure,Drug Exposures,tak_orlhypoag,pht000021,phv00003790
FHS,phs000007,DrugExposure,Drug Exposures,tak_orlhypoag,pht000022,phv00004225
FHS,phs000007,DrugExposure,Drug Exposures,tak_orlhypoag,pht000023,phv00004621
FHS,phs000007,DrugExposure,Drug Exposures,tak_orlhypoag,pht000024,phv00004983
FHS,phs000007,DrugExposure,Drug Exposures,tak_orlhypoag,pht000025,phv00005603
FHS,phs000007,DrugExposure,Drug Exposures,tak_orlhypoag,pht000026,phv00006154
FHS,phs000007,DrugExposure,Drug Exposures,tak_orlhypoag,pht000027,phv00006494
FHS,phs000007,DrugExposure,Drug Exposures,tak_orlhypoag,pht000028,phv00006889
FHS,phs000007,DrugExposure,Drug Exposures,tak_orlhypoag,pht000028,phv00006890
FHS,phs000007,DrugExposure,Drug Exposures,tak_orlhypoag,pht000028,phv00006891
FHS,phs000007,DrugExposure,Drug Exposures,tak_orlhypoag,pht000028,phv00006892
FHS,phs000007,DrugExposure,Drug Exposures,tak_orlhypoag,pht000028,phv00006893
FHS,phs000007,DrugExposure,Drug Exposures,tak_orlhypoag,pht000028,phv00006894
FHS,phs000007,DrugExposure,Drug Exposures,tak_orlhypoag,pht000028,phv00006895
FHS,phs000007,DrugExposure,Drug Exposures,tak_orlhypoag,pht000028,phv00006896
FHS,phs000007,DrugExposure,Drug Exposures,tak_orlhypoag,pht000028,phv00006897
FHS,phs000007,DrugExposure,Drug Exposures,tak_orlhypoag,pht000028,phv00006898
FHS,phs000007,DrugExposure,Drug Exposures,tak_orlhypoag,pht000029,phv00007326
FHS,phs000007,DrugExposure,Drug Exposures,tak_orlhypoag,pht000029,phv00007327
FHS,phs000007,DrugExposure,Drug Exposures,tak_orlhypoag,pht000029,phv00007328
FHS,phs000007,DrugExposure,Drug Exposures,tak_orlhypoag,pht000029,phv00007329
FHS,phs000007,DrugExposure,Drug Exposures,tak_orlhypoag,pht000029,phv00007330
FHS,phs000007,DrugExposure,Drug Exposures,tak_orlhypoag,pht000029,phv00007331
FHS,phs000007,DrugExposure,Drug Exposures,tak_orlhypoag,pht000029,phv00007332
FHS,phs000007,DrugExposure,Drug Exposures,tak_orlhypoag,pht000029,phv00007333
FHS,phs000007,DrugExposure,Drug Exposures,tak_orlhypoag,pht000029,phv00007334
FHS,phs000007,DrugExposure,Drug Exposures,tak_orlhypoag,pht000029,phv00007335
FHS,phs000007,DrugExposure,Drug Exposures,tak_orlhypoag,pht000030,phv00007597
FHS,phs000007,DrugExposure,Drug Exposures,tak_orlhypoag,pht000031,phv00007715
FHS,phs000007,DrugExposure,Drug Exposures,tak_orlhypoag,pht000032,phv00008405
FHS,phs000007,DrugExposure,Drug Exposures,tak_orlhypoag,pht000033,phv00008806
FHS,phs000007,DrugExposure,Drug Exposures,tak_orlhypoag,pht000034,phv00009209
FHS,phs000007,DrugExposure,Drug Exposures,tak_orlhypoag,pht000035,phv00009710
FHS,phs000007,DrugExposure,Drug Exposures,tak_orlhypoag,pht000036,phv00010195
FHS,phs000007,DrugExposure,Drug Exposures,tak_orlhypoag,pht000036,phv00010196
FHS,phs000007,DrugExposure,Drug Exposures,tak_orlhypoag,pht000036,phv00010197
FHS,phs000007,DrugExposure,Drug Exposures,tak_orlhypoag,pht000036,phv00010198
FHS,phs000007,DrugExposure,Drug Exposures,tak_orlhypoag,pht000036,phv00010199
FHS,phs000007,DrugExposure,Drug Exposures,tak_orlhypoag,pht000036,phv00010200
FHS,phs000007,DrugExposure,Drug Exposures,tak_orlhypoag,pht000036,phv00010201
FHS,phs000007,DrugExposure,Drug Exposures,tak_orlhypoag,pht000036,phv00010202
FHS,phs000007,DrugExposure,Drug Exposures,tak_orlhypoag,pht000397,phv00056978
FHS,phs000007,DrugExposure,Drug Exposures,tak_statin,pht004814,phv00250761
FHS,phs000007,DrugExposure,Drug Exposures,tak_statin,pht000024,phv00004975
FHS,phs000007,DrugExposure,Drug Exposures,tak_statin,pht000025,phv00005595
FHS,phs000007,DrugExposure,Drug Exposures,tak_statin,pht000026,phv00006146
FHS,phs000007,DrugExposure,Drug Exposures,tak_statin,pht000027,phv00006486
FHS,phs000007,DrugExposure,Drug Exposures,tak_statin,pht000028,phv00006881
FHS,phs000007,DrugExposure,Drug Exposures,tak_statin,pht000029,phv00007318
FHS,phs000007,DrugExposure,Drug Exposures,tak_statin,pht000035,phv00009702
FHS,phs000007,DrugExposure,Drug Exposures,tak_statin,pht000036,phv00010187
FHS,phs000007,DrugExposure,Drug Exposures,tak_statin,pht006018,phv00276812
FHS,phs000007,DrugExposure,Drug Exposures,tak_vasodil,pht004814,phv00250747
FHS,phs000007,DrugExposure,Drug Exposures,tak_vasodil,pht000019,phv00002964
FHS,phs000007,DrugExposure,Drug Exposures,tak_vasodil,pht000020,phv00003346
FHS,phs000007,DrugExposure,Drug Exposures,tak_vasodil,pht000021,phv00003781
FHS,phs000007,DrugExposure,Drug Exposures,tak_vasodil,pht000022,phv00004216
FHS,phs000007,DrugExposure,Drug Exposures,tak_vasodil,pht000023,phv00004609
FHS,phs000007,DrugExposure,Drug Exposures,tak_vasodil,pht000024,phv00004965
FHS,phs000007,DrugExposure,Drug Exposures,tak_vasodil,pht000025,phv00005585
FHS,phs000007,DrugExposure,Drug Exposures,tak_vasodil,pht000026,phv00006137
FHS,phs000007,DrugExposure,Drug Exposures,tak_vasodil,pht000027,phv00006477
FHS,phs000007,DrugExposure,Drug Exposures,tak_vasodil,pht000028,phv00006867
FHS,phs000007,DrugExposure,Drug Exposures,tak_vasodil,pht000029,phv00007304
FHS,phs000007,DrugExposure,Drug Exposures,tak_vasodil,pht000032,phv00008389
FHS,phs000007,DrugExposure,Drug Exposures,tak_vasodil,pht000033,phv00008797
FHS,phs000007,DrugExposure,Drug Exposures,tak_vasodil,pht000034,phv00009192
FHS,phs000007,DrugExposure,Drug Exposures,tak_vasodil,pht000035,phv00009693
FHS,phs000007,DrugExposure,Drug Exposures,tak_vasodil,pht000036,phv00010173
FHS,phs000007,DrugExposure,Drug Exposures,tak_vasodil,pht000395,phv00055368
FHS,phs000007,DrugExposure,Drug Exposures,tak_vasodil,pht000395,phv00055379
FHS,phs000007,DrugExposure,Drug Exposures,tak_vasodil,pht000395,phv00055380
FHS,phs000007,DrugExposure,Drug Exposures,tak_vasodil,pht000397,phv00056997
FHS,phs000007,DrugExposure,Drug Exposures,tak_vasodil,pht000397,phv00056998
FHS,phs000007,DrugExposure,Drug Exposures,tak_vasodil,pht006018,phv00276811
FHS,phs000007,MeasurementObservation,Continuous variables,tot_chol_bld,pht000035,phv00010135
FHS,phs000007,MeasurementObservation,Continuous variables,tot_chol_bld,pht009761,phv00423929
FHS,phs000007,MeasurementObservation,Continuous variables,tot_chol_bld,pht000013,phv00001581
FHS,phs000007,MeasurementObservation,Continuous variables,tot_chol_bld,pht000036,phv00010142
FHS,phs000007,MeasurementObservation,Continuous variables,tot_chol_bld,pht000074,phv00021391
FHS,phs000007,MeasurementObservation,Continuous variables,tot_chol_bld,pht000742,phv00071890
FHS,phs000007,MeasurementObservation,Continuous variables,tot_chol_bld,pht004801,phv00227014
FHS,phs000007,MeasurementObservation,Continuous variables,tot_chol_bld,pht006010,phv00275402
FHS,phs000007,MeasurementObservation,Continuous variables,tot_chol_bld,pht006011,phv00275413
FHS,phs000007,MeasurementObservation,Continuous variables,tot_chol_bld,pht006026,phv00277047
FHS,phs000007,MeasurementObservation,Continuous variables,tot_chol_bld,pht006026,phv00277048
FHS,phs000007,MeasurementObservation,Continuous variables,tot_chol_bld,pht009761,phv00544854
FHS,phs000007,MeasurementObservation,Continuous variables,tot_chol_bld,pht009761,phv00544850
FHS,phs000007,MeasurementObservation,Continuous variables,tot_chol_bld,pht007777,phv00370081
FHS,phs000007,MeasurementObservation,Continuous variables,tot_chol_bld,pht007777,phv00370078
FHS,phs000007,MeasurementObservation,Continuous variables,tot_chol_bld,pht007777,phv00370065
FHS,phs000007,MeasurementObservation,Continuous variables,tot_chol_bld,pht007777,phv00370069
FHS,phs000007,MeasurementObservation,Continuous variables,tot_chol_bld,pht007777,phv00370072
FHS,phs000007,MeasurementObservation,Continuous variables,tot_chol_bld,pht007777,phv00370070
FHS,phs000007,MeasurementObservation,Continuous variables,tot_chol_bld,pht007777,phv00370068
FHS,phs000007,MeasurementObservation,Continuous variables,tot_chol_bld,pht007777,phv00370074
FHS,phs000007,MeasurementObservation,Continuous variables,tot_chol_bld,pht007777,phv00370077
FHS,phs000007,MeasurementObservation,Continuous variables,tot_chol_bld,pht007777,phv00370073
FHS,phs000007,MeasurementObservation,Continuous variables,tot_chol_bld,pht007777,phv00370064
FHS,phs000007,MeasurementObservation,Continuous variables,tot_chol_bld,pht007777,phv00370071
FHS,phs000007,MeasurementObservation,Continuous variables,tot_chol_bld,pht007777,phv00370076
FHS,phs000007,MeasurementObservation,Continuous variables,tot_chol_bld,pht007777,phv00370075
FHS,phs000007,MeasurementObservation,Continuous variables,tot_chol_bld,pht007777,phv00370063
FHS,phs000007,MeasurementObservation,Continuous variables,tot_chol_bld,pht007777,phv00370067
FHS,phs000007,MeasurementObservation,Continuous variables,tot_chol_bld,pht007777,phv00370079
FHS,phs000007,MeasurementObservation,Continuous variables,tot_chol_bld,pht007777,phv00370080
FHS,phs000007,MeasurementObservation,Continuous variables,tot_chol_bld,pht009755,phv00423784
FHS,phs000007,MeasurementObservation,Continuous variables,tot_chol_bld,pht009761,phv00423932
FHS,phs000007,MeasurementObservation,Continuous variables,tot_chol_bld,pht009761,phv00423931
FHS,phs000007,MeasurementObservation,Continuous variables,tot_chol_bld,pht009761,phv00423930
FHS,phs000007,MeasurementObservation,Continuous variables,triglyc_bld,pht009755,phv00423783
FHS,phs000007,MeasurementObservation,Continuous variables,triglyc_bld,pht000009,phv00000931
FHS,phs000007,MeasurementObservation,Continuous variables,triglyc_bld,pht000010,phv00001054
FHS,phs000007,MeasurementObservation,Continuous variables,triglyc_bld,pht000011,phv00001209
FHS,phs000007,MeasurementObservation,Continuous variables,triglyc_bld,pht000034,phv00009576
FHS,phs000007,MeasurementObservation,Continuous variables,triglyc_bld,pht000035,phv00010136
FHS,phs000007,MeasurementObservation,Continuous variables,triglyc_bld,pht000036,phv00010144
FHS,phs000007,MeasurementObservation,Continuous variables,triglyc_bld,pht000074,phv00021393
FHS,phs000007,MeasurementObservation,Continuous variables,triglyc_bld,pht000742,phv00071892
FHS,phs000007,MeasurementObservation,Continuous variables,triglyc_bld,pht002889,phv00172172
FHS,phs000007,MeasurementObservation,Continuous variables,triglyc_bld,pht005143,phv00255342
FHS,phs000007,MeasurementObservation,Continuous variables,triglyc_bld,pht004801,phv00227015
FHS,phs000007,MeasurementObservation,Continuous variables,triglyc_bld,pht006010,phv00275403
FHS,phs000007,MeasurementObservation,Continuous variables,triglyc_bld,pht006011,phv00275415
FHS,phs000007,MeasurementObservation,Continuous variables,triglyc_bld,pht004802,phv00227056
FHS,phs000007,MeasurementObservation,Continuous variables,triglyc_bld,pht001045,phv00081038
FHS,phs000007,MeasurementObservation,Continuous variables,triglyc_bld,pht000395,phv00055264
FHS,phs000007,MeasurementObservation,Continuous variables,triglyc_bld,pht006026,phv00277049
FHS,phs000007,MeasurementObservation,Continuous variables,triglyc_bld,pht006026,phv00277050
FHS,phs000007,MeasurementObservation,Continuous variables,triglyc_bld,pht009761,phv00423933
FHS,phs000007,MeasurementObservation,Continuous variables,triglyc_bld,pht009761,phv00423934
FHS,phs000007,MeasurementObservation,Continuous variables,triglyc_bld,pht009761,phv00423935
FHS,phs000007,MeasurementObservation,Continuous variables,triglyc_bld,pht009761,phv00423936
FHS,phs000007,MeasurementObservation,Continuous variables,triglyc_bld,pht007777,phv00370082
FHS,phs000007,MeasurementObservation,Continuous variables,triglyc_bld,pht007777,phv00370083
FHS,phs000007,MeasurementObservation,Continuous variables,triglyc_bld,pht007777,phv00370084
FHS,phs000007,MeasurementObservation,Continuous variables,triglyc_bld,pht007777,phv00370085
FHS,phs000007,MeasurementObservation,Continuous variables,triglyc_bld,pht007777,phv00370086
FHS,phs000007,MeasurementObservation,Continuous variables,triglyc_bld,pht007777,phv00370087
FHS,phs000007,MeasurementObservation,Continuous variables,triglyc_bld,pht007777,phv00370088
FHS,phs000007,MeasurementObservation,Continuous variables,troponin,pht002072,phv00141866
FHS,phs000007,MeasurementObservation,Continuous variables,troponin,pht002072,phv00141868
FHS,phs000007,MeasurementObservation,Continuous variables,troponin,pht006018,phv00276804
FHS,phs000007,Condition,Conditions,valv_hrtdis,pht000031,phv00008002
FHS,phs000007,Condition,Conditions,valv_hrtdis,pht007776,phv00369621
FHS,phs000007,Condition,Conditions,valv_hrtdis,pht006018,phv00276882
FHS,phs000007,Condition,Conditions,valv_hrtdis,pht007776,phv00369618
FHS,phs000007,Condition,Conditions,valv_hrtdis,pht006018,phv00276881
FHS,phs000007,Condition,Conditions,valv_hrtdis,pht007776,phv00369617
FHS,phs000007,Condition,Conditions,valv_hrtdis,pht006018,phv00276883
FHS,phs000007,Condition,Conditions,valv_hrtdis,pht007776,phv00369619
FHS,phs000007,Condition,Conditions,valv_hrtdis,pht006018,phv00276884
FHS,phs000007,Condition,Conditions,valv_hrtdis,pht007776,phv00369620
FHS,phs000007,MeasurementObservation,Continuous variables,vege_serving,pht002151,phv00157632
FHS,phs000007,MeasurementObservation,Continuous variables,vege_serving,pht002151,phv00157633
FHS,phs000007,MeasurementObservation,Continuous variables,vege_serving,pht002151,phv00157634
FHS,phs000007,MeasurementObservation,Continuous variables,vege_serving,pht002151,phv00157635
FHS,phs000007,MeasurementObservation,Continuous variables,vege_serving,pht002151,phv00157636
FHS,phs000007,MeasurementObservation,Continuous variables,vege_serving,pht002151,phv00157637
FHS,phs000007,MeasurementObservation,Continuous variables,vege_serving,pht002151,phv00157638
FHS,phs000007,MeasurementObservation,Continuous variables,vege_serving,pht002151,phv00157639
FHS,phs000007,MeasurementObservation,Continuous variables,vege_serving,pht002151,phv00157640
FHS,phs000007,MeasurementObservation,Continuous variables,vege_serving,pht002151,phv00157641
FHS,phs000007,MeasurementObservation,Continuous variables,vege_serving,pht002151,phv00157642
FHS,phs000007,MeasurementObservation,Continuous variables,vege_serving,pht002151,phv00157643
FHS,phs000007,MeasurementObservation,Continuous variables,vege_serving,pht002151,phv00157644
FHS,phs000007,MeasurementObservation,Continuous variables,vege_serving,pht002151,phv00157645
FHS,phs000007,MeasurementObservation,Continuous variables,vege_serving,pht002151,phv00157646
FHS,phs000007,MeasurementObservation,Continuous variables,vege_serving,pht002151,phv00157647
FHS,phs000007,MeasurementObservation,Continuous variables,vege_serving,pht002151,phv00157648
FHS,phs000007,MeasurementObservation,Continuous variables,vege_serving,pht002151,phv00157649
FHS,phs000007,MeasurementObservation,Continuous variables,vege_serving,pht002151,phv00157650
FHS,phs000007,MeasurementObservation,Continuous variables,vege_serving,pht002151,phv00157651
FHS,phs000007,MeasurementObservation,Continuous variables,vege_serving,pht002151,phv00157652
FHS,phs000007,MeasurementObservation,Continuous variables,vege_serving,pht002151,phv00157653
FHS,phs000007,MeasurementObservation,Continuous variables,vege_serving,pht002151,phv00157654
FHS,phs000007,MeasurementObservation,Continuous variables,vege_serving,pht002151,phv00157655
FHS,phs000007,MeasurementObservation,Continuous variables,vege_serving,pht002151,phv00157656
FHS,phs000007,MeasurementObservation,Continuous variables,vege_serving,pht002151,phv00157657
FHS,phs000007,MeasurementObservation,Continuous variables,vege_serving,pht002151,phv00157658
FHS,phs000007,MeasurementObservation,Continuous variables,vege_serving,pht002151,phv00157659
FHS,phs000007,MeasurementObservation,Continuous variables,vege_serving,pht002153,phv00158435
FHS,phs000007,MeasurementObservation,Continuous variables,vege_serving,pht002153,phv00158436
FHS,phs000007,MeasurementObservation,Continuous variables,vege_serving,pht002153,phv00158437
FHS,phs000007,MeasurementObservation,Continuous variables,vege_serving,pht002153,phv00158438
FHS,phs000007,MeasurementObservation,Continuous variables,vege_serving,pht002153,phv00158439
FHS,phs000007,MeasurementObservation,Continuous variables,vege_serving,pht002153,phv00158440
FHS,phs000007,MeasurementObservation,Continuous variables,vege_serving,pht002153,phv00158441
FHS,phs000007,MeasurementObservation,Continuous variables,vege_serving,pht002153,phv00158442
FHS,phs000007,MeasurementObservation,Continuous variables,vege_serving,pht002153,phv00158443
FHS,phs000007,MeasurementObservation,Continuous variables,vege_serving,pht002153,phv00158444
FHS,phs000007,MeasurementObservation,Continuous variables,vege_serving,pht002153,phv00158445
FHS,phs000007,MeasurementObservation,Continuous variables,vege_serving,pht002153,phv00158446
FHS,phs000007,MeasurementObservation,Continuous variables,vege_serving,pht002153,phv00158447
FHS,phs000007,MeasurementObservation,Continuous variables,vege_serving,pht002153,phv00158448
FHS,phs000007,MeasurementObservation,Continuous variables,vege_serving,pht002153,phv00158449
FHS,phs000007,MeasurementObservation,Continuous variables,vege_serving,pht002153,phv00158450
FHS,phs000007,MeasurementObservation,Continuous variables,vege_serving,pht002153,phv00158451
FHS,phs000007,MeasurementObservation,Continuous variables,vege_serving,pht002153,phv00158452
FHS,phs000007,MeasurementObservation,Continuous variables,vege_serving,pht002153,phv00158453
FHS,phs000007,MeasurementObservation,Continuous variables,vege_serving,pht002153,phv00158454
FHS,phs000007,MeasurementObservation,Continuous variables,vege_serving,pht002153,phv00158455
FHS,phs000007,MeasurementObservation,Continuous variables,vege_serving,pht002153,phv00158456
FHS,phs000007,MeasurementObservation,Continuous variables,vege_serving,pht002153,phv00158457
FHS,phs000007,MeasurementObservation,Continuous variables,vege_serving,pht002153,phv00158458
FHS,phs000007,MeasurementObservation,Continuous variables,vege_serving,pht002153,phv00158459
FHS,phs000007,MeasurementObservation,Continuous variables,vege_serving,pht002153,phv00158460
FHS,phs000007,MeasurementObservation,Continuous variables,vege_serving,pht002153,phv00158461
FHS,phs000007,MeasurementObservation,Continuous variables,vege_serving,pht002153,phv00158462
FHS,phs000007,MeasurementObservation,Continuous variables,vege_serving,pht000680,phv00070081
FHS,phs000007,MeasurementObservation,Continuous variables,vege_serving,pht000680,phv00070082
FHS,phs000007,MeasurementObservation,Continuous variables,vege_serving,pht000680,phv00070083
FHS,phs000007,MeasurementObservation,Continuous variables,vege_serving,pht000680,phv00070084
FHS,phs000007,MeasurementObservation,Continuous variables,vege_serving,pht000680,phv00070085
FHS,phs000007,MeasurementObservation,Continuous variables,vege_serving,pht000680,phv00070086
FHS,phs000007,MeasurementObservation,Continuous variables,vege_serving,pht000680,phv00070087
FHS,phs000007,MeasurementObservation,Continuous variables,vege_serving,pht000680,phv00070088
FHS,phs000007,MeasurementObservation,Continuous variables,vege_serving,pht000680,phv00070089
FHS,phs000007,MeasurementObservation,Continuous variables,vege_serving,pht000680,phv00070090
FHS,phs000007,MeasurementObservation,Continuous variables,vege_serving,pht000680,phv00070091
FHS,phs000007,MeasurementObservation,Continuous variables,vege_serving,pht000680,phv00070092
FHS,phs000007,MeasurementObservation,Continuous variables,vege_serving,pht000680,phv00070093
FHS,phs000007,MeasurementObservation,Continuous variables,vege_serving,pht000680,phv00070094
FHS,phs000007,MeasurementObservation,Continuous variables,vege_serving,pht000680,phv00070095
FHS,phs000007,MeasurementObservation,Continuous variables,vege_serving,pht000680,phv00070096
FHS,phs000007,MeasurementObservation,Continuous variables,vege_serving,pht000680,phv00070097
FHS,phs000007,MeasurementObservation,Continuous variables,vege_serving,pht000680,phv00070098
FHS,phs000007,MeasurementObservation,Continuous variables,vege_serving,pht000680,phv00070099
FHS,phs000007,MeasurementObservation,Continuous variables,vege_serving,pht000680,phv00070100
FHS,phs000007,MeasurementObservation,Continuous variables,vege_serving,pht000680,phv00070101
FHS,phs000007,MeasurementObservation,Continuous variables,vege_serving,pht000680,phv00070102
FHS,phs000007,MeasurementObservation,Continuous variables,vege_serving,pht000680,phv00070103
FHS,phs000007,MeasurementObservation,Continuous variables,vege_serving,pht000680,phv00070104
FHS,phs000007,MeasurementObservation,Continuous variables,vege_serving,pht000680,phv00070105
FHS,phs000007,MeasurementObservation,Continuous variables,vege_serving,pht000680,phv00070106
FHS,phs000007,MeasurementObservation,Continuous variables,vege_serving,pht000680,phv00070107
FHS,phs000007,MeasurementObservation,Continuous variables,vege_serving,pht000680,phv00070108
FHS,phs000007,MeasurementObservation,Continuous variables,vege_serving,pht000681,phv00068488
FHS,phs000007,MeasurementObservation,Continuous variables,vege_serving,pht000681,phv00068489
FHS,phs000007,MeasurementObservation,Continuous variables,vege_serving,pht000681,phv00068490
FHS,phs000007,MeasurementObservation,Continuous variables,vege_serving,pht000681,phv00068491
FHS,phs000007,MeasurementObservation,Continuous variables,vege_serving,pht000681,phv00068492
FHS,phs000007,MeasurementObservation,Continuous variables,vege_serving,pht000681,phv00068493
FHS,phs000007,MeasurementObservation,Continuous variables,vege_serving,pht000681,phv00068494
FHS,phs000007,MeasurementObservation,Continuous variables,vege_serving,pht000681,phv00068495
FHS,phs000007,MeasurementObservation,Continuous variables,vege_serving,pht000681,phv00068496
FHS,phs000007,MeasurementObservation,Continuous variables,vege_serving,pht000681,phv00068497
FHS,phs000007,MeasurementObservation,Continuous variables,vege_serving,pht000681,phv00068498
FHS,phs000007,MeasurementObservation,Continuous variables,vege_serving,pht000681,phv00068499
FHS,phs000007,MeasurementObservation,Continuous variables,vege_serving,pht000681,phv00068500
FHS,phs000007,MeasurementObservation,Continuous variables,vege_serving,pht000681,phv00068501
FHS,phs000007,MeasurementObservation,Continuous variables,vege_serving,pht000681,phv00068502
FHS,phs000007,MeasurementObservation,Continuous variables,vege_serving,pht000681,phv00068503
FHS,phs000007,MeasurementObservation,Continuous variables,vege_serving,pht000681,phv00068504
FHS,phs000007,MeasurementObservation,Continuous variables,vege_serving,pht000681,phv00068505
FHS,phs000007,MeasurementObservation,Continuous variables,vege_serving,pht000681,phv00068506
FHS,phs000007,MeasurementObservation,Continuous variables,vege_serving,pht000681,phv00068507
FHS,phs000007,MeasurementObservation,Continuous variables,vege_serving,pht000681,phv00068508
FHS,phs000007,MeasurementObservation,Continuous variables,vege_serving,pht000681,phv00068509
FHS,phs000007,MeasurementObservation,Continuous variables,vege_serving,pht000681,phv00068510
FHS,phs000007,MeasurementObservation,Continuous variables,vege_serving,pht000681,phv00068511
FHS,phs000007,MeasurementObservation,Continuous variables,vege_serving,pht000681,phv00068512
FHS,phs000007,MeasurementObservation,Continuous variables,vege_serving,pht000681,phv00068513
FHS,phs000007,MeasurementObservation,Continuous variables,vege_serving,pht000681,phv00068514
FHS,phs000007,MeasurementObservation,Continuous variables,vege_serving,pht000681,phv00068515
FHS,phs000007,MeasurementObservation,Continuous variables,vege_serving,pht000682,phv00069057
FHS,phs000007,MeasurementObservation,Continuous variables,vege_serving,pht000682,phv00069058
FHS,phs000007,MeasurementObservation,Continuous variables,vege_serving,pht000682,phv00069059
FHS,phs000007,MeasurementObservation,Continuous variables,vege_serving,pht000682,phv00069060
FHS,phs000007,MeasurementObservation,Continuous variables,vege_serving,pht000682,phv00069061
FHS,phs000007,MeasurementObservation,Continuous variables,vege_serving,pht000682,phv00069062
FHS,phs000007,MeasurementObservation,Continuous variables,vege_serving,pht000682,phv00069063
FHS,phs000007,MeasurementObservation,Continuous variables,vege_serving,pht000682,phv00069064
FHS,phs000007,MeasurementObservation,Continuous variables,vege_serving,pht000682,phv00069065
FHS,phs000007,MeasurementObservation,Continuous variables,vege_serving,pht000682,phv00069066
FHS,phs000007,MeasurementObservation,Continuous variables,vege_serving,pht000682,phv00069067
FHS,phs000007,MeasurementObservation,Continuous variables,vege_serving,pht000682,phv00069068
FHS,phs000007,MeasurementObservation,Continuous variables,vege_serving,pht000682,phv00069069
FHS,phs000007,MeasurementObservation,Continuous variables,vege_serving,pht000682,phv00069070
FHS,phs000007,MeasurementObservation,Continuous variables,vege_serving,pht000682,phv00069071
FHS,phs000007,MeasurementObservation,Continuous variables,vege_serving,pht000682,phv00069072
FHS,phs000007,MeasurementObservation,Continuous variables,vege_serving,pht000682,phv00069073
FHS,phs000007,MeasurementObservation,Continuous variables,vege_serving,pht000682,phv00069074
FHS,phs000007,MeasurementObservation,Continuous variables,vege_serving,pht000682,phv00069075
FHS,phs000007,MeasurementObservation,Continuous variables,vege_serving,pht000682,phv00069076
FHS,phs000007,MeasurementObservation,Continuous variables,vege_serving,pht000682,phv00069077
FHS,phs000007,MeasurementObservation,Continuous variables,vege_serving,pht000682,phv00069078
FHS,phs000007,MeasurementObservation,Continuous variables,vege_serving,pht000682,phv00069079
FHS,phs000007,MeasurementObservation,Continuous variables,vege_serving,pht000682,phv00069080
FHS,phs000007,MeasurementObservation,Continuous variables,vege_serving,pht000682,phv00069081
FHS,phs000007,MeasurementObservation,Continuous variables,vege_serving,pht000682,phv00069082
FHS,phs000007,MeasurementObservation,Continuous variables,vege_serving,pht000682,phv00069083
FHS,phs000007,MeasurementObservation,Continuous variables,vege_serving,pht000682,phv00069084
FHS,phs000007,MeasurementObservation,Continuous variables,vege_serving,pht002150,phv00157191
FHS,phs000007,MeasurementObservation,Continuous variables,vege_serving,pht002150,phv00157192
FHS,phs000007,MeasurementObservation,Continuous variables,vege_serving,pht002150,phv00157193
FHS,phs000007,MeasurementObservation,Continuous variables,vege_serving,pht002150,phv00157194
FHS,phs000007,MeasurementObservation,Continuous variables,vege_serving,pht002150,phv00157195
FHS,phs000007,MeasurementObservation,Continuous variables,vege_serving,pht002150,phv00157196
FHS,phs000007,MeasurementObservation,Continuous variables,vege_serving,pht002150,phv00157197
FHS,phs000007,MeasurementObservation,Continuous variables,vege_serving,pht002150,phv00157198
FHS,phs000007,MeasurementObservation,Continuous variables,vege_serving,pht002150,phv00157199
FHS,phs000007,MeasurementObservation,Continuous variables,vege_serving,pht002150,phv00157200
FHS,phs000007,MeasurementObservation,Continuous variables,vege_serving,pht002150,phv00157201
FHS,phs000007,MeasurementObservation,Continuous variables,vege_serving,pht002150,phv00157202
FHS,phs000007,MeasurementObservation,Continuous variables,vege_serving,pht002150,phv00157203
FHS,phs000007,MeasurementObservation,Continuous variables,vege_serving,pht002150,phv00157204
FHS,phs000007,MeasurementObservation,Continuous variables,vege_serving,pht002150,phv00157205
FHS,phs000007,MeasurementObservation,Continuous variables,vege_serving,pht002150,phv00157206
FHS,phs000007,MeasurementObservation,Continuous variables,vege_serving,pht002150,phv00157207
FHS,phs000007,MeasurementObservation,Continuous variables,vege_serving,pht002150,phv00157208
FHS,phs000007,MeasurementObservation,Continuous variables,vege_serving,pht002150,phv00157209
FHS,phs000007,MeasurementObservation,Continuous variables,vege_serving,pht002150,phv00157210
FHS,phs000007,MeasurementObservation,Continuous variables,vege_serving,pht002150,phv00157211
FHS,phs000007,MeasurementObservation,Continuous variables,vege_serving,pht002150,phv00157212
FHS,phs000007,MeasurementObservation,Continuous variables,vege_serving,pht002150,phv00157213
FHS,phs000007,MeasurementObservation,Continuous variables,vege_serving,pht002150,phv00157214
FHS,phs000007,MeasurementObservation,Continuous variables,vege_serving,pht002150,phv00157215
FHS,phs000007,MeasurementObservation,Continuous variables,vege_serving,pht002150,phv00157216
FHS,phs000007,MeasurementObservation,Continuous variables,vege_serving,pht002150,phv00157217
FHS,phs000007,MeasurementObservation,Continuous variables,vege_serving,pht002150,phv00157218
FHS,phs000007,MeasurementObservation,Continuous variables,vege_serving,pht002900,phv00172970
FHS,phs000007,MeasurementObservation,Continuous variables,vege_serving,pht002900,phv00172971
FHS,phs000007,MeasurementObservation,Continuous variables,vege_serving,pht002900,phv00172972
FHS,phs000007,MeasurementObservation,Continuous variables,vege_serving,pht002900,phv00172973
FHS,phs000007,MeasurementObservation,Continuous variables,vege_serving,pht002900,phv00172974
FHS,phs000007,MeasurementObservation,Continuous variables,vege_serving,pht002900,phv00172975
FHS,phs000007,MeasurementObservation,Continuous variables,vege_serving,pht002900,phv00172976
FHS,phs000007,MeasurementObservation,Continuous variables,vege_serving,pht002900,phv00172977
FHS,phs000007,MeasurementObservation,Continuous variables,vege_serving,pht002900,phv00172978
FHS,phs000007,MeasurementObservation,Continuous variables,vege_serving,pht002900,phv00172979
FHS,phs000007,MeasurementObservation,Continuous variables,vege_serving,pht002900,phv00172980
FHS,phs000007,MeasurementObservation,Continuous variables,vege_serving,pht002900,phv00172981
FHS,phs000007,MeasurementObservation,Continuous variables,vege_serving,pht002900,phv00172982
FHS,phs000007,MeasurementObservation,Continuous variables,vege_serving,pht002900,phv00172983
FHS,phs000007,MeasurementObservation,Continuous variables,vege_serving,pht002900,phv00172984
FHS,phs000007,MeasurementObservation,Continuous variables,vege_serving,pht002900,phv00172985
FHS,phs000007,MeasurementObservation,Continuous variables,vege_serving,pht002900,phv00172986
FHS,phs000007,MeasurementObservation,Continuous variables,vege_serving,pht002900,phv00172987
FHS,phs000007,MeasurementObservation,Continuous variables,vege_serving,pht002900,phv00172988
FHS,phs000007,MeasurementObservation,Continuous variables,vege_serving,pht002900,phv00172989
FHS,phs000007,MeasurementObservation,Continuous variables,vege_serving,pht002900,phv00172990
FHS,phs000007,MeasurementObservation,Continuous variables,vege_serving,pht002900,phv00172991
FHS,phs000007,MeasurementObservation,Continuous variables,vege_serving,pht002900,phv00172992
FHS,phs000007,MeasurementObservation,Continuous variables,vege_serving,pht002900,phv00172993
FHS,phs000007,MeasurementObservation,Continuous variables,vege_serving,pht002900,phv00172994
FHS,phs000007,MeasurementObservation,Continuous variables,vege_serving,pht002900,phv00172995
FHS,phs000007,MeasurementObservation,Continuous variables,vege_serving,pht002900,phv00172996
FHS,phs000007,MeasurementObservation,Continuous variables,vege_serving,pht002900,phv00172997
FHS,phs000007,MeasurementObservation,Continuous variables,vege_serving,pht002350,phv00162569
FHS,phs000007,MeasurementObservation,Continuous variables,vege_serving,pht002350,phv00162570
FHS,phs000007,MeasurementObservation,Continuous variables,vege_serving,pht002350,phv00162571
FHS,phs000007,MeasurementObservation,Continuous variables,vege_serving,pht002350,phv00162572
FHS,phs000007,MeasurementObservation,Continuous variables,vege_serving,pht002350,phv00162573
FHS,phs000007,MeasurementObservation,Continuous variables,vege_serving,pht002350,phv00162574
FHS,phs000007,MeasurementObservation,Continuous variables,vege_serving,pht002350,phv00162575
FHS,phs000007,MeasurementObservation,Continuous variables,vege_serving,pht002350,phv00162576
FHS,phs000007,MeasurementObservation,Continuous variables,vege_serving,pht002350,phv00162577
FHS,phs000007,MeasurementObservation,Continuous variables,vege_serving,pht002350,phv00162578
FHS,phs000007,MeasurementObservation,Continuous variables,vege_serving,pht002350,phv00162579
FHS,phs000007,MeasurementObservation,Continuous variables,vege_serving,pht002350,phv00162580
FHS,phs000007,MeasurementObservation,Continuous variables,vege_serving,pht002350,phv00162581
FHS,phs000007,MeasurementObservation,Continuous variables,vege_serving,pht002350,phv00162582
FHS,phs000007,MeasurementObservation,Continuous variables,vege_serving,pht002350,phv00162583
FHS,phs000007,MeasurementObservation,Continuous variables,vege_serving,pht002350,phv00162584
FHS,phs000007,MeasurementObservation,Continuous variables,vege_serving,pht002350,phv00162585
FHS,phs000007,MeasurementObservation,Continuous variables,vege_serving,pht002350,phv00162586
FHS,phs000007,MeasurementObservation,Continuous variables,vege_serving,pht002350,phv00162587
FHS,phs000007,MeasurementObservation,Continuous variables,vege_serving,pht002350,phv00162588
FHS,phs000007,MeasurementObservation,Continuous variables,vege_serving,pht002350,phv00162589
FHS,phs000007,MeasurementObservation,Continuous variables,vege_serving,pht002350,phv00162590
FHS,phs000007,MeasurementObservation,Continuous variables,vege_serving,pht002350,phv00162591
FHS,phs000007,MeasurementObservation,Continuous variables,vege_serving,pht002350,phv00162592
FHS,phs000007,MeasurementObservation,Continuous variables,vege_serving,pht002350,phv00162593
FHS,phs000007,MeasurementObservation,Continuous variables,vege_serving,pht002350,phv00162594
FHS,phs000007,MeasurementObservation,Continuous variables,vege_serving,pht002350,phv00162595
FHS,phs000007,MeasurementObservation,Continuous variables,vege_serving,pht002350,phv00162596
FHS,phs000007,Condition,Conditions,ven_thromb,pht006005,phv00273899
FHS,phs000007,Condition,Conditions,ven_thromb,pht000692,phv00070487
FHS,phs000007,Condition,Conditions,ven_thromb,pht000074,phv00021066
FHS,phs000007,Condition,Conditions,ven_thromb,pht000744,phv00071923
FHS,phs000007,Condition,Conditions,ven_thromb,pht000744,phv00071924
FHS,phs000007,Condition,Conditions,ven_thromb,pht000744,phv00071925
FHS,phs000007,Condition,Conditions,ven_thromb,pht000744,phv00071926
FHS,phs000007,Condition,Conditions,ven_thromb,pht000744,phv00071928
FHS,phs000007,Condition,Conditions,ven_thromb,pht000744,phv00071929
FHS,phs000007,Condition,Conditions,ven_thromb,pht010724,phv00461919
FHS,phs000007,Condition,Conditions,ven_thromb,pht006005,phv00273898
FHS,phs000007,Condition,Conditions,ven_thromb,pht000028,phv00007028
FHS,phs000007,Condition,Conditions,ven_thromb,pht000029,phv00007461
FHS,phs000007,Condition,Conditions,ven_thromb,pht000692,phv00070486
FHS,phs000007,Condition,Conditions,ven_thromb,pht000036,phv00010342
FHS,phs000007,Condition,Conditions,ven_thromb,pht000036,phv00010343
FHS,phs000007,Condition,Conditions,ven_thromb,pht000036,phv00010478
FHS,phs000007,Condition,Conditions,ven_thromb,pht000074,phv00021065
FHS,phs000007,Condition,Conditions,ven_thromb,pht000744,phv00071915
FHS,phs000007,Condition,Conditions,ven_thromb,pht000744,phv00071917
FHS,phs000007,Condition,Conditions,ven_thromb,pht000744,phv00071919
FHS,phs000007,Condition,Conditions,ven_thromb,pht000744,phv00071934
FHS,phs000007,Condition,Conditions,ven_thromb,pht000744,phv00071930
FHS,phs000007,Condition,Conditions,ven_thromb,pht000744,phv00071932
FHS,phs000007,Condition,Conditions,ven_thromb,pht000744,phv00071933
FHS,phs000007,Condition,Conditions,ven_thromb,pht010724,phv00461918
FHS,phs000007,Condition,Conditions,ven_thromb,pht006008,phv00276986
FHS,phs000007,MeasurementObservation,Continuous variables,waist_circ,pht000139,phv00023150
FHS,phs000007,MeasurementObservation,Continuous variables,waist_circ,pht000140,phv00023159
FHS,phs000007,MeasurementObservation,Continuous variables,waist_circ,pht003094,phv00177543
FHS,phs000007,MeasurementObservation,Continuous variables,waist_circ,pht006005,phv00274057
FHS,phs000007,MeasurementObservation,Continuous variables,waist_circ,pht004814,phv00251065
FHS,phs000007,MeasurementObservation,Continuous variables,waist_circ,pht004815,phv00251538
FHS,phs000007,MeasurementObservation,Continuous variables,waist_circ,pht004815,phv00251540
FHS,phs000007,MeasurementObservation,Continuous variables,waist_circ,pht005140,phv00254291
FHS,phs000007,MeasurementObservation,Continuous variables,waist_circ,pht000021,phv00003672
FHS,phs000007,MeasurementObservation,Continuous variables,waist_circ,pht000022,phv00004088
FHS,phs000007,MeasurementObservation,Continuous variables,waist_circ,pht000023,phv00004530
FHS,phs000007,MeasurementObservation,Continuous variables,waist_circ,pht000024,phv00005544
FHS,phs000007,MeasurementObservation,Continuous variables,waist_circ,pht000025,phv00005924
FHS,phs000007,MeasurementObservation,Continuous variables,waist_circ,pht000033,phv00008767
FHS,phs000007,MeasurementObservation,Continuous variables,waist_circ,pht000034,phv00009555
FHS,phs000007,MeasurementObservation,Continuous variables,waist_circ,pht000035,phv00010112
FHS,phs000007,MeasurementObservation,Continuous variables,waist_circ,pht000036,phv00010502
FHS,phs000007,MeasurementObservation,Continuous variables,waist_circ,pht000747,phv00072341
FHS,phs000007,MeasurementObservation,Continuous variables,waist_circ,pht000747,phv00072342
FHS,phs000007,MeasurementObservation,Continuous variables,waist_circ,pht000074,phv00021235
FHS,phs000007,MeasurementObservation,Continuous variables,waist_circ,pht006026,phv00277053
FHS,phs000007,MeasurementObservation,Continuous variables,waist_circ,pht006026,phv00277054
FHS,phs000007,MeasurementObservation,Continuous variables,waist_circ,pht006026,phv00520309
FHS,phs000007,MeasurementObservation,Continuous variables,waist_circ,pht009761,phv00423941
FHS,phs000007,MeasurementObservation,Continuous variables,waist_circ,pht009761,phv00423942
FHS,phs000007,MeasurementObservation,Continuous variables,waist_circ,pht009761,phv00423943
FHS,phs000007,MeasurementObservation,Continuous variables,waist_circ,pht009761,phv00423944
FHS,phs000007,MeasurementObservation,Continuous variables,waist_circ,pht007777,phv00370119
FHS,phs000007,MeasurementObservation,Continuous variables,waist_circ,pht007777,phv00370120
FHS,phs000007,MeasurementObservation,Continuous variables,waist_circ,pht007777,phv00370121
FHS,phs000007,MeasurementObservation,Continuous variables,waist_circ,pht007777,phv00370122
FHS,phs000007,MeasurementObservation,Continuous variables,waist_circ,pht007777,phv00370123
FHS,phs000007,MeasurementObservation,Continuous variables,waist_circ,pht007777,phv00370124
FHS,phs000007,MeasurementObservation,Continuous variables,waist_circ,pht007777,phv00370125
FHS,phs000007,MeasurementObservation,Continuous variables,whtbld_ct,pht000031,phv00008108
FHS,phs000007,MeasurementObservation,Continuous variables,whtbld_ct,pht002889,phv00172178
FHS,phs000007,MeasurementObservation,Continuous variables,whtbld_ct,pht004802,phv00227025
FHS,phs000007,MeasurementObservation,Continuous variables,whtbld_ct,pht001045,phv00081030
FHS,phs000007,MeasurementObservation,Continuous variables,whtbld_ct,pht006018,phv00276855
FHS,phs000007,MeasurementObservation,Continuous variables,whtbld_ct,pht000030,phv00007640
FHS,phs000007,MeasurementObservation,Continuous variables,willeb_fac,pht000198,phv00024571
FHS,phs000007,MeasurementObservation,Continuous variables,willeb_fac,pht004806,phv00227097
HCHS,phs000810,Condition,Conditions,afib,pht004715,phv00226270
HCHS,phs000810,Condition,Conditions,afib,pht004715,phv00526613
HCHS,phs000810,MeasurementObservation,Continuous variables,albumin_creatinine,pht004715,phv00226309
HCHS,phs000810,MeasurementObservation,Continuous variables,albumin_urine,pht004715,phv00253233
HCHS,phs000810,Condition,Conditions,angina,pht004715,phv00526597
HCHS,phs000810,MeasurementObservation,Continuous variables,apnea_hypop_index,pht004715,phv00226392
HCHS,phs000810,Condition,Conditions,asthma,pht004715,phv00226252
HCHS,phs000810,Condition,Conditions,asthma,pht004715,phv00226387
HCHS,phs000810,Condition,Conditions,asthma,pht004715,phv00526878
HCHS,phs000810,Condition,Conditions,asthma,pht004715,phv00526179
HCHS,phs000810,Condition,Conditions,asthma,pht004715,phv00526180
HCHS,phs000810,MeasurementObservation,Continuous variables,basophil_ncnc_bld,pht004715,phv00226301
HCHS,phs000810,MeasurementObservation,Continuous variables,bdy_hgt,pht004715,phv00226281
HCHS,phs000810,MeasurementObservation,Continuous variables,bdy_hgt,pht004715,phv00527446
HCHS,phs000810,MeasurementObservation,Continuous variables,bdy_wgt,pht004715,phv00253218
HCHS,phs000810,MeasurementObservation,Continuous variables,bdy_wgt,pht004715,phv00527442
HCHS,phs000810,MeasurementObservation,Continuous variables,bdy_wgt,pht004715,phv00527443
HCHS,phs000810,MeasurementObservation,Continuous variables,bdy_wgt,pht004715,phv00527444
HCHS,phs000810,MeasurementObservationSet,Continuous variables,blood_pressure,pht004715,phv00226390
HCHS,phs000810,MeasurementObservationSet,Continuous variables,blood_pressure,pht004715,phv00226391
HCHS,phs000810,MeasurementObservation,Continuous variables,bmi,pht004715,phv00226255
HCHS,phs000810,MeasurementObservation,Continuous variables,cesd_score,pht004715,phv00258051
HCHS,phs000810,Condition,Conditions,chr_bronchitis,pht004715,phv00526883
HCHS,phs000810,Observation,Continuous variables,cig_smok,pht004715,phv00258106
HCHS,phs000810,Observation,Continuous variables,cig_smok,pht004715,phv00258107
HCHS,phs000810,Condition,Conditions,copd,pht004715,phv00226260
HCHS,phs000810,Condition,Conditions,copd,pht004715,phv00258042
HCHS,phs000810,Condition,Conditions,copd,pht004715,phv00526886
HCHS,phs000810,MeasurementObservation,Continuous variables,creat_bld,pht004715,phv00226307
HCHS,phs000810,MeasurementObservation,Continuous variables,creat_urin,pht004715,phv00253232
HCHS,phs000810,MeasurementObservation,Continuous variables,crp,pht004715,phv00258066
HCHS,phs000810,MeasurementObservation,Continuous variables,cysc_bld,pht004715,phv00526584
HCHS,phs000810,Condition,Conditions,diabetes,pht004715,phv00226261
HCHS,phs000810,Condition,Conditions,diabetes,pht004715,phv00226262
HCHS,phs000810,Condition,Conditions,diabetes,pht004715,phv00226357
HCHS,phs000810,Condition,Conditions,diabetes,pht004715,phv00258040
HCHS,phs000810,Condition,Conditions,diabetes,pht004715,phv00258041
HCHS,phs000810,SdohObservation,SdohObservations,edu_lvl,pht004715,phv00226276
HCHS,phs000810,MeasurementObservation,Continuous variables,egfr,pht004715,phv00253222
HCHS,phs000810,MeasurementObservation,Continuous variables,egfr,pht004715,phv00253223
HCHS,phs000810,MeasurementObservation,Continuous variables,eosinophil_ncnc_bld,pht004715,phv00226300
HCHS,phs000810,SdohObservation,SdohObservations,fam_income,pht004715,phv00526188
HCHS,phs000810,Condition,Conditions,fam_stroke,pht004715,phv00526238
HCHS,phs000810,MeasurementObservation,Continuous variables,fasting_blood_gluc,pht004715,phv00253229
HCHS,phs000810,MeasurementObservation,Continuous variables,ferritin,pht004715,phv00258067
HCHS,phs000810,MeasurementObservation,Continuous variables,hdl,pht004715,phv00253239
HCHS,phs000810,MeasurementObservation,Continuous variables,hemat,pht004715,phv00226303
HCHS,phs000810,MeasurementObservation,Continuous variables,hemo,pht004715,phv00226302
HCHS,phs000810,MeasurementObservation,Continuous variables,hemo_a1c,pht004715,phv00253231
HCHS,phs000810,MeasurementObservation,Continuous variables,hip_circ,pht004715,phv00253220
HCHS,phs000810,Condition,Conditions,hist_hrtfail,pht004715,phv00226365
HCHS,phs000810,Condition,Conditions,hist_my_inf,pht004715,phv00226366
HCHS,phs000810,Condition,Conditions,hist_my_inf,pht004715,phv00258068
HCHS,phs000810,MeasurementObservation,Continuous variables,hrtrt,pht004715,phv00226274
HCHS,phs000810,MeasurementObservation,Continuous variables,hrtrt,pht004715,phv00258056
HCHS,phs000810,Condition,Conditions,hyperten,pht004715,phv00526206
HCHS,phs000810,MeasurementObservation,Continuous variables,insulin_blood,pht004715,phv00253227
HCHS,phs000810,MeasurementObservation,Continuous variables,ldl,pht004715,phv00253241
HCHS,phs000810,Condition,Conditions,lvh_ekg,pht004715,phv00526416
HCHS,phs000810,MeasurementObservation,Continuous variables,lympho_ct,pht004715,phv00226298
HCHS,phs000810,MeasurementObservation,Continuous variables,lympho_pct,pht004715,phv00226285
HCHS,phs000810,MeasurementObservation,Continuous variables,mch,pht004715,phv00226305
HCHS,phs000810,MeasurementObservation,Continuous variables,mchc,pht004715,phv00226306
HCHS,phs000810,MeasurementObservation,Continuous variables,mcv,pht004715,phv00226304
HCHS,phs000810,MeasurementObservation,Continuous variables,monocyte_ncnc_bld,pht004715,phv00226299
HCHS,phs000810,MeasurementObservation,Continuous variables,neutro_ct,pht004715,phv00226297
HCHS,phs000810,MeasurementObservation,Continuous variables,neutro_pct,pht004715,phv00226284
HCHS,phs000810,MeasurementObservation,Continuous variables,pacem_stat,pht004715,phv00226273
HCHS,phs000810,Condition,Conditions,pad,pht004715,phv00526629
HCHS,phs000810,MeasurementObservation,Continuous variables,platelet_ct,pht004715,phv00226310
HCHS,phs000810,MeasurementObservation,Continuous variables,pr_ekg,pht004715,phv00226275
HCHS,phs000810,MeasurementObservation,Continuous variables,qrs_ekg,pht004715,phv00226263
HCHS,phs000810,MeasurementObservation,Continuous variables,qt_ekg,pht004715,phv00226265
HCHS,phs000810,MeasurementObservation,Continuous variables,qt_ekg,pht004715,phv00226266
HCHS,phs000810,MeasurementObservation,Continuous variables,rdbld_ct,pht004715,phv00226294
HCHS,phs000810,MeasurementObservation,Continuous variables,rdw,pht004715,phv00226308
HCHS,phs000810,MeasurementObservation,Continuous variables,sleep_duration_daily,pht004715,phv00258046
HCHS,phs000810,MeasurementObservation,Continuous variables,fvc,pht004715,phv00226383
HCHS,phs000810,MeasurementObservation,Continuous variables,fev1,pht004715,phv00226384
HCHS,phs000810,MeasurementObservation,Continuous variables,fev1_fvc,pht004715,phv00226278
HCHS,phs000810,MeasurementObservation,Continuous variables,spo2,pht004715,phv00226395
HCHS,phs000810,Condition,Conditions,stroke,pht004715,phv00526214
HCHS,phs000810,MeasurementObservation,Continuous variables,tot_chol_bld,pht004715,phv00253238
HCHS,phs000810,MeasurementObservation,Continuous variables,triglyc_bld,pht004715,phv00253240
HCHS,phs000810,MeasurementObservation,Continuous variables,waist_circ,pht004715,phv00253219
HCHS,phs000810,MeasurementObservation,Continuous variables,waist_hip,pht004715,phv00226399
HCHS,phs000810,MeasurementObservation,Continuous variables,whtbld_ct,pht004715,phv00226283
JHS,phs000286,Condition,Conditions,afib,pht008725,phv00400967
JHS,phs000286,Condition,Conditions,afib,pht008729,phv00401193
JHS,phs000286,Condition,Conditions,afib,pht008731,phv00401458
JHS,phs000286,MeasurementObservation,Continuous variables,albumin_creatinine,pht008741,phv00401721
JHS,phs000286,MeasurementObservation,Continuous variables,albumin_creatinine,pht008742,phv00401740
JHS,phs000286,MeasurementObservation,Continuous variables,albumin_urine,pht008742,phv00401741
JHS,phs000286,MeasurementObservation,Continuous variables,albumin_urine,pht008742,phv00401742
JHS,phs000286,MeasurementObservation,Continuous variables,albumin_urine,pht008741,phv00401722
JHS,phs000286,MeasurementObservation,Continuous variables,albumin_urine,pht008730,phv00401329
JHS,phs000286,MeasurementObservation,Continuous variables,albumin_urine,pht001960,phv00127646
JHS,phs000286,MeasurementObservation,Continuous variables,albumin_urine,pht008729,phv00401152
JHS,phs000286,MeasurementObservation,Continuous variables,albumin_urine,pht008731,phv00401436
JHS,phs000286,MeasurementObservation,Continuous variables,albumin_urine,pht008759,phv00403004
JHS,phs000286,MeasurementObservation,Continuous variables,albumin_urine,pht008759,phv00403006
JHS,phs000286,MeasurementObservation,Continuous variables,alcohol_servings,pht008731,phv00401384
JHS,phs000286,MeasurementObservation,Continuous variables,alcohol_servings,pht008729,phv00401090
JHS,phs000286,Condition,Conditions,angina,pht008725,phv00400917
JHS,phs000286,Condition,Conditions,angina,pht008725,phv00400918
JHS,phs000286,Condition,Conditions,angina,pht008768,phv00403322
JHS,phs000286,Condition,Conditions,angina,pht008769,phv00403376
JHS,phs000286,Condition,Conditions,asthma,pht001967,phv00128103
JHS,phs000286,Condition,Conditions,asthma,pht001973,phv00128344
JHS,phs000286,Condition,Conditions,asthma,pht001973,phv00128346
JHS,phs000286,Condition,Conditions,asthma,pht008725,phv00400910
JHS,phs000286,Condition,Conditions,asthma,pht008725,phv00400911
JHS,phs000286,Condition,Conditions,asthma,pht008729,phv00401161
JHS,phs000286,Condition,Conditions,asthma,pht008753,phv00402795
JHS,phs000286,Condition,Conditions,asthma,pht008778,phv00403643
JHS,phs000286,MeasurementObservation,Continuous variables,bdy_hgt,pht008737,phv00401596
JHS,phs000286,MeasurementObservation,Continuous variables,bdy_hgt,pht008737,phv00401597
JHS,phs000286,MeasurementObservation,Continuous variables,bdy_hgt,pht008737,phv00401616
JHS,phs000286,MeasurementObservation,Continuous variables,bdy_hgt,pht008737,phv00401618
JHS,phs000286,MeasurementObservation,Continuous variables,bdy_hgt,pht008731,phv00401387
JHS,phs000286,MeasurementObservation,Continuous variables,bdy_hgt,pht008738,phv00401635
JHS,phs000286,MeasurementObservation,Continuous variables,bdy_hgt,pht008730,phv00401286
JHS,phs000286,MeasurementObservation,Continuous variables,bdy_hgt,pht008729,phv00401094
JHS,phs000286,MeasurementObservation,Continuous variables,bdy_hgt,pht008738,phv00401631
JHS,phs000286,MeasurementObservation,Continuous variables,bdy_hgt,pht001940,phv00125860
JHS,phs000286,MeasurementObservation,Continuous variables,bdy_wgt,pht008729,phv00401093
JHS,phs000286,MeasurementObservation,Continuous variables,bdy_wgt,pht008731,phv00401386
JHS,phs000286,MeasurementObservation,Continuous variables,bdy_wgt,pht008730,phv00401285
JHS,phs000286,MeasurementObservation,Continuous variables,bdy_wgt,pht001940,phv00125861
JHS,phs000286,MeasurementObservationSet,Continuous variables,blood_pressure,pht008783,phv00403851
JHS,phs000286,MeasurementObservationSet,Continuous variables,blood_pressure,pht008783,phv00403852
JHS,phs000286,MeasurementObservationSet,Continuous variables,blood_pressure,pht008731,phv00401409
JHS,phs000286,MeasurementObservationSet,Continuous variables,blood_pressure,pht008731,phv00401410
JHS,phs000286,MeasurementObservationSet,Continuous variables,blood_pressure,pht001974,phv00128376
JHS,phs000286,MeasurementObservationSet,Continuous variables,blood_pressure,pht001974,phv00128377
JHS,phs000286,MeasurementObservationSet,Continuous variables,blood_pressure,pht008782,phv00403819
JHS,phs000286,MeasurementObservationSet,Continuous variables,blood_pressure,pht008782,phv00403820
JHS,phs000286,MeasurementObservationSet,Continuous variables,blood_pressure,pht008782,phv00403826
JHS,phs000286,MeasurementObservationSet,Continuous variables,blood_pressure,pht008782,phv00403827
JHS,phs000286,MeasurementObservationSet,Continuous variables,blood_pressure,pht008729,phv00401118
JHS,phs000286,MeasurementObservationSet,Continuous variables,blood_pressure,pht008729,phv00401119
JHS,phs000286,MeasurementObservationSet,Continuous variables,blood_pressure,pht001974,phv00128373
JHS,phs000286,MeasurementObservationSet,Continuous variables,blood_pressure,pht001974,phv00128374
JHS,phs000286,MeasurementObservationSet,Continuous variables,blood_pressure,pht001974,phv00128370
JHS,phs000286,MeasurementObservationSet,Continuous variables,blood_pressure,pht001974,phv00128371
JHS,phs000286,MeasurementObservationSet,Continuous variables,blood_pressure,pht008783,phv00403854
JHS,phs000286,MeasurementObservationSet,Continuous variables,blood_pressure,pht008783,phv00403855
JHS,phs000286,MeasurementObservationSet,Continuous variables,blood_pressure,pht008783,phv00403848
JHS,phs000286,MeasurementObservationSet,Continuous variables,blood_pressure,pht008783,phv00403849
JHS,phs000286,MeasurementObservationSet,Continuous variables,blood_pressure,pht008730,phv00401308
JHS,phs000286,MeasurementObservationSet,Continuous variables,blood_pressure,pht008730,phv00401309
JHS,phs000286,MeasurementObservationSet,Continuous variables,blood_pressure,pht008782,phv00403816
JHS,phs000286,MeasurementObservationSet,Continuous variables,blood_pressure,pht008782,phv00403817
JHS,phs000286,MeasurementObservationSet,Continuous variables,blood_pressure,pht008782,phv00403822
JHS,phs000286,MeasurementObservationSet,Continuous variables,blood_pressure,pht008782,phv00403823
JHS,phs000286,MeasurementObservationSet,Continuous variables,blood_pressure,pht008782,phv00403824
JHS,phs000286,MeasurementObservationSet,Continuous variables,blood_pressure,pht008782,phv00403825
JHS,phs000286,MeasurementObservationSet,Continuous variables,blood_pressure,pht008782,phv00403813
JHS,phs000286,MeasurementObservationSet,Continuous variables,blood_pressure,pht008782,phv00403814
JHS,phs000286,MeasurementObservation,Continuous variables,bmi,pht008729,phv00401097
JHS,phs000286,MeasurementObservation,Continuous variables,bmi,pht008730,phv00401289
JHS,phs000286,MeasurementObservation,Continuous variables,bmi,pht008731,phv00401390
JHS,phs000286,MeasurementObservation,Continuous variables,bnp,pht008733,phv00401563
JHS,phs000286,MeasurementObservation,Continuous variables,bun,pht008742,phv00401727
JHS,phs000286,MeasurementObservation,Continuous variables,cac_score,pht001948,phv00126002
JHS,phs000286,MeasurementObservation,Continuous variables,carotid_imt,pht008791,phv00404198
JHS,phs000286,MeasurementObservation,Continuous variables,carotid_imt,pht008791,phv00404197
JHS,phs000286,MeasurementObservation,Continuous variables,carotid_imt,pht008791,phv00404199
JHS,phs000286,MeasurementObservation,Continuous variables,carotid_imt,pht008791,phv00404195
JHS,phs000286,MeasurementObservation,Continuous variables,carotid_imt,pht008791,phv00404196
JHS,phs000286,MeasurementObservation,Continuous variables,carotid_imt,pht008791,phv00404200
JHS,phs000286,MeasurementObservation,Continuous variables,cesd_score,pht008729,phv00401225
JHS,phs000286,Condition,Conditions,chd,pht008729,phv00401210
JHS,phs000286,Condition,Conditions,chd,pht008731,phv00401475
JHS,phs000286,MeasurementObservation,Continuous variables,chloride_bld,pht001959,phv00127611
JHS,phs000286,Observation,Continuous variables,cig_smok,pht001977,phv00128496
JHS,phs000286,Observation,Continuous variables,cig_smok,pht001977,phv00128498
JHS,phs000286,Observation,Continuous variables,cig_smok,pht008729,phv00401091
JHS,phs000286,Observation,Continuous variables,cig_smok,pht008729,phv00401092
JHS,phs000286,Condition,Conditions,copd,pht008753,phv00402793
JHS,phs000286,MeasurementObservation,Continuous variables,creat_bld,pht001959,phv00127612
JHS,phs000286,MeasurementObservation,Continuous variables,creat_bld,pht008729,phv00401154
JHS,phs000286,MeasurementObservation,Continuous variables,creat_bld,pht008731,phv00401437
JHS,phs000286,MeasurementObservation,Continuous variables,creat_bld,pht008729,phv00401153
JHS,phs000286,MeasurementObservation,Continuous variables,creat_bld,pht008742,phv00401730
JHS,phs000286,MeasurementObservation,Continuous variables,creat_urin,pht008759,phv00403005
JHS,phs000286,MeasurementObservation,Continuous variables,creat_urin,pht008759,phv00403006
JHS,phs000286,MeasurementObservation,Continuous variables,creat_urin,pht008742,phv00401729
JHS,phs000286,MeasurementObservation,Continuous variables,creat_urin,pht008730,phv00401328
JHS,phs000286,MeasurementObservation,Continuous variables,creat_urin,pht008741,phv00401714
JHS,phs000286,MeasurementObservation,Continuous variables,creat_urin,pht008729,phv00401151
JHS,phs000286,MeasurementObservation,Continuous variables,creat_urin,pht008731,phv00401435
JHS,phs000286,MeasurementObservation,Continuous variables,crp,pht008741,phv00401715
JHS,phs000286,MeasurementObservation,Continuous variables,crp,pht008742,phv00401731
JHS,phs000286,MeasurementObservation,Continuous variables,crp,pht008731,phv00401434
JHS,phs000286,MeasurementObservation,Continuous variables,crp,pht001945,phv00125941
JHS,phs000286,MeasurementObservation,Continuous variables,crp,pht008730,phv00401327
JHS,phs000286,MeasurementObservation,Continuous variables,crp,pht008729,phv00401142
JHS,phs000286,MeasurementObservation,Continuous variables,cysc_bld,pht001945,phv00401705
JHS,phs000286,Condition,Conditions,diabetes,pht001967,phv00128095
JHS,phs000286,Condition,Conditions,diabetes,pht008725,phv00400921
JHS,phs000286,Condition,Conditions,diabetes,pht008729,phv00401130
JHS,phs000286,Condition,Conditions,diabetes,pht008729,phv00401131
JHS,phs000286,Condition,Conditions,diabetes,pht008730,phv00401318
JHS,phs000286,Condition,Conditions,diabetes,pht008730,phv00401319
JHS,phs000286,Condition,Conditions,diabetes,pht008731,phv00401421
JHS,phs000286,Condition,Conditions,diabetes,pht008731,phv00401422
JHS,phs000286,Condition,Conditions,diabetes,pht008753,phv00402803
JHS,phs000286,Condition,Conditions,diabetes,pht008768,phv00403326
JHS,phs000286,Condition,Conditions,diabetes,pht008769,phv00403380
JHS,phs000286,Condition,Conditions,diabetes,pht008778,phv00403636
JHS,phs000286,SdohObservation,SdohObservations,edu_lvl,pht008729,phv00401231
JHS,phs000286,MeasurementObservation,Continuous variables,egfr,pht008729,phv00401155
JHS,phs000286,MeasurementObservation,Continuous variables,egfr,pht008729,phv00401156
JHS,phs000286,MeasurementObservation,Continuous variables,eselectin,pht008731,phv00401432
JHS,phs000286,SdohObservation,SdohObservations,fam_income,pht001966,phv00128078
JHS,phs000286,SdohObservation,SdohObservations,fam_income,pht008729,phv00401228
JHS,phs000286,SdohObservation,SdohObservations,fam_income,pht008731,phv00401479
JHS,phs000286,SdohObservation,SdohObservations,fam_income,pht008776,phv00403608
JHS,phs000286,SdohObservation,SdohObservations,fam_income,pht008776,phv00403609
JHS,phs000286,SdohObservation,SdohObservations,fam_income,pht008776,phv00403610
JHS,phs000286,SdohObservation,SdohObservations,fam_income,pht008776,phv00403611
JHS,phs000286,SdohObservation,SdohObservations,fam_income,pht008776,phv00403612
JHS,phs000286,SdohObservation,SdohObservations,fam_income,pht008776,phv00403613
JHS,phs000286,Condition,Conditions,fam_stroke,pht001967,phv00128118
JHS,phs000286,Condition,Conditions,fam_stroke,pht001967,phv00128131
JHS,phs000286,Condition,Conditions,fam_stroke,pht001967,phv00128148
JHS,phs000286,Condition,Conditions,fam_stroke,pht001967,phv00128165
JHS,phs000286,Condition,Conditions,fam_stroke,pht008778,phv00403667
JHS,phs000286,Condition,Conditions,fam_stroke,pht008778,phv00403682
JHS,phs000286,Condition,Conditions,fam_stroke,pht008778,phv00403702
JHS,phs000286,Condition,Conditions,fam_stroke,pht008778,phv00403718
JHS,phs000286,MeasurementObservation,Continuous variables,fast_gluc_bld,pht008730,phv00401313
JHS,phs000286,MeasurementObservation,Continuous variables,fast_gluc_bld,pht008731,phv00401415
JHS,phs000286,MeasurementObservation,Continuous variables,fast_gluc_bld,pht008729,phv00401124
JHS,phs000286,MeasurementObservation,Continuous variables,ferritin,pht001945,phv00125944
JHS,phs000286,MeasurementObservation,Continuous variables,glucose_bld,pht008742,phv00401733
JHS,phs000286,MeasurementObservation,Continuous variables,glucose_bld,pht008741,phv00401716
JHS,phs000286,MeasurementObservation,Continuous variables,glucose_bld,pht001959,phv00127613
JHS,phs000286,MeasurementObservation,Continuous variables,glucose_bld,pht008748,phv00402738
JHS,phs000286,MeasurementObservation,Continuous variables,hdl,pht008741,phv00401718
JHS,phs000286,MeasurementObservation,Continuous variables,hdl,pht008734,phv00401577
JHS,phs000286,MeasurementObservation,Continuous variables,hdl,pht008730,phv00401321
JHS,phs000286,MeasurementObservation,Continuous variables,hdl,pht008729,phv00401135
JHS,phs000286,MeasurementObservation,Continuous variables,hdl,pht008748,phv00402741
JHS,phs000286,MeasurementObservation,Continuous variables,hdl,pht008792,phv00404244
JHS,phs000286,MeasurementObservation,Continuous variables,hdl,pht008731,phv00401426
JHS,phs000286,MeasurementObservation,Continuous variables,hdl,pht008742,phv00401735
JHS,phs000286,MeasurementObservation,Continuous variables,hdl,pht001945,phv00125930
JHS,phs000286,MeasurementObservation,Continuous variables,hemat,pht001959,phv00127614
JHS,phs000286,MeasurementObservation,Continuous variables,hemo,pht001959,phv00127615
JHS,phs000286,MeasurementObservation,Continuous variables,hemo_a1c,pht008731,phv00401414
JHS,phs000286,MeasurementObservation,Continuous variables,hemo_a1c,pht008729,phv00401123
JHS,phs000286,MeasurementObservation,Continuous variables,hemo_a1c,pht001945,phv00125929
JHS,phs000286,MeasurementObservation,Continuous variables,hemo_a1c,pht008730,phv00401312
JHS,phs000286,MeasurementObservation,Continuous variables,hemo_a1c,pht008734,phv00401573
JHS,phs000286,MeasurementObservation,Continuous variables,hemo_a1c,pht008742,phv00401734
JHS,phs000286,MeasurementObservation,Continuous variables,hemo_a1c,pht008741,phv00401717
JHS,phs000286,MeasurementObservation,Continuous variables,hip_circ,pht008737,phv00401614
JHS,phs000286,MeasurementObservation,Continuous variables,hip_circ,pht008730,phv00401288
JHS,phs000286,MeasurementObservation,Continuous variables,hip_circ,pht008738,phv00401629
JHS,phs000286,MeasurementObservation,Continuous variables,hip_circ,pht008731,phv00401389
JHS,phs000286,Procedure,Procedures,hist_cor_bypg,pht008725,phv00400930
JHS,phs000286,Procedure,Procedures,hist_cor_bypg,pht001948,phv00401900
JHS,phs000286,Procedure,Procedures,hist_cor_bypg,pht008764,phv00403115
JHS,phs000286,Procedure,Procedures,hist_cor_bypg,pht008765,phv00403190
JHS,phs000286,Condition,Conditions,hist_cvd,pht008729,phv00401212
JHS,phs000286,Condition,Conditions,hist_cvd,pht008730,phv00401349
JHS,phs000286,Condition,Conditions,hist_cvd,pht008731,phv00401477
JHS,phs000286,Condition,Conditions,hist_hrtfail,pht008725,phv00400957
JHS,phs000286,Condition,Conditions,hist_hrtfail,pht008725,phv00400958
JHS,phs000286,Condition,Conditions,hist_hrtfail,pht008725,phv00400959
JHS,phs000286,Condition,Conditions,hist_hrtfail,pht008725,phv00400960
JHS,phs000286,Condition,Conditions,hist_hrtfail,pht008755,phv00402847
JHS,phs000286,Condition,Conditions,hist_hrtfail,pht008768,phv00403324
JHS,phs000286,Condition,Conditions,hist_hrtfail,pht008769,phv00403378
JHS,phs000286,Condition,Conditions,hist_my_inf,pht001963,phv00127708
JHS,phs000286,Condition,Conditions,hist_my_inf,pht001967,phv00128091
JHS,phs000286,Condition,Conditions,hist_my_inf,pht008729,phv00401208
JHS,phs000286,Condition,Conditions,hist_my_inf,pht008730,phv00401346
JHS,phs000286,Condition,Conditions,hist_my_inf,pht008731,phv00401473
JHS,phs000286,Condition,Conditions,hist_my_inf,pht008753,phv00402799
JHS,phs000286,Condition,Conditions,hist_my_inf,pht008764,phv00403095
JHS,phs000286,MeasurementObservation,Continuous variables,hrtrt,pht008731,phv00401441
JHS,phs000286,MeasurementObservation,Continuous variables,hrtrt,pht008782,phv00403806
JHS,phs000286,MeasurementObservation,Continuous variables,hrtrt,pht001955,phv00127504
JHS,phs000286,MeasurementObservation,Continuous variables,hrtrt,pht008729,phv00401176
JHS,phs000286,MeasurementObservation,Continuous variables,hrtrt,pht001974,phv00128364
JHS,phs000286,MeasurementObservation,Continuous variables,hrtrt,pht008783,phv00403844
JHS,phs000286,MeasurementObservation,Continuous variables,hrtrt,pht008783,phv00403850
JHS,phs000286,MeasurementObservation,Continuous variables,hrtrt,pht001955,phv00127511
JHS,phs000286,MeasurementObservation,Continuous variables,hrtrt,pht008783,phv00403853
JHS,phs000286,Condition,Conditions,hyperten,pht001967,phv00128087
JHS,phs000286,Condition,Conditions,hyperten,pht008729,phv00401121
JHS,phs000286,Condition,Conditions,hyperten,pht008730,phv00401311
JHS,phs000286,Condition,Conditions,hyperten,pht008731,phv00401412
JHS,phs000286,MeasurementObservation,Continuous variables,insulin_blood,pht001945,phv00125954
JHS,phs000286,MeasurementObservation,Continuous variables,insulin_blood,pht008742,phv00401743
JHS,phs000286,MeasurementObservation,Continuous variables,insulin_blood,pht008742,phv00401744
JHS,phs000286,MeasurementObservation,Continuous variables,ldl,pht008748,phv00402742
JHS,phs000286,MeasurementObservation,Continuous variables,ldl,pht008792,phv00404255
JHS,phs000286,MeasurementObservation,Continuous variables,ldl,pht008792,phv00404249
JHS,phs000286,MeasurementObservation,Continuous variables,ldl,pht008792,phv00404258
JHS,phs000286,MeasurementObservation,Continuous variables,ldl,pht008731,phv00401425
JHS,phs000286,MeasurementObservation,Continuous variables,ldl,pht008792,phv00404248
JHS,phs000286,MeasurementObservation,Continuous variables,ldl,pht008729,phv00401134
JHS,phs000286,MeasurementObservation,Continuous variables,ldl,pht008730,phv00401320
JHS,phs000286,MeasurementObservation,Continuous variables,ldl,pht008792,phv00404257
JHS,phs000286,MeasurementObservation,Continuous variables,ldl,pht008792,phv00404256
JHS,phs000286,MeasurementObservation,Continuous variables,ldl,pht008742,phv00401738
JHS,phs000286,MeasurementObservation,Continuous variables,ldl,pht008734,phv00401578
JHS,phs000286,Condition,Conditions,lvh_ekg,pht008729,phv00401172
JHS,phs000286,MeasurementObservation,Continuous variables,lympho_pct,pht001959,phv00127622
JHS,phs000286,MeasurementObservation,Continuous variables,mch,pht001959,phv00127623
JHS,phs000286,MeasurementObservation,Continuous variables,mchc,pht001959,phv00127624
JHS,phs000286,MeasurementObservation,Continuous variables,mcv,pht001959,phv00127625
JHS,phs000286,Condition,Conditions,obesity,pht008729,phv00401099
JHS,phs000286,Condition,Conditions,obesity,pht008730,phv00401291
JHS,phs000286,Condition,Conditions,obesity,pht008731,phv00401392
JHS,phs000286,Condition,Conditions,pad,pht008729,phv00401122
JHS,phs000286,MeasurementObservation,Continuous variables,platelet_ct,pht001959,phv00127616
JHS,phs000286,MeasurementObservation,Continuous variables,pmv,pht001959,phv00127627
JHS,phs000286,MeasurementObservation,Continuous variables,potassium,pht001959,phv00127617
JHS,phs000286,MeasurementObservation,Continuous variables,pr_ekg,pht008747,phv00402523
JHS,phs000286,MeasurementObservation,Continuous variables,pr_ekg,pht008746,phv00402209
JHS,phs000286,MeasurementObservation,Continuous variables,pr_ekg,pht008746,phv00402211
JHS,phs000286,MeasurementObservation,Continuous variables,pr_ekg,pht008746,phv00402208
JHS,phs000286,MeasurementObservation,Continuous variables,pr_ekg,pht008747,phv00402526
JHS,phs000286,MeasurementObservation,Continuous variables,pr_ekg,pht008746,phv00402216
JHS,phs000286,MeasurementObservation,Continuous variables,pr_ekg,pht008747,phv00402521
JHS,phs000286,MeasurementObservation,Continuous variables,pr_ekg,pht008747,phv00402519
JHS,phs000286,MeasurementObservation,Continuous variables,pr_ekg,pht008747,phv00402517
JHS,phs000286,MeasurementObservation,Continuous variables,pr_ekg,pht008747,phv00402516
JHS,phs000286,MeasurementObservation,Continuous variables,pr_ekg,pht008747,phv00402515
JHS,phs000286,MeasurementObservation,Continuous variables,pr_ekg,pht008747,phv00402524
JHS,phs000286,MeasurementObservation,Continuous variables,pr_ekg,pht008747,phv00402522
JHS,phs000286,MeasurementObservation,Continuous variables,pr_ekg,pht008746,phv00402212
JHS,phs000286,MeasurementObservation,Continuous variables,pr_ekg,pht008746,phv00402218
JHS,phs000286,MeasurementObservation,Continuous variables,pr_ekg,pht008746,phv00402217
JHS,phs000286,MeasurementObservation,Continuous variables,pr_ekg,pht008746,phv00402219
JHS,phs000286,MeasurementObservation,Continuous variables,pr_ekg,pht008746,phv00402214
JHS,phs000286,MeasurementObservation,Continuous variables,pr_ekg,pht008746,phv00402215
JHS,phs000286,MeasurementObservation,Continuous variables,pr_ekg,pht008746,phv00402210
JHS,phs000286,MeasurementObservation,Continuous variables,pr_ekg,pht008747,phv00402518
JHS,phs000286,MeasurementObservation,Continuous variables,pr_ekg,pht008747,phv00402520
JHS,phs000286,MeasurementObservation,Continuous variables,pr_ekg,pht008747,phv00402525
JHS,phs000286,MeasurementObservation,Continuous variables,pr_ekg,pht008746,phv00402213
JHS,phs000286,MeasurementObservation,Continuous variables,pselectin,pht008731,phv00401433
JHS,phs000286,MeasurementObservation,Continuous variables,pselectin,pht008742,phv00401746
JHS,phs000286,MeasurementObservation,Continuous variables,qrs_ekg,pht008746,phv00402345
JHS,phs000286,MeasurementObservation,Continuous variables,qrs_ekg,pht008746,phv00402351
JHS,phs000286,MeasurementObservation,Continuous variables,qrs_ekg,pht008746,phv00402346
JHS,phs000286,MeasurementObservation,Continuous variables,qrs_ekg,pht008746,phv00402347
JHS,phs000286,MeasurementObservation,Continuous variables,qrs_ekg,pht008729,phv00401177
JHS,phs000286,MeasurementObservation,Continuous variables,qrs_ekg,pht008746,phv00402340
JHS,phs000286,MeasurementObservation,Continuous variables,qrs_ekg,pht008746,phv00402349
JHS,phs000286,MeasurementObservation,Continuous variables,qrs_ekg,pht008731,phv00401442
JHS,phs000286,MeasurementObservation,Continuous variables,qrs_ekg,pht008746,phv00402348
JHS,phs000286,MeasurementObservation,Continuous variables,qrs_ekg,pht008746,phv00402343
JHS,phs000286,MeasurementObservation,Continuous variables,qrs_ekg,pht008746,phv00402341
JHS,phs000286,MeasurementObservation,Continuous variables,qrs_ekg,pht008746,phv00402081
JHS,phs000286,MeasurementObservation,Continuous variables,qrs_ekg,pht008746,phv00402344
JHS,phs000286,MeasurementObservation,Continuous variables,qrs_ekg,pht008746,phv00402350
JHS,phs000286,MeasurementObservation,Continuous variables,qrs_ekg,pht008746,phv00402342
JHS,phs000286,MeasurementObservation,Continuous variables,qrs_ekg,pht008747,phv00402413
JHS,phs000286,MeasurementObservation,Continuous variables,qt_ekg,pht008729,phv00401198
JHS,phs000286,MeasurementObservation,Continuous variables,qt_ekg,pht008731,phv00401460
JHS,phs000286,MeasurementObservation,Continuous variables,qt_ekg,pht008746,phv00402085
JHS,phs000286,MeasurementObservation,Continuous variables,qt_ekg,pht008729,phv00401196
JHS,phs000286,MeasurementObservation,Continuous variables,qt_ekg,pht008731,phv00401461
JHS,phs000286,MeasurementObservation,Continuous variables,qt_ekg,pht008729,phv00401197
JHS,phs000286,MeasurementObservation,Continuous variables,qt_ekg,pht008729,phv00401178
JHS,phs000286,MeasurementObservation,Continuous variables,qt_ekg,pht008731,phv00401462
JHS,phs000286,MeasurementObservation,Continuous variables,qt_ekg,pht008747,phv00402416
JHS,phs000286,MeasurementObservation,Continuous variables,qt_ekg,pht008731,phv00401443
JHS,phs000286,MeasurementObservation,Continuous variables,qt_ekg,pht008731,phv00401463
JHS,phs000286,MeasurementObservation,Continuous variables,qt_ekg,pht008729,phv00401195
JHS,phs000286,MeasurementObservation,Continuous variables,rdbld_ct,pht001959,phv00127629
JHS,phs000286,MeasurementObservation,Continuous variables,sleep_duration_daily,pht001963,phv00127678
JHS,phs000286,MeasurementObservation,Continuous variables,sleep_duration_daily,pht008764,phv00403066
JHS,phs000286,MeasurementObservation,Continuous variables,sodium_blood,pht001959,phv00127618
JHS,phs000286,MeasurementObservation,Continuous variables,fvc,pht001969,phv00128209
JHS,phs000286,MeasurementObservation,Continuous variables,fev1,pht001969,phv00128210
JHS,phs000286,MeasurementObservation,Continuous variables,fev1_fvc,pht001969,phv00128214
JHS,phs000286,MeasurementObservation,Continuous variables,fvc,pht001969,phv00128219
JHS,phs000286,MeasurementObservation,Continuous variables,fev1,pht001969,phv00128220
JHS,phs000286,MeasurementObservation,Continuous variables,fev1_fvc,pht001969,phv00128224
JHS,phs000286,MeasurementObservation,Continuous variables,fvc,pht001969,phv00128229
JHS,phs000286,MeasurementObservation,Continuous variables,fev1,pht001969,phv00128230
JHS,phs000286,MeasurementObservation,Continuous variables,fev1_fvc,pht001969,phv00128234
JHS,phs000286,MeasurementObservation,Continuous variables,fvc,pht008729,phv00401162
JHS,phs000286,MeasurementObservation,Continuous variables,fev1,pht008729,phv00401163
JHS,phs000286,Condition,Conditions,stroke,pht001967,phv00128093
JHS,phs000286,Condition,Conditions,stroke,pht001976,phv00128395
JHS,phs000286,Condition,Conditions,stroke,pht008725,phv00400912
JHS,phs000286,Condition,Conditions,stroke,pht008728,phv00401072
JHS,phs000286,Condition,Conditions,stroke,pht008728,phv00401073
JHS,phs000286,Condition,Conditions,stroke,pht008728,phv00401074
JHS,phs000286,Condition,Conditions,stroke,pht008728,phv00401075
JHS,phs000286,Condition,Conditions,stroke,pht008728,phv00401076
JHS,phs000286,Condition,Conditions,stroke,pht008729,phv00401207
JHS,phs000286,Condition,Conditions,stroke,pht008730,phv00401345
JHS,phs000286,Condition,Conditions,stroke,pht008731,phv00401472
JHS,phs000286,Condition,Conditions,stroke,pht008753,phv00402801
JHS,phs000286,Condition,Conditions,stroke,pht008756,phv00402849
JHS,phs000286,Condition,Conditions,stroke,pht008768,phv00403327
JHS,phs000286,Condition,Conditions,stroke,pht008769,phv00403381
JHS,phs000286,Condition,Conditions,stroke,pht008778,phv00403634
JHS,phs000286,Condition,Conditions,stroke,pht008785,phv00403887
JHS,phs000286,Condition,Conditions,stroke,pht008786,phv00403990
JHS,phs000286,MeasurementObservation,Continuous variables,tot_chol_bld,pht008731,phv00401428
JHS,phs000286,MeasurementObservation,Continuous variables,tot_chol_bld,pht001945,phv00125927
JHS,phs000286,MeasurementObservation,Continuous variables,tot_chol_bld,pht008742,phv00401728
JHS,phs000286,MeasurementObservation,Continuous variables,tot_chol_bld,pht008729,phv00401137
JHS,phs000286,MeasurementObservation,Continuous variables,tot_chol_bld,pht008734,phv00401580
JHS,phs000286,MeasurementObservation,Continuous variables,tot_chol_bld,pht008730,phv00401323
JHS,phs000286,MeasurementObservation,Continuous variables,tot_chol_bld,pht008741,phv00401713
JHS,phs000286,MeasurementObservation,Continuous variables,tot_chol_bld,pht008792,phv00404243
JHS,phs000286,MeasurementObservation,Continuous variables,triglyc_bld,pht008792,phv00404253
JHS,phs000286,MeasurementObservation,Continuous variables,triglyc_bld,pht008729,phv00401136
JHS,phs000286,MeasurementObservation,Continuous variables,triglyc_bld,pht008741,phv00401720
JHS,phs000286,MeasurementObservation,Continuous variables,triglyc_bld,pht008731,phv00401427
JHS,phs000286,MeasurementObservation,Continuous variables,triglyc_bld,pht008730,phv00401322
JHS,phs000286,MeasurementObservation,Continuous variables,triglyc_bld,pht001945,phv00125933
JHS,phs000286,MeasurementObservation,Continuous variables,triglyc_bld,pht008734,phv00401579
JHS,phs000286,MeasurementObservation,Continuous variables,triglyc_bld,pht008742,phv00401739
JHS,phs000286,MeasurementObservation,Continuous variables,triglyc_bld,pht008748,phv00402740
JHS,phs000286,MeasurementObservation,Continuous variables,vege_serving,pht008729,phv00401250
JHS,phs000286,Condition,Conditions,ven_thromb,pht008725,phv00400923
JHS,phs000286,Condition,Conditions,ven_thromb,pht008725,phv00400924
JHS,phs000286,Condition,Conditions,ven_thromb,pht008725,phv00400926
JHS,phs000286,Condition,Conditions,ven_thromb,pht008725,phv00400927
JHS,phs000286,MeasurementObservation,Continuous variables,waist_circ,pht008737,phv00401613
JHS,phs000286,MeasurementObservation,Continuous variables,waist_circ,pht008729,phv00401095
JHS,phs000286,MeasurementObservation,Continuous variables,waist_circ,pht008731,phv00401388
JHS,phs000286,MeasurementObservation,Continuous variables,waist_circ,pht008730,phv00401287
JHS,phs000286,MeasurementObservation,Continuous variables,waist_circ,pht008738,phv00401628
JHS,phs000286,MeasurementObservation,Continuous variables,waist_hip,pht008730,phv00401287
JHS,phs000286,MeasurementObservation,Continuous variables,waist_hip,pht008730,phv00401288
JHS,phs000286,MeasurementObservation,Continuous variables,waist_hip,pht008731,phv00401388
JHS,phs000286,MeasurementObservation,Continuous variables,waist_hip,pht008731,phv00401389
JHS,phs000286,MeasurementObservation,Continuous variables,waist_hip,pht008737,phv00401613
JHS,phs000286,MeasurementObservation,Continuous variables,waist_hip,pht008737,phv00401614
JHS,phs000286,MeasurementObservation,Continuous variables,waist_hip,pht008738,phv00401628
JHS,phs000286,MeasurementObservation,Continuous variables,waist_hip,pht008738,phv00401629
JHS,phs000286,MeasurementObservation,Continuous variables,whtbld_ct,pht001959,phv00127631
MESA,phs000209,Condition,Conditions,afib,pht001111,phv00082701
MESA,phs000209,Condition,Conditions,afib,pht001111,phv00082843
MESA,phs000209,Condition,Conditions,afib,pht001121,phv00087141
MESA,phs000209,Condition,Conditions,afib,pht001217,phv00090303
MESA,phs000209,Condition,Conditions,afib,pht003091,phv00176281
MESA,phs000209,Condition,Conditions,afib,pht003091,phv00176292
MESA,phs000209,MeasurementObservation,Continuous variables,albumin_creatinine,pht001111,phv00083437
MESA,phs000209,MeasurementObservation,Continuous variables,albumin_creatinine,pht001116,phv00085746
MESA,phs000209,MeasurementObservation,Continuous variables,albumin_creatinine,pht001118,phv00085929
MESA,phs000209,MeasurementObservation,Continuous variables,albumin_creatinine,pht001119,phv00086412
MESA,phs000209,MeasurementObservation,Continuous variables,albumin_creatinine,pht003086,phv00175607
MESA,phs000209,MeasurementObservation,Continuous variables,albumin_creatinine,pht003091,phv00177041
MESA,phs000209,MeasurementObservation,Continuous variables,albumin_urine,pht001111,phv00083436
MESA,phs000209,MeasurementObservation,Continuous variables,albumin_urine,pht001116,phv00085745
MESA,phs000209,MeasurementObservation,Continuous variables,albumin_urine,pht001118,phv00085928
MESA,phs000209,MeasurementObservation,Continuous variables,albumin_urine,pht001119,phv00086411
MESA,phs000209,MeasurementObservation,Continuous variables,albumin_urine,pht001121,phv00087529
MESA,phs000209,MeasurementObservation,Continuous variables,albumin_urine,pht003086,phv00175605
MESA,phs000209,MeasurementObservation,Continuous variables,albumin_urine,pht003091,phv00177039
MESA,phs000209,MeasurementObservation,Continuous variables,alcohol_servings,pht001111,phv00083279
MESA,phs000209,MeasurementObservation,Continuous variables,alcohol_servings,pht001116,phv00085609
MESA,phs000209,MeasurementObservation,Continuous variables,alcohol_servings,pht001118,phv00086119
MESA,phs000209,MeasurementObservation,Continuous variables,alcohol_servings,pht001118,phv00086120
MESA,phs000209,MeasurementObservation,Continuous variables,alcohol_servings,pht001118,phv00086121
MESA,phs000209,MeasurementObservation,Continuous variables,alcohol_servings,pht001118,phv00086122
MESA,phs000209,MeasurementObservation,Continuous variables,alcohol_servings,pht001119,phv00086601
MESA,phs000209,MeasurementObservation,Continuous variables,alcohol_servings,pht001119,phv00086602
MESA,phs000209,MeasurementObservation,Continuous variables,alcohol_servings,pht001119,phv00086603
MESA,phs000209,MeasurementObservation,Continuous variables,alcohol_servings,pht001119,phv00086604
MESA,phs000209,MeasurementObservation,Continuous variables,alcohol_servings,pht001120,phv00087019
MESA,phs000209,MeasurementObservation,Continuous variables,alcohol_servings,pht001120,phv00087020
MESA,phs000209,MeasurementObservation,Continuous variables,alcohol_servings,pht001120,phv00087021
MESA,phs000209,MeasurementObservation,Continuous variables,alcohol_servings,pht001120,phv00087022
MESA,phs000209,MeasurementObservation,Continuous variables,alcohol_servings,pht001121,phv00087290
MESA,phs000209,MeasurementObservation,Continuous variables,alcohol_servings,pht003086,phv00175424
MESA,phs000209,MeasurementObservation,Continuous variables,alcohol_servings,pht003086,phv00175425
MESA,phs000209,MeasurementObservation,Continuous variables,alcohol_servings,pht003086,phv00175426
MESA,phs000209,MeasurementObservation,Continuous variables,alcohol_servings,pht003086,phv00175427
MESA,phs000209,MeasurementObservation,Continuous variables,alcohol_servings,pht003091,phv00176858
MESA,phs000209,MeasurementObservation,Continuous variables,alcohol_servings,pht003091,phv00176859
MESA,phs000209,MeasurementObservation,Continuous variables,alcohol_servings,pht003091,phv00176860
MESA,phs000209,MeasurementObservation,Continuous variables,alcohol_servings,pht003091,phv00176861
MESA,phs000209,Condition,Conditions,angina,pht001123,phv00087859
MESA,phs000209,Condition,Conditions,angina,pht001121,phv00087143
MESA,phs000209,DrugExposure,Drug Exposures,aspirin,pht001111,phv00083069
MESA,phs000209,DrugExposure,Drug Exposures,aspirin,pht001116,phv00085306
MESA,phs000209,DrugExposure,Drug Exposures,aspirin,pht001118,phv00085955
MESA,phs000209,DrugExposure,Drug Exposures,aspirin,pht001119,phv00086437
MESA,phs000209,DrugExposure,Drug Exposures,aspirin,pht001120,phv00086881
MESA,phs000209,DrugExposure,Drug Exposures,aspirin,pht001121,phv00087222
MESA,phs000209,DrugExposure,Drug Exposures,aspirin,pht003086,phv00175271
MESA,phs000209,DrugExposure,Drug Exposures,aspirin,pht003091,phv00176694
MESA,phs000209,Condition,Conditions,asthma,pht001111,phv00082975
MESA,phs000209,Condition,Conditions,asthma,pht001112,phv00083530
MESA,phs000209,Condition,Conditions,asthma,pht001114,phv00083765
MESA,phs000209,Condition,Conditions,asthma,pht001116,phv00085211
MESA,phs000209,Condition,Conditions,asthma,pht001117,phv00085770
MESA,phs000209,Condition,Conditions,asthma,pht001118,phv00085936
MESA,phs000209,Condition,Conditions,asthma,pht001119,phv00086418
MESA,phs000209,Condition,Conditions,asthma,pht001120,phv00086870
MESA,phs000209,Condition,Conditions,asthma,pht001121,phv00087119
MESA,phs000209,Condition,Conditions,asthma,pht001122,phv00087756
MESA,phs000209,Condition,Conditions,asthma,pht003086,phv00175295
MESA,phs000209,Condition,Conditions,asthma,pht003087,phv00175872
MESA,phs000209,Condition,Conditions,asthma,pht003087,phv00175890
MESA,phs000209,Condition,Conditions,asthma,pht003087,phv00175954
MESA,phs000209,Condition,Conditions,asthma,pht003091,phv00176718
MESA,phs000209,MeasurementObservation,Continuous variables,basophil_ncnc_bld,pht001984,phv00128700
MESA,phs000209,MeasurementObservation,Continuous variables,basophil_ncnc_bld,pht004319,phv00219002
MESA,phs000209,MeasurementObservation,Continuous variables,bdy_hgt,pht001111,phv00082683
MESA,phs000209,MeasurementObservation,Continuous variables,bdy_hgt,pht001112,phv00083471
MESA,phs000209,MeasurementObservation,Continuous variables,bdy_hgt,pht001114,phv00083706
MESA,phs000209,MeasurementObservation,Continuous variables,bdy_hgt,pht001116,phv00084482
MESA,phs000209,MeasurementObservation,Continuous variables,bdy_hgt,pht001118,phv00085799
MESA,phs000209,MeasurementObservation,Continuous variables,bdy_hgt,pht001119,phv00086298
MESA,phs000209,MeasurementObservation,Continuous variables,bdy_hgt,pht001120,phv00086751
MESA,phs000209,MeasurementObservation,Continuous variables,bdy_hgt,pht001121,phv00087078
MESA,phs000209,MeasurementObservation,Continuous variables,bdy_hgt,pht001122,phv00087697
MESA,phs000209,MeasurementObservation,Continuous variables,bdy_hgt,pht003086,phv00174630
MESA,phs000209,MeasurementObservation,Continuous variables,bdy_hgt,pht003087,phv00175858
MESA,phs000209,MeasurementObservation,Continuous variables,bdy_hgt,pht003087,phv00175943
MESA,phs000209,MeasurementObservation,Continuous variables,bdy_hgt,pht003091,phv00176053
MESA,phs000209,MeasurementObservation,Continuous variables,bdy_temp,pht001114,phv00083676
MESA,phs000209,MeasurementObservation,Continuous variables,bdy_wgt,pht001111,phv00082685
MESA,phs000209,MeasurementObservation,Continuous variables,bdy_wgt,pht001111,phv00083013
MESA,phs000209,MeasurementObservation,Continuous variables,bdy_wgt,pht001111,phv00083014
MESA,phs000209,MeasurementObservation,Continuous variables,bdy_wgt,pht001116,phv00084484
MESA,phs000209,MeasurementObservation,Continuous variables,bdy_wgt,pht001116,phv00085249
MESA,phs000209,MeasurementObservation,Continuous variables,bdy_wgt,pht001116,phv00085250
MESA,phs000209,MeasurementObservation,Continuous variables,bdy_wgt,pht001121,phv00087079
MESA,phs000209,MeasurementObservation,Continuous variables,bdy_wgt,pht001121,phv00087166
MESA,phs000209,MeasurementObservation,Continuous variables,bdy_wgt,pht001121,phv00087167
MESA,phs000209,MeasurementObservation,Continuous variables,bdy_wgt,pht003086,phv00174637
MESA,phs000209,MeasurementObservation,Continuous variables,bdy_wgt,pht003091,phv00176060
MESA,phs000209,MeasurementObservationSet,Continuous variables,blood_pressure,pht001111,phv00083410
MESA,phs000209,MeasurementObservationSet,Continuous variables,blood_pressure,pht001111,phv00083411
MESA,phs000209,MeasurementObservationSet,Continuous variables,blood_pressure,pht001116,phv00085740
MESA,phs000209,MeasurementObservationSet,Continuous variables,blood_pressure,pht001116,phv00085741
MESA,phs000209,MeasurementObservationSet,Continuous variables,blood_pressure,pht001118,phv00086224
MESA,phs000209,MeasurementObservationSet,Continuous variables,blood_pressure,pht001118,phv00086225
MESA,phs000209,MeasurementObservationSet,Continuous variables,blood_pressure,pht001119,phv00086707
MESA,phs000209,MeasurementObservationSet,Continuous variables,blood_pressure,pht001119,phv00086708
MESA,phs000209,MeasurementObservationSet,Continuous variables,blood_pressure,pht001120,phv00087029
MESA,phs000209,MeasurementObservationSet,Continuous variables,blood_pressure,pht001120,phv00087030
MESA,phs000209,MeasurementObservationSet,Continuous variables,blood_pressure,pht001121,phv00087084
MESA,phs000209,MeasurementObservationSet,Continuous variables,blood_pressure,pht001121,phv00087085
MESA,phs000209,MeasurementObservationSet,Continuous variables,blood_pressure,pht003086,phv00175601
MESA,phs000209,MeasurementObservationSet,Continuous variables,blood_pressure,pht003086,phv00175602
MESA,phs000209,MeasurementObservationSet,Continuous variables,blood_pressure,pht003087,phv00175862
MESA,phs000209,MeasurementObservationSet,Continuous variables,blood_pressure,pht003091,phv00177035
MESA,phs000209,MeasurementObservationSet,Continuous variables,blood_pressure,pht003091,phv00177036
MESA,phs000209,MeasurementObservation,Continuous variables,bmi,pht001111,phv00082691
MESA,phs000209,MeasurementObservation,Continuous variables,bmi,pht001116,phv00084490
MESA,phs000209,MeasurementObservation,Continuous variables,bmi,pht001118,phv00085803
MESA,phs000209,MeasurementObservation,Continuous variables,bmi,pht001119,phv00086302
MESA,phs000209,MeasurementObservation,Continuous variables,bmi,pht001120,phv00086755
MESA,phs000209,MeasurementObservation,Continuous variables,bmi,pht001121,phv00087080
MESA,phs000209,MeasurementObservation,Continuous variables,bmi,pht003086,phv00174644
MESA,phs000209,MeasurementObservation,Continuous variables,bmi,pht003091,phv00176067
MESA,phs000209,MeasurementObservation,Continuous variables,cac_score,pht001111,phv00082657
MESA,phs000209,MeasurementObservation,Continuous variables,cac_score,pht001111,phv00082660
MESA,phs000209,MeasurementObservation,Continuous variables,cac_score,pht001111,phv00082664
MESA,phs000209,MeasurementObservation,Continuous variables,cac_score,pht001111,phv00082856
MESA,phs000209,MeasurementObservation,Continuous variables,cac_score,pht001111,phv00082857
MESA,phs000209,MeasurementObservation,Continuous variables,cac_score,pht001111,phv00082860
MESA,phs000209,MeasurementObservation,Continuous variables,cac_score,pht001111,phv00082861
MESA,phs000209,MeasurementObservation,Continuous variables,cac_score,pht001111,phv00082862
MESA,phs000209,MeasurementObservation,Continuous variables,cac_score,pht001111,phv00082863
MESA,phs000209,MeasurementObservation,Continuous variables,cac_score,pht001111,phv00082866
MESA,phs000209,MeasurementObservation,Continuous variables,cac_score,pht001111,phv00082867
MESA,phs000209,MeasurementObservation,Continuous variables,cac_score,pht001111,phv00082888
MESA,phs000209,MeasurementObservation,Continuous variables,cac_score,pht001111,phv00082889
MESA,phs000209,MeasurementObservation,Continuous variables,cac_score,pht001111,phv00082890
MESA,phs000209,MeasurementObservation,Continuous variables,cac_score,pht001111,phv00082891
MESA,phs000209,MeasurementObservation,Continuous variables,cac_score,pht001116,phv00084517
MESA,phs000209,MeasurementObservation,Continuous variables,cac_score,pht001116,phv00084519
MESA,phs000209,MeasurementObservation,Continuous variables,cac_score,pht001116,phv00084521
MESA,phs000209,MeasurementObservation,Continuous variables,cac_score,pht001116,phv00084526
MESA,phs000209,MeasurementObservation,Continuous variables,cac_score,pht001116,phv00084528
MESA,phs000209,MeasurementObservation,Continuous variables,cac_score,pht001116,phv00084530
MESA,phs000209,MeasurementObservation,Continuous variables,cac_score,pht001116,phv00084532
MESA,phs000209,MeasurementObservation,Continuous variables,cac_score,pht001116,phv00084534
MESA,phs000209,MeasurementObservation,Continuous variables,cac_score,pht001116,phv00084536
MESA,phs000209,MeasurementObservation,Continuous variables,cac_score,pht001116,phv00084538
MESA,phs000209,MeasurementObservation,Continuous variables,cac_score,pht001116,phv00084540
MESA,phs000209,MeasurementObservation,Continuous variables,cac_score,pht001118,phv00085810
MESA,phs000209,MeasurementObservation,Continuous variables,cac_score,pht001118,phv00085812
MESA,phs000209,MeasurementObservation,Continuous variables,cac_score,pht001118,phv00085813
MESA,phs000209,MeasurementObservation,Continuous variables,cac_score,pht001118,phv00085819
MESA,phs000209,MeasurementObservation,Continuous variables,cac_score,pht001118,phv00085820
MESA,phs000209,MeasurementObservation,Continuous variables,cac_score,pht001118,phv00085825
MESA,phs000209,MeasurementObservation,Continuous variables,cac_score,pht001118,phv00085826
MESA,phs000209,MeasurementObservation,Continuous variables,cac_score,pht001119,phv00086310
MESA,phs000209,MeasurementObservation,Continuous variables,cac_score,pht001119,phv00086312
MESA,phs000209,MeasurementObservation,Continuous variables,cac_score,pht001119,phv00086313
MESA,phs000209,MeasurementObservation,Continuous variables,cac_score,pht001119,phv00086318
MESA,phs000209,MeasurementObservation,Continuous variables,cac_score,pht001119,phv00086319
MESA,phs000209,MeasurementObservation,Continuous variables,cac_score,pht001119,phv00086324
MESA,phs000209,MeasurementObservation,Continuous variables,cac_score,pht001119,phv00086325
MESA,phs000209,MeasurementObservation,Continuous variables,cac_score,pht001120,phv00086773
MESA,phs000209,MeasurementObservation,Continuous variables,cac_score,pht001120,phv00086774
MESA,phs000209,MeasurementObservation,Continuous variables,cac_score,pht001120,phv00086777
MESA,phs000209,MeasurementObservation,Continuous variables,cac_score,pht001120,phv00086778
MESA,phs000209,MeasurementObservation,Continuous variables,cac_score,pht001120,phv00086779
MESA,phs000209,MeasurementObservation,Continuous variables,cac_score,pht001120,phv00086780
MESA,phs000209,MeasurementObservation,Continuous variables,cac_score,pht001120,phv00086783
MESA,phs000209,MeasurementObservation,Continuous variables,cac_score,pht001120,phv00086784
MESA,phs000209,MeasurementObservation,Continuous variables,cac_score,pht001121,phv00087105
MESA,phs000209,MeasurementObservation,Continuous variables,cac_score,pht001121,phv00087531
MESA,phs000209,MeasurementObservation,Continuous variables,cac_score,pht001121,phv00087536
MESA,phs000209,MeasurementObservation,Continuous variables,cac_score,pht001121,phv00087537
MESA,phs000209,MeasurementObservation,Continuous variables,cac_score,pht001121,phv00087544
MESA,phs000209,MeasurementObservation,Continuous variables,cac_score,pht001121,phv00087545
MESA,phs000209,MeasurementObservation,Continuous variables,cac_score,pht001204,phv00090029
MESA,phs000209,MeasurementObservation,Continuous variables,cac_score,pht001205,phv00090113
MESA,phs000209,MeasurementObservation,Continuous variables,cac_score,pht001205,phv00090116
MESA,phs000209,MeasurementObservation,Continuous variables,cac_score,pht003086,phv00174752
MESA,phs000209,MeasurementObservation,Continuous variables,cac_score,pht003086,phv00174753
MESA,phs000209,MeasurementObservation,Continuous variables,cac_score,pht003086,phv00174766
MESA,phs000209,MeasurementObservation,Continuous variables,cac_score,pht003086,phv00174767
MESA,phs000209,MeasurementObservation,Continuous variables,cac_score,pht003086,phv00174768
MESA,phs000209,MeasurementObservation,Continuous variables,cac_score,pht003086,phv00174769
MESA,phs000209,MeasurementObservation,Continuous variables,cac_score,pht003091,phv00176175
MESA,phs000209,MeasurementObservation,Continuous variables,cac_score,pht003091,phv00176176
MESA,phs000209,MeasurementObservation,Continuous variables,cac_score,pht003091,phv00176189
MESA,phs000209,MeasurementObservation,Continuous variables,cac_score,pht003091,phv00176190
MESA,phs000209,MeasurementObservation,Continuous variables,cac_score,pht003091,phv00176191
MESA,phs000209,MeasurementObservation,Continuous variables,cac_score,pht003091,phv00176192
MESA,phs000209,MeasurementObservation,Continuous variables,cac_volume,pht001111,phv00082658
MESA,phs000209,MeasurementObservation,Continuous variables,cac_volume,pht001111,phv00082663
MESA,phs000209,MeasurementObservation,Continuous variables,cac_volume,pht001111,phv00082858
MESA,phs000209,MeasurementObservation,Continuous variables,cac_volume,pht001111,phv00082859
MESA,phs000209,MeasurementObservation,Continuous variables,cac_volume,pht001111,phv00082864
MESA,phs000209,MeasurementObservation,Continuous variables,cac_volume,pht001111,phv00082865
MESA,phs000209,MeasurementObservation,Continuous variables,cac_volume,pht001111,phv00082884
MESA,phs000209,MeasurementObservation,Continuous variables,cac_volume,pht001111,phv00082885
MESA,phs000209,MeasurementObservation,Continuous variables,cac_volume,pht001111,phv00082886
MESA,phs000209,MeasurementObservation,Continuous variables,cac_volume,pht001111,phv00082887
MESA,phs000209,MeasurementObservation,Continuous variables,cac_volume,pht001111,phv00082892
MESA,phs000209,MeasurementObservation,Continuous variables,cac_volume,pht001111,phv00082893
MESA,phs000209,MeasurementObservation,Continuous variables,cac_volume,pht001111,phv00082894
MESA,phs000209,MeasurementObservation,Continuous variables,cac_volume,pht001111,phv00082895
MESA,phs000209,MeasurementObservation,Continuous variables,cac_volume,pht001116,phv00084518
MESA,phs000209,MeasurementObservation,Continuous variables,cac_volume,pht001116,phv00084524
MESA,phs000209,MeasurementObservation,Continuous variables,cac_volume,pht001116,phv00084527
MESA,phs000209,MeasurementObservation,Continuous variables,cac_volume,pht001116,phv00084531
MESA,phs000209,MeasurementObservation,Continuous variables,cac_volume,pht001116,phv00084535
MESA,phs000209,MeasurementObservation,Continuous variables,cac_volume,pht001116,phv00084539
MESA,phs000209,MeasurementObservation,Continuous variables,cac_volume,pht001118,phv00085811
MESA,phs000209,MeasurementObservation,Continuous variables,cac_volume,pht001118,phv00085816
MESA,phs000209,MeasurementObservation,Continuous variables,cac_volume,pht001118,phv00085821
MESA,phs000209,MeasurementObservation,Continuous variables,cac_volume,pht001118,phv00085822
MESA,phs000209,MeasurementObservation,Continuous variables,cac_volume,pht001118,phv00085827
MESA,phs000209,MeasurementObservation,Continuous variables,cac_volume,pht001118,phv00085828
MESA,phs000209,MeasurementObservation,Continuous variables,cac_volume,pht001119,phv00086311
MESA,phs000209,MeasurementObservation,Continuous variables,cac_volume,pht001119,phv00086320
MESA,phs000209,MeasurementObservation,Continuous variables,cac_volume,pht001119,phv00086321
MESA,phs000209,MeasurementObservation,Continuous variables,cac_volume,pht001119,phv00086326
MESA,phs000209,MeasurementObservation,Continuous variables,cac_volume,pht001119,phv00086327
MESA,phs000209,MeasurementObservation,Continuous variables,cac_volume,pht001120,phv00086775
MESA,phs000209,MeasurementObservation,Continuous variables,cac_volume,pht001120,phv00086776
MESA,phs000209,MeasurementObservation,Continuous variables,cac_volume,pht001120,phv00086781
MESA,phs000209,MeasurementObservation,Continuous variables,cac_volume,pht001120,phv00086782
MESA,phs000209,MeasurementObservation,Continuous variables,cac_volume,pht001121,phv00087108
MESA,phs000209,MeasurementObservation,Continuous variables,cac_volume,pht001121,phv00087532
MESA,phs000209,MeasurementObservation,Continuous variables,cac_volume,pht001121,phv00087538
MESA,phs000209,MeasurementObservation,Continuous variables,cac_volume,pht001121,phv00087539
MESA,phs000209,MeasurementObservation,Continuous variables,cac_volume,pht001121,phv00087546
MESA,phs000209,MeasurementObservation,Continuous variables,cac_volume,pht001121,phv00087547
MESA,phs000209,MeasurementObservation,Continuous variables,cac_volume,pht001204,phv00090025
MESA,phs000209,MeasurementObservation,Continuous variables,cac_volume,pht001205,phv00090114
MESA,phs000209,MeasurementObservation,Continuous variables,cac_volume,pht001205,phv00090117
MESA,phs000209,MeasurementObservation,Continuous variables,cac_volume,pht003086,phv00174762
MESA,phs000209,MeasurementObservation,Continuous variables,cac_volume,pht003086,phv00174763
MESA,phs000209,MeasurementObservation,Continuous variables,cac_volume,pht003086,phv00174764
MESA,phs000209,MeasurementObservation,Continuous variables,cac_volume,pht003086,phv00174765
MESA,phs000209,MeasurementObservation,Continuous variables,cac_volume,pht003086,phv00174770
MESA,phs000209,MeasurementObservation,Continuous variables,cac_volume,pht003086,phv00174771
MESA,phs000209,MeasurementObservation,Continuous variables,cac_volume,pht003086,phv00174772
MESA,phs000209,MeasurementObservation,Continuous variables,cac_volume,pht003086,phv00174773
MESA,phs000209,MeasurementObservation,Continuous variables,cac_volume,pht003091,phv00176185
MESA,phs000209,MeasurementObservation,Continuous variables,cac_volume,pht003091,phv00176186
MESA,phs000209,MeasurementObservation,Continuous variables,cac_volume,pht003091,phv00176187
MESA,phs000209,MeasurementObservation,Continuous variables,cac_volume,pht003091,phv00176188
MESA,phs000209,MeasurementObservation,Continuous variables,cac_volume,pht003091,phv00176193
MESA,phs000209,MeasurementObservation,Continuous variables,cac_volume,pht003091,phv00176194
MESA,phs000209,MeasurementObservation,Continuous variables,cac_volume,pht003091,phv00176195
MESA,phs000209,MeasurementObservation,Continuous variables,cac_volume,pht003091,phv00176196
MESA,phs000209,MeasurementObservation,Continuous variables,carotid_imt,pht003086,phv00175623
MESA,phs000209,MeasurementObservation,Continuous variables,carotid_imt,pht003086,phv00175683
MESA,phs000209,MeasurementObservation,Continuous variables,carotid_imt,pht001116,phv00084966
MESA,phs000209,Condition,Conditions,carotid_plaque,pht001116,phv00084797
MESA,phs000209,Condition,Conditions,carotid_plaque,pht001116,phv00084802
MESA,phs000209,Condition,Conditions,carotid_plaque,pht003086,phv00175613
MESA,phs000209,Condition,Conditions,carotid_plaque,pht003091,phv00177047
MESA,phs000209,MeasurementObservation,Continuous variables,carotid_sten_left,pht001116,phv00084803
MESA,phs000209,MeasurementObservation,Continuous variables,carotid_sten_right,pht001116,phv00084798
MESA,phs000209,MeasurementObservation,Continuous variables,cd40,pht001116,phv00085021
MESA,phs000209,MeasurementObservation,Continuous variables,cesd_score,pht001111,phv00082949
MESA,phs000209,MeasurementObservation,Continuous variables,cesd_score,pht001116,phv00084787
MESA,phs000209,MeasurementObservation,Continuous variables,cesd_score,pht001119,phv00086398
MESA,phs000209,MeasurementObservation,Continuous variables,cesd_score,pht001120,phv00086819
MESA,phs000209,MeasurementObservation,Continuous variables,cesd_score,pht001121,phv00087477
MESA,phs000209,MeasurementObservation,Continuous variables,cesd_score,pht003086,phv00175236
MESA,phs000209,MeasurementObservation,Continuous variables,cesd_score,pht003091,phv00176659
MESA,phs000209,Condition,Conditions,chd,pht001123,phv00087886
MESA,phs000209,Condition,Conditions,chd,pht001123,phv00087888
MESA,phs000209,Condition,Conditions,chf,pht001121,phv00087140
MESA,phs000209,Condition,Conditions,chf,pht001123,phv00087870
MESA,phs000209,MeasurementObservation,Continuous variables,chloride_bld,pht003089,phv00175983
MESA,phs000209,Condition,Conditions,chr_bronchitis,pht001112,phv00083491
MESA,phs000209,Observation,Continuous variables,cig_smok,pht001111,phv00083241
MESA,phs000209,Observation,Continuous variables,cig_smok,pht001112,phv00083613
MESA,phs000209,Observation,Continuous variables,cig_smok,pht001114,phv00083708
MESA,phs000209,Observation,Continuous variables,cig_smok,pht001114,phv00083843
MESA,phs000209,Observation,Continuous variables,cig_smok,pht001116,phv00085545
MESA,phs000209,Observation,Continuous variables,cig_smok,pht001118,phv00086096
MESA,phs000209,Observation,Continuous variables,cig_smok,pht001118,phv00086102
MESA,phs000209,Observation,Continuous variables,cig_smok,pht001119,phv00086580
MESA,phs000209,Observation,Continuous variables,cig_smok,pht001119,phv00086586
MESA,phs000209,Observation,Continuous variables,cig_smok,pht001120,phv00087012
MESA,phs000209,Observation,Continuous variables,cig_smok,pht001120,phv00087017
MESA,phs000209,Observation,Continuous variables,cig_smok,pht001121,phv00087082
MESA,phs000209,Observation,Continuous variables,cig_smok,pht001122,phv00087699
MESA,phs000209,Observation,Continuous variables,cig_smok,pht001122,phv00087839
MESA,phs000209,Observation,Continuous variables,cig_smok,pht003086,phv00175428
MESA,phs000209,Observation,Continuous variables,cig_smok,pht003086,phv00175450
MESA,phs000209,Observation,Continuous variables,cig_smok,pht003087,phv00175860
MESA,phs000209,Observation,Continuous variables,cig_smok,pht003087,phv00175945
MESA,phs000209,Observation,Continuous variables,cig_smok,pht003091,phv00176862
MESA,phs000209,Observation,Continuous variables,cig_smok,pht003091,phv00176884
MESA,phs000209,Condition,Conditions,copd,pht001112,phv00083483
MESA,phs000209,Condition,Conditions,copd,pht001112,phv00083484
MESA,phs000209,Condition,Conditions,copd,pht001112,phv00083485
MESA,phs000209,Condition,Conditions,copd,pht001112,phv00083545
MESA,phs000209,Condition,Conditions,copd,pht001112,phv00083620
MESA,phs000209,Condition,Conditions,copd,pht001114,phv00083718
MESA,phs000209,Condition,Conditions,copd,pht001114,phv00083719
MESA,phs000209,Condition,Conditions,copd,pht001114,phv00083720
MESA,phs000209,Condition,Conditions,copd,pht001114,phv00083721
MESA,phs000209,Condition,Conditions,copd,pht001114,phv00083780
MESA,phs000209,Condition,Conditions,copd,pht001114,phv00083850
MESA,phs000209,Condition,Conditions,copd,pht001122,phv00087709
MESA,phs000209,Condition,Conditions,copd,pht001122,phv00087710
MESA,phs000209,Condition,Conditions,copd,pht001122,phv00087771
MESA,phs000209,Condition,Conditions,copd,pht001122,phv00087711
MESA,phs000209,Condition,Conditions,copd,pht001122,phv00087846
MESA,phs000209,Condition,Conditions,copd,pht003086,phv00175294
MESA,phs000209,Condition,Conditions,copd,pht003091,phv00176717
MESA,phs000209,MeasurementObservation,Continuous variables,creat_bld,pht003086,phv00175241
MESA,phs000209,MeasurementObservation,Continuous variables,creat_bld,pht003091,phv00176664
MESA,phs000209,MeasurementObservation,Continuous variables,creat_urin,pht001116,phv00085748
MESA,phs000209,MeasurementObservation,Continuous variables,creat_urin,pht001118,phv00085930
MESA,phs000209,MeasurementObservation,Continuous variables,creat_urin,pht001119,phv00086413
MESA,phs000209,MeasurementObservation,Continuous variables,creat_urin,pht001121,phv00087530
MESA,phs000209,MeasurementObservation,Continuous variables,creat_urin,pht003086,phv00175606
MESA,phs000209,MeasurementObservation,Continuous variables,creat_urin,pht003091,phv00177040
MESA,phs000209,MeasurementObservation,Continuous variables,crp,pht001111,phv00082967
MESA,phs000209,MeasurementObservation,Continuous variables,crp,pht001116,phv00085015
MESA,phs000209,MeasurementObservation,Continuous variables,crp,pht001120,phv00086825
MESA,phs000209,MeasurementObservation,Continuous variables,crp,pht001121,phv00087661
MESA,phs000209,MeasurementObservation,Continuous variables,crp,pht002198,phv00160534
MESA,phs000209,Condition,Conditions,cvd,pht001123,phv00087890
MESA,phs000209,Condition,Conditions,cvd,pht001123,phv00087892
MESA,phs000209,Condition,Conditions,cvd,pht002515,phv00165065
MESA,phs000209,MeasurementObservation,Continuous variables,cysc_bld,pht001116,phv00084545
MESA,phs000209,MeasurementObservation,Continuous variables,cysc_bld,pht003091,phv00196280
MESA,phs000209,MeasurementObservation,Continuous variables,d_dimer,pht001111,phv00082971
MESA,phs000209,MeasurementObservation,Continuous variables,d_dimer,pht001116,phv00085017
MESA,phs000209,MeasurementObservation,Continuous variables,d_dimer,pht001120,phv00086829
MESA,phs000209,MeasurementObservation,Continuous variables,d_dimer,pht001121,phv00087663
MESA,phs000209,MeasurementObservation,Continuous variables,d_dimer,pht002105,phv00160521
MESA,phs000209,Condition,Conditions,diabetes,pht001111,phv00083005
MESA,phs000209,Condition,Conditions,diabetes,pht001111,phv00082652
MESA,phs000209,Condition,Conditions,diabetes,pht001116,phv00085242
MESA,phs000209,Condition,Conditions,diabetes,pht001116,phv00084456
MESA,phs000209,Condition,Conditions,diabetes,pht001117,phv00085764
MESA,phs000209,Condition,Conditions,diabetes,pht001118,phv00085837
MESA,phs000209,Condition,Conditions,diabetes,pht001118,phv00085794
MESA,phs000209,Condition,Conditions,diabetes,pht001119,phv00086279
MESA,phs000209,Condition,Conditions,diabetes,pht001120,phv00086746
MESA,phs000209,Condition,Conditions,diabetes,pht001121,phv00087159
MESA,phs000209,Condition,Conditions,diabetes,pht001121,phv00087089
MESA,phs000209,Condition,Conditions,diabetes,pht003086,phv00175291
MESA,phs000209,Condition,Conditions,diabetes,pht003087,phv00175888
MESA,phs000209,Condition,Conditions,diabetes,pht003091,phv00176714
MESA,phs000209,Condition,Conditions,diabetes,pht003091,phv00176017
MESA,phs000209,Condition,Conditions,diabetes,pht003659,phv00197119
MESA,phs000209,SdohObservation,SdohObservations,edu_lvl,pht001111,phv00083223
MESA,phs000209,SdohObservation,SdohObservations,edu_lvl,pht001116,phv00085554
MESA,phs000209,SdohObservation,SdohObservations,edu_lvl,pht003087,phv00175873
MESA,phs000209,SdohObservation,SdohObservations,edu_lvl,pht004326,phv00219019
MESA,phs000209,MeasurementObservation,Continuous variables,egfr,pht001111,phv00082961
MESA,phs000209,MeasurementObservation,Continuous variables,egfr,pht001111,phv00195567
MESA,phs000209,MeasurementObservation,Continuous variables,egfr,pht001116,phv00084464
MESA,phs000209,MeasurementObservation,Continuous variables,egfr,pht001116,phv00111943
MESA,phs000209,MeasurementObservation,Continuous variables,egfr,pht001119,phv00086284
MESA,phs000209,MeasurementObservation,Continuous variables,egfr,pht001119,phv00111948
MESA,phs000209,MeasurementObservation,Continuous variables,egfr,pht001120,phv00111951
MESA,phs000209,MeasurementObservation,Continuous variables,egfr,pht001120,phv00111952
MESA,phs000209,MeasurementObservation,Continuous variables,egfr,pht001121,phv00087096
MESA,phs000209,MeasurementObservation,Continuous variables,egfr,pht003086,phv00174602
MESA,phs000209,MeasurementObservation,Continuous variables,egfr,pht003086,phv00174604
MESA,phs000209,MeasurementObservation,Continuous variables,egfr,pht003091,phv00176025
MESA,phs000209,MeasurementObservation,Continuous variables,egfr,pht003091,phv00176027
MESA,phs000209,Condition,Conditions,emphysema,pht001111,phv00082974
MESA,phs000209,Condition,Conditions,emphysema,pht001116,phv00085210
MESA,phs000209,Condition,Conditions,emphysema,pht001118,phv00085935
MESA,phs000209,Condition,Conditions,emphysema,pht001119,phv00086417
MESA,phs000209,Condition,Conditions,emphysema,pht001120,phv00086869
MESA,phs000209,Condition,Conditions,emphysema,pht001121,phv00087118
MESA,phs000209,MeasurementObservation,Continuous variables,eosinophil_ncnc_bld,pht001984,phv00128702
MESA,phs000209,MeasurementObservation,Continuous variables,eosinophil_ncnc_bld,pht004319,phv00219001
MESA,phs000209,MeasurementObservation,Continuous variables,eselectin,pht001111,phv00082969
MESA,phs000209,MeasurementObservation,Continuous variables,eselectin,pht001116,phv00085022
MESA,phs000209,MeasurementObservation,Continuous variables,eselectin,pht001120,phv00086827
MESA,phs000209,MeasurementObservation,Continuous variables,factor_8,pht001116,phv00084463
MESA,phs000209,MeasurementObservation,Continuous variables,factor_8,pht001116,phv00085019
MESA,phs000209,MeasurementObservation,Continuous variables,factor_8,pht002105,phv00160522
MESA,phs000209,SdohObservation,SdohObservations,fam_income,pht001111,phv00083226
MESA,phs000209,SdohObservation,SdohObservations,fam_income,pht001116,phv00085558
MESA,phs000209,SdohObservation,SdohObservations,fam_income,pht001118,phv00086087
MESA,phs000209,SdohObservation,SdohObservations,fam_income,pht001121,phv00087238
MESA,phs000209,SdohObservation,SdohObservations,fam_income,pht002105,phv00160523
MESA,phs000209,SdohObservation,SdohObservations,fam_income,pht003086,phv00175446
MESA,phs000209,SdohObservation,SdohObservations,fam_income,pht003091,phv00176880
MESA,phs000209,SdohObservation,SdohObservations,fam_income,pht001119,phv00086569
MESA,phs000209,Condition,Conditions,fam_stroke,pht001116,phv00085314
MESA,phs000209,Condition,Conditions,fam_stroke,pht001116,phv00085316
MESA,phs000209,Condition,Conditions,fam_stroke,pht001116,phv00085319
MESA,phs000209,MeasurementObservation,Continuous variables,fast_gluc_bld,pht001111,phv00082953
MESA,phs000209,MeasurementObservation,Continuous variables,fast_gluc_bld,pht001111,phv00082954
MESA,phs000209,MeasurementObservation,Continuous variables,fast_gluc_bld,pht001116,phv00084969
MESA,phs000209,MeasurementObservation,Continuous variables,fast_gluc_bld,pht001116,phv00084970
MESA,phs000209,MeasurementObservation,Continuous variables,fast_gluc_bld,pht001118,phv00085932
MESA,phs000209,MeasurementObservation,Continuous variables,fast_gluc_bld,pht001119,phv00086415
MESA,phs000209,MeasurementObservation,Continuous variables,fast_gluc_bld,pht001120,phv00086834
MESA,phs000209,MeasurementObservation,Continuous variables,fast_gluc_bld,pht001121,phv00087088
MESA,phs000209,MeasurementObservation,Continuous variables,fast_gluc_bld,pht003086,phv00175240
MESA,phs000209,MeasurementObservation,Continuous variables,fast_gluc_bld,pht003087,phv00175863
MESA,phs000209,MeasurementObservation,Continuous variables,fast_gluc_bld,pht003087,phv00175948
MESA,phs000209,MeasurementObservation,Continuous variables,fast_gluc_bld,pht003091,phv00176663
MESA,phs000209,MeasurementObservation,Continuous variables,fast_gluc_bld,pht004326,phv00219026
MESA,phs000209,MeasurementObservation,Continuous variables,fibrin,pht001111,phv00082965
MESA,phs000209,MeasurementObservation,Continuous variables,fibrin,pht001116,phv00085014
MESA,phs000209,MeasurementObservation,Continuous variables,fibrin,pht001120,phv00086823
MESA,phs000209,MeasurementObservation,Continuous variables,fibrin,pht002198,phv00160532
MESA,phs000209,MeasurementObservation,Continuous variables,fruit_serving,pht004317,phv00218767
MESA,phs000209,MeasurementObservation,Continuous variables,fruit_serving,pht004317,phv00218768
MESA,phs000209,MeasurementObservation,Continuous variables,glucose_bld,pht003087,phv00175887
MESA,phs000209,MeasurementObservation,Continuous variables,hdl,pht001111,phv00082952
MESA,phs000209,MeasurementObservation,Continuous variables,hdl,pht001116,phv00084972
MESA,phs000209,MeasurementObservation,Continuous variables,hdl,pht001116,phv00160506
MESA,phs000209,MeasurementObservation,Continuous variables,hdl,pht001118,phv00085920
MESA,phs000209,MeasurementObservation,Continuous variables,hdl,pht001119,phv00086402
MESA,phs000209,MeasurementObservation,Continuous variables,hdl,pht001120,phv00086833
MESA,phs000209,MeasurementObservation,Continuous variables,hdl,pht001121,phv00087099
MESA,phs000209,MeasurementObservation,Continuous variables,hdl,pht003086,phv00175239
MESA,phs000209,MeasurementObservation,Continuous variables,hdl,pht003091,phv00176662
MESA,phs000209,MeasurementObservation,Continuous variables,hemat,pht001984,phv00128724
MESA,phs000209,MeasurementObservation,Continuous variables,hemat,pht004319,phv00218992
MESA,phs000209,MeasurementObservation,Continuous variables,hemo,pht001984,phv00128727
MESA,phs000209,MeasurementObservation,Continuous variables,hemo,pht004319,phv00218993
MESA,phs000209,MeasurementObservation,Continuous variables,hemo_a1c,pht001118,phv00174583
MESA,phs000209,MeasurementObservation,Continuous variables,hemo_a1c,pht003086,phv00175243
MESA,phs000209,MeasurementObservation,Continuous variables,hemo_a1c,pht003091,phv00176666
MESA,phs000209,MeasurementObservation,Continuous variables,hip_circ,pht001111,phv00082688
MESA,phs000209,MeasurementObservation,Continuous variables,hip_circ,pht001116,phv00084489
MESA,phs000209,MeasurementObservation,Continuous variables,hip_circ,pht001118,phv00085802
MESA,phs000209,MeasurementObservation,Continuous variables,hip_circ,pht001119,phv00086300
MESA,phs000209,MeasurementObservation,Continuous variables,hip_circ,pht001120,phv00086753
MESA,phs000209,MeasurementObservation,Continuous variables,hip_circ,pht003086,phv00174635
MESA,phs000209,MeasurementObservation,Continuous variables,hip_circ,pht003091,phv00176058
MESA,phs000209,Condition,Conditions,hist_cor_bypg,pht001111,phv00082876
MESA,phs000209,Condition,Conditions,hist_cor_bypg,pht001123,phv00087865
MESA,phs000209,Condition,Conditions,hist_cvd,pht001123,phv00087853
MESA,phs000209,Condition,Conditions,hist_cvd,pht001123,phv00087856
MESA,phs000209,Condition,Conditions,hist_cvd,pht001123,phv00087890
MESA,phs000209,Condition,Conditions,hist_cvd,pht001123,phv00087892
MESA,phs000209,Condition,Conditions,hist_cvd,pht002515,phv00165065
MESA,phs000209,Condition,Conditions,hist_hrtdis,pht001111,phv00082985
MESA,phs000209,Condition,Conditions,hist_hrtdis,pht001116,phv00085221
MESA,phs000209,Condition,Conditions,hist_hrtdis,pht001117,phv00085768
MESA,phs000209,Condition,Conditions,hist_hrtdis,pht001118,phv00085938
MESA,phs000209,Condition,Conditions,hist_hrtdis,pht001119,phv00086420
MESA,phs000209,Condition,Conditions,hist_hrtdis,pht001121,phv00087129
MESA,phs000209,Condition,Conditions,hist_hrtfail,pht001121,phv00087140
MESA,phs000209,Condition,Conditions,hist_hrtfail,pht001123,phv00087870
MESA,phs000209,Condition,Conditions,hist_my_inf,pht001123,phv00087853
MESA,phs000209,Condition,Conditions,hist_my_inf,pht001121,phv00087142
MESA,phs000209,MeasurementObservation,Continuous variables,hrtrt,pht001111,phv00082700
MESA,phs000209,MeasurementObservation,Continuous variables,hrtrt,pht001111,phv00083401
MESA,phs000209,MeasurementObservation,Continuous variables,hrtrt,pht001111,phv00083405
MESA,phs000209,MeasurementObservation,Continuous variables,hrtrt,pht001111,phv00083408
MESA,phs000209,MeasurementObservation,Continuous variables,hrtrt,pht001111,phv00083412
MESA,phs000209,MeasurementObservation,Continuous variables,hrtrt,pht001116,phv00085482
MESA,phs000209,MeasurementObservation,Continuous variables,hrtrt,pht001116,phv00084546
MESA,phs000209,MeasurementObservation,Continuous variables,hrtrt,pht001118,phv00086227
MESA,phs000209,MeasurementObservation,Continuous variables,hrtrt,pht001118,phv00086239
MESA,phs000209,MeasurementObservation,Continuous variables,hrtrt,pht001118,phv00086240
MESA,phs000209,MeasurementObservation,Continuous variables,hrtrt,pht001118,phv00086241
MESA,phs000209,MeasurementObservation,Continuous variables,hrtrt,pht001119,phv00086710
MESA,phs000209,MeasurementObservation,Continuous variables,hrtrt,pht001119,phv00086723
MESA,phs000209,MeasurementObservation,Continuous variables,hrtrt,pht001119,phv00086724
MESA,phs000209,MeasurementObservation,Continuous variables,hrtrt,pht001119,phv00086725
MESA,phs000209,MeasurementObservation,Continuous variables,hrtrt,pht001120,phv00087032
MESA,phs000209,MeasurementObservation,Continuous variables,hrtrt,pht001120,phv00087045
MESA,phs000209,MeasurementObservation,Continuous variables,hrtrt,pht001120,phv00087046
MESA,phs000209,MeasurementObservation,Continuous variables,hrtrt,pht001120,phv00087047
MESA,phs000209,MeasurementObservation,Continuous variables,hrtrt,pht002195,phv00159096
MESA,phs000209,MeasurementObservation,Continuous variables,hrtrt,pht003086,phv00174882
MESA,phs000209,MeasurementObservation,Continuous variables,hrtrt,pht003086,phv00174883
MESA,phs000209,MeasurementObservation,Continuous variables,hrtrt,pht003086,phv00175589
MESA,phs000209,MeasurementObservation,Continuous variables,hrtrt,pht003086,phv00175593
MESA,phs000209,MeasurementObservation,Continuous variables,hrtrt,pht003086,phv00175596
MESA,phs000209,MeasurementObservation,Continuous variables,hrtrt,pht003086,phv00175604
MESA,phs000209,MeasurementObservation,Continuous variables,hrtrt,pht003086,phv00175755
MESA,phs000209,MeasurementObservation,Continuous variables,hrtrt,pht003086,phv00175758
MESA,phs000209,MeasurementObservation,Continuous variables,hrtrt,pht003086,phv00175761
MESA,phs000209,MeasurementObservation,Continuous variables,hrtrt,pht003086,phv00175764
MESA,phs000209,MeasurementObservation,Continuous variables,hrtrt,pht003091,phv00176280
MESA,phs000209,MeasurementObservation,Continuous variables,hrtrt,pht003091,phv00176305
MESA,phs000209,MeasurementObservation,Continuous variables,hrtrt,pht003091,phv00176306
MESA,phs000209,MeasurementObservation,Continuous variables,hrtrt,pht003091,phv00177023
MESA,phs000209,MeasurementObservation,Continuous variables,hrtrt,pht003091,phv00177027
MESA,phs000209,MeasurementObservation,Continuous variables,hrtrt,pht003091,phv00177030
MESA,phs000209,MeasurementObservation,Continuous variables,hrtrt,pht003091,phv00177038
MESA,phs000209,MeasurementObservation,Continuous variables,hrtrt,pht003091,phv00177189
MESA,phs000209,MeasurementObservation,Continuous variables,hrtrt,pht003091,phv00177192
MESA,phs000209,MeasurementObservation,Continuous variables,hrtrt,pht003091,phv00177195
MESA,phs000209,MeasurementObservation,Continuous variables,hrtrt,pht003091,phv00177198
MESA,phs000209,Condition,Conditions,hyperten,pht001111,phv00082655
MESA,phs000209,Condition,Conditions,hyperten,pht001111,phv00082997
MESA,phs000209,Condition,Conditions,hyperten,pht001116,phv00084459
MESA,phs000209,Condition,Conditions,hyperten,pht001116,phv00085233
MESA,phs000209,Condition,Conditions,hyperten,pht001117,phv00085762
MESA,phs000209,Condition,Conditions,hyperten,pht001118,phv00085797
MESA,phs000209,Condition,Conditions,hyperten,pht001119,phv00086282
MESA,phs000209,Condition,Conditions,hyperten,pht001120,phv00086749
MESA,phs000209,Condition,Conditions,hyperten,pht001121,phv00087094
MESA,phs000209,Condition,Conditions,hyperten,pht001121,phv00087153
MESA,phs000209,Condition,Conditions,hyperten,pht003086,phv00174605
MESA,phs000209,Condition,Conditions,hyperten,pht003087,phv00175865
MESA,phs000209,Condition,Conditions,hyperten,pht003091,phv00176028
MESA,phs000209,Condition,Conditions,hyperten,pht003087,phv00175955
MESA,phs000209,MeasurementObservation,Continuous variables,icam,pht001111,phv00082963
MESA,phs000209,MeasurementObservation,Continuous variables,icam,pht001116,phv00085117
MESA,phs000209,MeasurementObservation,Continuous variables,icam,pht001120,phv00086821
MESA,phs000209,MeasurementObservation,Continuous variables,il10,pht002099,phv00142667
MESA,phs000209,MeasurementObservation,Continuous variables,il10,pht002105,phv00160519
MESA,phs000209,MeasurementObservation,Continuous variables,il6,pht001116,phv00085009
MESA,phs000209,MeasurementObservation,Continuous variables,il6,pht002105,phv00160518
MESA,phs000209,MeasurementObservation,Continuous variables,il6,pht002198,phv00160530
MESA,phs000209,MeasurementObservation,Continuous variables,il6,pht004326,phv00219027
MESA,phs000209,MeasurementObservation,Continuous variables,insulin_blood,pht001116,phv00160488
MESA,phs000209,MeasurementObservation,Continuous variables,insulin_blood,pht002198,phv00160542
MESA,phs000209,MeasurementObservation,Continuous variables,insulin_blood,pht003086,phv00175251
MESA,phs000209,MeasurementObservation,Continuous variables,insulin_blood,pht003091,phv00176674
MESA,phs000209,MeasurementObservation,Continuous variables,isoprostane_8_epi_pgf2a,pht001116,phv00085074
MESA,phs000209,MeasurementObservation,Continuous variables,ldl,pht001111,phv00082951
MESA,phs000209,MeasurementObservation,Continuous variables,ldl,pht001116,phv00084971
MESA,phs000209,MeasurementObservation,Continuous variables,ldl,pht001118,phv00085919
MESA,phs000209,MeasurementObservation,Continuous variables,ldl,pht001119,phv00086401
MESA,phs000209,MeasurementObservation,Continuous variables,ldl,pht001120,phv00086832
MESA,phs000209,MeasurementObservation,Continuous variables,ldl,pht001121,phv00087098
MESA,phs000209,MeasurementObservation,Continuous variables,ldl,pht003086,phv00175238
MESA,phs000209,MeasurementObservation,Continuous variables,ldl,pht003087,phv00175866
MESA,phs000209,MeasurementObservation,Continuous variables,ldl,pht003087,phv00175885
MESA,phs000209,MeasurementObservation,Continuous variables,ldl,pht003087,phv00175950
MESA,phs000209,MeasurementObservation,Continuous variables,ldl,pht003091,phv00176661
MESA,phs000209,MeasurementObservation,Continuous variables,lppla2_act,pht002512,phv00165052
MESA,phs000209,MeasurementObservation,Continuous variables,lppla2_mass,pht002512,phv00165050
MESA,phs000209,Condition,Conditions,lvh_ekg,pht001111,phv00082842
MESA,phs000209,Condition,Conditions,lvh_ekg,pht001116,phv00084552
MESA,phs000209,Condition,Conditions,lvh_ekg,pht001116,phv00174569
MESA,phs000209,Condition,Conditions,lvh_ekg,pht003086,phv00175080
MESA,phs000209,Condition,Conditions,lvh_ekg,pht003086,phv00175124
MESA,phs000209,Condition,Conditions,lvh_ekg,pht003086,phv00218150
MESA,phs000209,Condition,Conditions,lvh_ekg,pht003091,phv00176503
MESA,phs000209,Condition,Conditions,lvh_ekg,pht003091,phv00176547
MESA,phs000209,MeasurementObservation,Continuous variables,lympho_ct,pht004319,phv00218998
MESA,phs000209,MeasurementObservation,Continuous variables,mch,pht004319,phv00218994
MESA,phs000209,MeasurementObservation,Continuous variables,mchc,pht004319,phv00218995
MESA,phs000209,MeasurementObservation,Continuous variables,mcv,pht004319,phv00218996
MESA,phs000209,MeasurementObservation,Continuous variables,mmp9,pht001116,phv00085027
MESA,phs000209,MeasurementObservation,Continuous variables,mn_art_pres,pht001116,phv00085705
MESA,phs000209,MeasurementObservation,Continuous variables,mn_art_pres,pht001116,phv00085710
MESA,phs000209,MeasurementObservation,Continuous variables,monocyte_ncnc_bld,pht001984,phv00128706
MESA,phs000209,MeasurementObservation,Continuous variables,monocyte_ncnc_bld,pht004319,phv00219000
MESA,phs000209,MeasurementObservation,Continuous variables,neutro_ct,pht004319,phv00218999
MESA,phs000209,MeasurementObservation,Continuous variables,nt_bnp,pht002140,phv00156621
MESA,phs000209,MeasurementObservation,Continuous variables,nt_bnp,pht002140,phv00156622
MESA,phs000209,Condition,Conditions,obesity,pht001111,phv00082692
MESA,phs000209,Condition,Conditions,obesity,pht001116,phv00084491
MESA,phs000209,Condition,Conditions,obesity,pht001118,phv00085804
MESA,phs000209,Condition,Conditions,obesity,pht001119,phv00086303
MESA,phs000209,Condition,Conditions,obesity,pht001120,phv00086756
MESA,phs000209,Condition,Conditions,obesity,pht001121,phv00087081
MESA,phs000209,Condition,Conditions,obesity,pht003086,phv00174645
MESA,phs000209,Condition,Conditions,obesity,pht003091,phv00176068
MESA,phs000209,MeasurementObservation,Continuous variables,pacem_stat,pht001111,phv00082702
MESA,phs000209,MeasurementObservation,Continuous variables,pacem_stat,pht001121,phv00087149
MESA,phs000209,MeasurementObservation,Continuous variables,pacem_stat,pht003086,phv00174642
MESA,phs000209,MeasurementObservation,Continuous variables,pacem_stat,pht003091,phv00176065
MESA,phs000209,Condition,Conditions,pad,pht001123,phv00087873
MESA,phs000209,Condition,Conditions,pad,pht001123,phv00087852
MESA,phs000209,MeasurementObservation,Continuous variables,platelet_ct,pht001984,phv00128760
MESA,phs000209,MeasurementObservation,Continuous variables,platelet_ct,pht004319,phv00218991
MESA,phs000209,MeasurementObservation,Continuous variables,potassium,pht001120,phv00191191
MESA,phs000209,MeasurementObservation,Continuous variables,potassium,pht003089,phv00175982
MESA,phs000209,MeasurementObservation,Continuous variables,pr_ekg,pht001111,phv00082714
MESA,phs000209,MeasurementObservation,Continuous variables,pr_ekg,pht001116,phv00084566
MESA,phs000209,MeasurementObservation,Continuous variables,pr_ekg,pht003086,phv00174884
MESA,phs000209,MeasurementObservation,Continuous variables,pr_ekg,pht003091,phv00176307
MESA,phs000209,MeasurementObservation,Continuous variables,qrs_ekg,pht001111,phv00082715
MESA,phs000209,MeasurementObservation,Continuous variables,qrs_ekg,pht001116,phv00084567
MESA,phs000209,MeasurementObservation,Continuous variables,qrs_ekg,pht003086,phv00174885
MESA,phs000209,MeasurementObservation,Continuous variables,qrs_ekg,pht003091,phv00176308
MESA,phs000209,MeasurementObservation,Continuous variables,qt_ekg,pht001111,phv00082716
MESA,phs000209,MeasurementObservation,Continuous variables,qt_ekg,pht001116,phv00084568
MESA,phs000209,MeasurementObservation,Continuous variables,qt_ekg,pht003086,phv00174886
MESA,phs000209,MeasurementObservation,Continuous variables,qt_ekg,pht003091,phv00176309
MESA,phs000209,MeasurementObservation,Continuous variables,rdbld_ct,pht001984,phv00128762
MESA,phs000209,MeasurementObservation,Continuous variables,rdbld_ct,pht004319,phv00218990
MESA,phs000209,MeasurementObservation,Continuous variables,sleep_duration_daily,pht001120,phv00087048
MESA,phs000209,Condition,Conditions,slp_ap,pht001111,phv00083431
MESA,phs000209,Condition,Conditions,slp_ap,pht001118,phv00086249
MESA,phs000209,Condition,Conditions,slp_ap,pht001120,phv00087066
MESA,phs000209,MeasurementObservation,Continuous variables,sodium_blood,pht003089,phv00175981
MESA,phs000209,MeasurementObservation,Continuous variables,sodium_intak,pht004317,phv00218866
MESA,phs000209,MeasurementObservation,Continuous variables,fvc,pht001112,phv00083474
MESA,phs000209,MeasurementObservation,Continuous variables,fev1,pht001112,phv00083475
MESA,phs000209,MeasurementObservation,Continuous variables,fev1_fvc,pht001112,phv00083482
MESA,phs000209,MeasurementObservation,Continuous variables,fvc,pht001114,phv00083709
MESA,phs000209,MeasurementObservation,Continuous variables,fev1,pht001114,phv00083710
MESA,phs000209,MeasurementObservation,Continuous variables,fev1_fvc,pht001114,phv00083717
MESA,phs000209,MeasurementObservation,Continuous variables,fvc,pht001122,phv00087700
MESA,phs000209,MeasurementObservation,Continuous variables,fev1,pht001122,phv00087701
MESA,phs000209,MeasurementObservation,Continuous variables,fev1_fvc,pht001122,phv00087708
MESA,phs000209,Condition,Conditions,stroke,pht001117,phv00085760
MESA,phs000209,Condition,Conditions,stroke,pht001121,phv00087144
MESA,phs000209,Condition,Conditions,stroke,pht001121,phv00087145
MESA,phs000209,Condition,Conditions,stroke,pht001123,phv00087876
MESA,phs000209,Condition,Conditions,stroke,pht001123,phv00087879
MESA,phs000209,DrugExposure,Drug Exposures,tak_betablk,pht001111,phv00083099
MESA,phs000209,DrugExposure,Drug Exposures,tak_betablk,pht001111,phv00083100
MESA,phs000209,DrugExposure,Drug Exposures,tak_betablk,pht001116,phv00085344
MESA,phs000209,DrugExposure,Drug Exposures,tak_betablk,pht001116,phv00085345
MESA,phs000209,DrugExposure,Drug Exposures,tak_betablk,pht001118,phv00086004
MESA,phs000209,DrugExposure,Drug Exposures,tak_betablk,pht001118,phv00086005
MESA,phs000209,DrugExposure,Drug Exposures,tak_betablk,pht001119,phv00086486
MESA,phs000209,DrugExposure,Drug Exposures,tak_betablk,pht001119,phv00086487
MESA,phs000209,DrugExposure,Drug Exposures,tak_betablk,pht001120,phv00086923
MESA,phs000209,DrugExposure,Drug Exposures,tak_betablk,pht001120,phv00086924
MESA,phs000209,DrugExposure,Drug Exposures,tak_betablk,pht001121,phv00087320
MESA,phs000209,DrugExposure,Drug Exposures,tak_betablk,pht001121,phv00087321
MESA,phs000209,DrugExposure,Drug Exposures,tak_betablk,pht003086,phv00175345
MESA,phs000209,DrugExposure,Drug Exposures,tak_betablk,pht003086,phv00175346
MESA,phs000209,DrugExposure,Drug Exposures,tak_betablk,pht003091,phv00176768
MESA,phs000209,DrugExposure,Drug Exposures,tak_betablk,pht003091,phv00176769
MESA,phs000209,DrugExposure,Drug Exposures,tak_cort_steroid_oral,pht001111,phv00083136
MESA,phs000209,DrugExposure,Drug Exposures,tak_cort_steroid_oral,pht001116,phv00085381
MESA,phs000209,DrugExposure,Drug Exposures,tak_cort_steroid_oral,pht001118,phv00086059
MESA,phs000209,DrugExposure,Drug Exposures,tak_cort_steroid_oral,pht001119,phv00086541
MESA,phs000209,DrugExposure,Drug Exposures,tak_cort_steroid_oral,pht001120,phv00086978
MESA,phs000209,DrugExposure,Drug Exposures,tak_cort_steroid_oral,pht001121,phv00087356
MESA,phs000209,DrugExposure,Drug Exposures,tak_cort_steroid_oral,pht003086,phv00175383
MESA,phs000209,DrugExposure,Drug Exposures,tak_cort_steroid_oral,pht003091,phv00176806
MESA,phs000209,DrugExposure,Drug Exposures,taking_non_statin_medication,pht001111,phv00083097
MESA,phs000209,DrugExposure,Drug Exposures,taking_non_statin_medication,pht001111,phv00083114
MESA,phs000209,DrugExposure,Drug Exposures,taking_non_statin_medication,pht001111,phv00083128
MESA,phs000209,DrugExposure,Drug Exposures,taking_non_statin_medication,pht001116,phv00085342
MESA,phs000209,DrugExposure,Drug Exposures,taking_non_statin_medication,pht001116,phv00085359
MESA,phs000209,DrugExposure,Drug Exposures,taking_non_statin_medication,pht001116,phv00085373
MESA,phs000209,DrugExposure,Drug Exposures,taking_non_statin_medication,pht001118,phv00086028
MESA,phs000209,DrugExposure,Drug Exposures,taking_non_statin_medication,pht001118,phv00086041
MESA,phs000209,DrugExposure,Drug Exposures,taking_non_statin_medication,pht001118,phv00086052
MESA,phs000209,DrugExposure,Drug Exposures,taking_non_statin_medication,pht001119,phv00086510
MESA,phs000209,DrugExposure,Drug Exposures,taking_non_statin_medication,pht001119,phv00086523
MESA,phs000209,DrugExposure,Drug Exposures,taking_non_statin_medication,pht001119,phv00086534
MESA,phs000209,DrugExposure,Drug Exposures,taking_non_statin_medication,pht001120,phv00086947
MESA,phs000209,DrugExposure,Drug Exposures,taking_non_statin_medication,pht001120,phv00086960
MESA,phs000209,DrugExposure,Drug Exposures,taking_non_statin_medication,pht001120,phv00086971
MESA,phs000209,DrugExposure,Drug Exposures,taking_non_statin_medication,pht001121,phv00087318
MESA,phs000209,DrugExposure,Drug Exposures,taking_non_statin_medication,pht001121,phv00087335
MESA,phs000209,DrugExposure,Drug Exposures,taking_non_statin_medication,pht001121,phv00087349
MESA,phs000209,DrugExposure,Drug Exposures,taking_non_statin_medication,pht003086,phv00175343
MESA,phs000209,DrugExposure,Drug Exposures,taking_non_statin_medication,pht003086,phv00175360
MESA,phs000209,DrugExposure,Drug Exposures,taking_non_statin_medication,pht003086,phv00175375
MESA,phs000209,DrugExposure,Drug Exposures,taking_non_statin_medication,pht003091,phv00176766
MESA,phs000209,DrugExposure,Drug Exposures,taking_non_statin_medication,pht003091,phv00176783
MESA,phs000209,DrugExposure,Drug Exposures,taking_non_statin_medication,pht003091,phv00176798
MESA,phs000209,MeasurementObservation,Continuous variables,tnfa,pht002105,phv00160520
MESA,phs000209,MeasurementObservation,Continuous variables,tnfa,pht002198,phv00160540
MESA,phs000209,MeasurementObservation,Continuous variables,tnfa,pht002198,phv00160541
MESA,phs000209,MeasurementObservation,Continuous variables,tnfa,pht004326,phv00219028
MESA,phs000209,MeasurementObservation,Continuous variables,tnfa_r1,pht001116,phv00085029
MESA,phs000209,MeasurementObservation,Continuous variables,tot_chol_bld,pht001111,phv00082956
MESA,phs000209,MeasurementObservation,Continuous variables,tot_chol_bld,pht001116,phv00084974
MESA,phs000209,MeasurementObservation,Continuous variables,tot_chol_bld,pht001118,phv00085921
MESA,phs000209,MeasurementObservation,Continuous variables,tot_chol_bld,pht001119,phv00086404
MESA,phs000209,MeasurementObservation,Continuous variables,tot_chol_bld,pht001120,phv00086836
MESA,phs000209,MeasurementObservation,Continuous variables,tot_chol_bld,pht001121,phv00087100
MESA,phs000209,MeasurementObservation,Continuous variables,tot_chol_bld,pht003086,phv00175242
MESA,phs000209,MeasurementObservation,Continuous variables,tot_chol_bld,pht003087,phv00175867
MESA,phs000209,MeasurementObservation,Continuous variables,tot_chol_bld,pht003091,phv00176665
MESA,phs000209,MeasurementObservation,Continuous variables,triglyc_bld,pht001111,phv00082950
MESA,phs000209,MeasurementObservation,Continuous variables,triglyc_bld,pht001116,phv00084968
MESA,phs000209,MeasurementObservation,Continuous variables,triglyc_bld,pht001118,phv00085918
MESA,phs000209,MeasurementObservation,Continuous variables,triglyc_bld,pht001119,phv00086400
MESA,phs000209,MeasurementObservation,Continuous variables,triglyc_bld,pht001120,phv00086831
MESA,phs000209,MeasurementObservation,Continuous variables,triglyc_bld,pht001121,phv00087101
MESA,phs000209,MeasurementObservation,Continuous variables,triglyc_bld,pht003086,phv00175237
MESA,phs000209,MeasurementObservation,Continuous variables,triglyc_bld,pht003091,phv00176660
MESA,phs000209,Condition,Conditions,valv_hrtdis,pht001121,phv00087129
MESA,phs000209,MeasurementObservation,Continuous variables,vege_serving,pht004317,phv00218787
MESA,phs000209,MeasurementObservation,Continuous variables,vege_serving,pht004317,phv00218788
MESA,phs000209,MeasurementObservation,Continuous variables,vege_serving,pht004317,phv00218789
MESA,phs000209,MeasurementObservation,Continuous variables,vege_serving,pht004317,phv00218790
MESA,phs000209,MeasurementObservation,Continuous variables,vege_serving,pht004317,phv00218791
MESA,phs000209,MeasurementObservation,Continuous variables,vege_serving,pht004317,phv00218792
MESA,phs000209,MeasurementObservation,Continuous variables,vege_serving,pht004317,phv00218793
MESA,phs000209,Condition,Conditions,ven_thromb,pht001111,phv00082986
MESA,phs000209,Condition,Conditions,ven_thromb,pht001116,phv00085222
MESA,phs000209,Condition,Conditions,ven_thromb,pht001121,phv00087130
MESA,phs000209,MeasurementObservation,Continuous variables,waist_circ,pht001111,phv00082687
MESA,phs000209,MeasurementObservation,Continuous variables,waist_circ,pht001116,phv00084486
MESA,phs000209,MeasurementObservation,Continuous variables,waist_circ,pht001118,phv00085801
MESA,phs000209,MeasurementObservation,Continuous variables,waist_circ,pht001119,phv00086301
MESA,phs000209,MeasurementObservation,Continuous variables,waist_circ,pht001120,phv00086754
MESA,phs000209,MeasurementObservation,Continuous variables,waist_circ,pht003086,phv00174634
MESA,phs000209,MeasurementObservation,Continuous variables,waist_circ,pht003091,phv00176057
MESA,phs000209,MeasurementObservation,Continuous variables,waist_hip,pht001111,phv00082687
MESA,phs000209,MeasurementObservation,Continuous variables,waist_hip,pht001111,phv00082688
MESA,phs000209,MeasurementObservation,Continuous variables,waist_hip,pht001116,phv00084486
MESA,phs000209,MeasurementObservation,Continuous variables,waist_hip,pht001116,phv00084489
MESA,phs000209,MeasurementObservation,Continuous variables,waist_hip,pht001118,phv00085801
MESA,phs000209,MeasurementObservation,Continuous variables,waist_hip,pht001118,phv00085802
MESA,phs000209,MeasurementObservation,Continuous variables,waist_hip,pht001119,phv00086300
MESA,phs000209,MeasurementObservation,Continuous variables,waist_hip,pht001119,phv00086301
MESA,phs000209,MeasurementObservation,Continuous variables,waist_hip,pht001120,phv00086753
MESA,phs000209,MeasurementObservation,Continuous variables,waist_hip,pht001120,phv00086754
MESA,phs000209,MeasurementObservation,Continuous variables,waist_hip,pht001121,phv00087518
MESA,phs000209,MeasurementObservation,Continuous variables,waist_hip,pht001121,phv00087519
MESA,phs000209,MeasurementObservation,Continuous variables,waist_hip,pht003086,phv00174634
MESA,phs000209,MeasurementObservation,Continuous variables,waist_hip,pht003086,phv00174635
MESA,phs000209,MeasurementObservation,Continuous variables,waist_hip,pht003091,phv00176057
MESA,phs000209,MeasurementObservation,Continuous variables,waist_hip,pht003091,phv00176058
MESA,phs000209,MeasurementObservation,Continuous variables,whtbld_ct,pht001984,phv00128764
MESA,phs000209,MeasurementObservation,Continuous variables,whtbld_ct,pht004319,phv00218997
MESA,phs000209,MeasurementObservation,Continuous variables,willeb_fac,pht001116,phv00085076
WHI,phs000200,Condition,Conditions,afib,pht000990,phv00077638
WHI,phs000200,Condition,Conditions,afib,pht000991,phv00077763
WHI,phs000200,Condition,Conditions,afib,pht000992,phv00077873
WHI,phs000200,Condition,Conditions,afib,pht000993,phv00078037
WHI,phs000200,Condition,Conditions,afib,pht000994,phv00078177
WHI,phs000200,Condition,Conditions,afib,pht000995,phv00078318
WHI,phs000200,Condition,Conditions,afib,pht000999,phv00078538
WHI,phs000200,Condition,Conditions,afib,pht002118,phv00154930
WHI,phs000200,Condition,Conditions,afib,pht003406,phv00193051
WHI,phs000200,Condition,Conditions,afib,pht003406,phv00193129
WHI,phs000200,Condition,Conditions,afib,pht003407,phv00193154
WHI,phs000200,Condition,Conditions,afib,pht003414,phv00193727
WHI,phs000200,Condition,Conditions,afib,pht006223,phv00283695
WHI,phs000200,MeasurementObservation,Continuous variables,alcohol_servings,pht001003,phv00078826
WHI,phs000200,MeasurementObservation,Continuous variables,alcohol_servings,pht002125,phv00156410
WHI,phs000200,Condition,Conditions,angina,pht000990,phv00077637
WHI,phs000200,Condition,Conditions,angina,pht000991,phv00077762
WHI,phs000200,Condition,Conditions,angina,pht000992,phv00077872
WHI,phs000200,Condition,Conditions,angina,pht000993,phv00078036
WHI,phs000200,Condition,Conditions,angina,pht000994,phv00078176
WHI,phs000200,Condition,Conditions,angina,pht000995,phv00078317
WHI,phs000200,Condition,Conditions,angina,pht000999,phv00078560
WHI,phs000200,Condition,Conditions,angina,pht003402,phv00192477
WHI,phs000200,Condition,Conditions,angina,pht003405,phv00192994
WHI,phs000200,Condition,Conditions,angina,pht003405,phv00193024
WHI,phs000200,Condition,Conditions,angina,pht003405,phv00193025
WHI,phs000200,Condition,Conditions,angina,pht003405,phv00193027
WHI,phs000200,Condition,Conditions,angina,pht003405,phv00193028
WHI,phs000200,Condition,Conditions,angina,pht003405,phv00193030
WHI,phs000200,Condition,Conditions,angina,pht003406,phv00193049
WHI,phs000200,Condition,Conditions,angina,pht003406,phv00193086
WHI,phs000200,Condition,Conditions,angina,pht003406,phv00193087
WHI,phs000200,Condition,Conditions,angina,pht003406,phv00193089
WHI,phs000200,Condition,Conditions,angina,pht003406,phv00193090
WHI,phs000200,Condition,Conditions,angina,pht003406,phv00193092
WHI,phs000200,Condition,Conditions,angina,pht003407,phv00193145
WHI,phs000200,Condition,Conditions,angina,pht006223,phv00283515
WHI,phs000200,Condition,Conditions,asthma,pht000990,phv00077634
WHI,phs000200,Condition,Conditions,asthma,pht000991,phv00077759
WHI,phs000200,Condition,Conditions,asthma,pht000992,phv00077869
WHI,phs000200,Condition,Conditions,asthma,pht000993,phv00078033
WHI,phs000200,Condition,Conditions,asthma,pht000994,phv00078173
WHI,phs000200,Condition,Conditions,asthma,pht000995,phv00078314
WHI,phs000200,Condition,Conditions,asthma,pht000999,phv00078512
WHI,phs000200,MeasurementObservation,Continuous variables,bdy_hgt,pht006217,phv00283311
WHI,phs000200,MeasurementObservation,Continuous variables,bdy_hgt,pht006223,phv00283539
WHI,phs000200,MeasurementObservation,Continuous variables,bdy_hgt,pht001019,phv00079858
WHI,phs000200,MeasurementObservation,Continuous variables,bdy_wgt,pht000995,phv00078235
WHI,phs000200,MeasurementObservation,Continuous variables,bdy_wgt,pht001014,phv00079558
WHI,phs000200,MeasurementObservation,Continuous variables,bdy_wgt,pht000991,phv00077673
WHI,phs000200,MeasurementObservation,Continuous variables,bdy_wgt,pht000992,phv00077799
WHI,phs000200,MeasurementObservation,Continuous variables,bdy_wgt,pht000994,phv00078111
WHI,phs000200,MeasurementObservation,Continuous variables,bdy_wgt,pht000993,phv00077909
WHI,phs000200,MeasurementObservation,Continuous variables,bdy_wgt,pht006215,phv00283190
WHI,phs000200,MeasurementObservation,Continuous variables,bdy_wgt,pht001019,phv00079859
WHI,phs000200,MeasurementObservationSet,Continuous variables,blood_pressure,pht006223,phv00283536
WHI,phs000200,MeasurementObservationSet,Continuous variables,blood_pressure,pht006223,phv00283537
WHI,phs000200,MeasurementObservationSet,Continuous variables,blood_pressure,pht001019,phv00079856
WHI,phs000200,MeasurementObservationSet,Continuous variables,blood_pressure,pht001019,phv00079857
WHI,phs000200,MeasurementObservationSet,Continuous variables,blood_pressure,pht001019,phv00079854
WHI,phs000200,MeasurementObservationSet,Continuous variables,blood_pressure,pht001019,phv00079855
WHI,phs000200,MeasurementObservationSet,Continuous variables,blood_pressure,pht006217,phv00283297
WHI,phs000200,MeasurementObservationSet,Continuous variables,blood_pressure,pht006217,phv00283298
WHI,phs000200,MeasurementObservationSet,Continuous variables,blood_pressure,pht006217,phv00283299
WHI,phs000200,MeasurementObservationSet,Continuous variables,blood_pressure,pht006217,phv00283300
WHI,phs000200,MeasurementObservation,Continuous variables,bmi,pht001019,phv00079867
WHI,phs000200,MeasurementObservation,Continuous variables,bmi,pht006217,phv00283344
WHI,phs000200,MeasurementObservation,Continuous variables,bnp,pht006223,phv00283648
WHI,phs000200,MeasurementObservation,Continuous variables,bnp,pht006223,phv00283646
WHI,phs000200,MeasurementObservation,Continuous variables,bnp,pht006223,phv00283647
WHI,phs000200,MeasurementObservation,Continuous variables,bun,pht006223,phv00283660
WHI,phs000200,Condition,Conditions,carotid_plaque,pht003407,phv00193160
WHI,phs000200,Condition,Conditions,carotid_plaque,pht003414,phv00193715
WHI,phs000200,Condition,Conditions,carotid_plaque,pht003414,phv00193717
WHI,phs000200,Condition,Conditions,carotid_plaque,pht006223,phv00283698
WHI,phs000200,Condition,Conditions,chr_bronchitis,pht000990,phv00077635
WHI,phs000200,Condition,Conditions,chr_bronchitis,pht000991,phv00077760
WHI,phs000200,Condition,Conditions,chr_bronchitis,pht000992,phv00077870
WHI,phs000200,Condition,Conditions,chr_bronchitis,pht000993,phv00078034
WHI,phs000200,Condition,Conditions,chr_bronchitis,pht000994,phv00078174
WHI,phs000200,Condition,Conditions,chr_bronchitis,pht000995,phv00078315
WHI,phs000200,Condition,Conditions,chr_bronchitis,pht000999,phv00078513
WHI,phs000200,Observation,Continuous variables,cig_smok,pht001003,phv00078825
WHI,phs000200,Condition,Conditions,copd,pht003413,phv00193631
WHI,phs000200,Condition,Conditions,copd,pht003414,phv00193741
WHI,phs000200,Condition,Conditions,copd,pht006223,phv00283510
WHI,phs000200,MeasurementObservation,Continuous variables,creat_bld,pht006223,phv00283659
WHI,phs000200,Condition,Conditions,diabetes,pht000998,phv00078464
WHI,phs000200,Condition,Conditions,diabetes,pht000998,phv00078471
WHI,phs000200,Condition,Conditions,diabetes,pht001514,phv00111545
WHI,phs000200,Condition,Conditions,diabetes,pht006223,phv00283531
WHI,phs000200,SdohObservation,SdohObservations,edu_lvl,pht000997,phv00078387
WHI,phs000200,MeasurementObservation,Continuous variables,factor_7,pht000987,phv00077382
WHI,phs000200,MeasurementObservation,Continuous variables,factor_7,pht000987,phv00077381
WHI,phs000200,SdohObservation,SdohObservations,fam_income,pht000990,phv00077579
WHI,phs000200,SdohObservation,SdohObservations,fam_income,pht000993,phv00078072
WHI,phs000200,SdohObservation,SdohObservations,fam_income,pht000997,phv00078409
WHI,phs000200,Condition,Conditions,fam_stroke,pht001001,phv00078697
WHI,phs000200,MeasurementObservation,Continuous variables,fibrin,pht000987,phv00077383
WHI,phs000200,MeasurementObservation,Continuous variables,fruit_serving,pht001517,phv00111870
WHI,phs000200,MeasurementObservation,Continuous variables,fruit_serving,pht002125,phv00156402
WHI,phs000200,MeasurementObservation,Continuous variables,fruit_serving,pht006218,phv00283389
WHI,phs000200,MeasurementObservation,Continuous variables,glucose_bld,pht000987,phv00077384
WHI,phs000200,MeasurementObservation,Continuous variables,hdl,pht000987,phv00077388
WHI,phs000200,MeasurementObservation,Continuous variables,hemat,pht000986,phv00077365
WHI,phs000200,MeasurementObservation,Continuous variables,hemat,pht006223,phv00283662
WHI,phs000200,MeasurementObservation,Continuous variables,hemo,pht000986,phv00077366
WHI,phs000200,MeasurementObservation,Continuous variables,hemo,pht006223,phv00283661
WHI,phs000200,MeasurementObservation,Continuous variables,hip_circ,pht001019,phv00079861
WHI,phs000200,Procedure,Procedures,hist_cor_bypg,pht000999,phv00078535
WHI,phs000200,Procedure,Procedures,hist_cor_bypg,pht003407,phv00193157
WHI,phs000200,Procedure,Procedures,hist_cor_bypg,pht006223,phv00283623
WHI,phs000200,Condition,Conditions,hist_cvd,pht000999,phv00078531
WHI,phs000200,Condition,Conditions,hist_cvd,pht006223,phv00283512
WHI,phs000200,Condition,Conditions,hist_cvd,pht006223,phv00283524
WHI,phs000200,Condition,Conditions,hist_cvd,pht006223,phv00283525
WHI,phs000200,Condition,Conditions,hist_cvd,pht006223,phv00283529
WHI,phs000200,Condition,Conditions,hist_cvd,pht006223,phv00283530
WHI,phs000200,Condition,Conditions,hist_hrtdis,pht006223,phv00283530
WHI,phs000200,Condition,Conditions,hist_hrtfail,pht000990,phv00077636
WHI,phs000200,Condition,Conditions,hist_hrtfail,pht000991,phv00077761
WHI,phs000200,Condition,Conditions,hist_hrtfail,pht000992,phv00077871
WHI,phs000200,Condition,Conditions,hist_hrtfail,pht000993,phv00078035
WHI,phs000200,Condition,Conditions,hist_hrtfail,pht000994,phv00078175
WHI,phs000200,Condition,Conditions,hist_hrtfail,pht000995,phv00078316
WHI,phs000200,Condition,Conditions,hist_hrtfail,pht000998,phv00078486
WHI,phs000200,Condition,Conditions,hist_hrtfail,pht000999,phv00078533
WHI,phs000200,Condition,Conditions,hist_hrtfail,pht002769,phv00202363
WHI,phs000200,Condition,Conditions,hist_hrtfail,pht002770,phv00202375
WHI,phs000200,Condition,Conditions,hist_hrtfail,pht003414,phv00193703
WHI,phs000200,Condition,Conditions,hist_hrtfail,pht006223,phv00283463
WHI,phs000200,Condition,Conditions,hist_hrtfail,pht006223,phv00283495
WHI,phs000200,Condition,Conditions,hist_my_inf,pht000998,phv00078482
WHI,phs000200,Condition,Conditions,hist_my_inf,pht003407,phv00193169
WHI,phs000200,Condition,Conditions,hist_my_inf,pht006223,phv00283527
WHI,phs000200,MeasurementObservation,Continuous variables,hrtrt,pht006223,phv00283538
WHI,phs000200,MeasurementObservation,Continuous variables,hrtrt,pht002118,phv00155154
WHI,phs000200,Condition,Conditions,hyperten,pht000999,phv00078556
WHI,phs000200,Condition,Conditions,hyperten,pht006223,phv00283528
WHI,phs000200,Condition,Conditions,hyperten,pht000999,phv00078602
WHI,phs000200,Condition,Conditions,hyperten,pht006223,phv00283526
WHI,phs000200,Condition,Conditions,hyperten,pht006223,phv00283592
WHI,phs000200,MeasurementObservation,Continuous variables,insulin_blood,pht000987,phv00077389
WHI,phs000200,MeasurementObservation,Continuous variables,ldl,pht000987,phv00077391
WHI,phs000200,Condition,Conditions,lvh_ekg,pht002118,phv00155172
WHI,phs000200,Condition,Conditions,lvh_ekg,pht006223,phv00283580
WHI,phs000200,MeasurementObservation,Continuous variables,nt_bnp,pht006223,phv00283651
WHI,phs000200,MeasurementObservation,Continuous variables,nt_bnp,pht006223,phv00283649
WHI,phs000200,MeasurementObservation,Continuous variables,nt_bnp,pht006223,phv00283650
WHI,phs000200,Condition,Conditions,pad,pht000999,phv00078562
WHI,phs000200,Condition,Conditions,pad,pht003402,phv00192510
WHI,phs000200,Condition,Conditions,pad,pht003405,phv00192999
WHI,phs000200,Condition,Conditions,pad,pht003405,phv00193037
WHI,phs000200,Condition,Conditions,pad,pht003406,phv00193057
WHI,phs000200,Condition,Conditions,pad,pht003406,phv00193101
WHI,phs000200,Condition,Conditions,pad,pht003407,phv00193190
WHI,phs000200,Condition,Conditions,pad,pht003414,phv00193719
WHI,phs000200,Condition,Conditions,pad,pht003414,phv00193721
WHI,phs000200,Condition,Conditions,pad,pht006223,phv00283704
WHI,phs000200,MeasurementObservation,Continuous variables,platelet_ct,pht000986,phv00077367
WHI,phs000200,MeasurementObservation,Continuous variables,pr_ekg,pht002118,phv00155286
WHI,phs000200,MeasurementObservation,Continuous variables,qrs_ekg,pht002118,phv00155364
WHI,phs000200,MeasurementObservation,Continuous variables,qt_ekg,pht002118,phv00155366
WHI,phs000200,MeasurementObservation,Continuous variables,sleep_duration_daily,pht000990,phv00077490
WHI,phs000200,MeasurementObservation,Continuous variables,sleep_duration_daily,pht006214,phv00283093
WHI,phs000200,MeasurementObservation,Continuous variables,sleep_duration_daily,pht000993,phv00077943
WHI,phs000200,MeasurementObservation,Continuous variables,sleep_duration_daily,pht001010,phv00079391
WHI,phs000200,MeasurementObservation,Continuous variables,sleep_duration_daily,pht001006,phv00079193
WHI,phs000200,MeasurementObservation,Continuous variables,sleep_duration_daily,pht001005,phv00079041
WHI,phs000200,Condition,Conditions,slp_ap,pht006223,phv00283514
WHI,phs000200,MeasurementObservation,Continuous variables,sodium_blood,pht006223,phv00283658
WHI,phs000200,MeasurementObservation,Continuous variables,sodium_intak,pht002125,phv00156452
WHI,phs000200,Condition,Conditions,stroke,pht000998,phv00078478
WHI,phs000200,Condition,Conditions,stroke,pht000998,phv00078480
WHI,phs000200,Condition,Conditions,stroke,pht003402,phv00192504
WHI,phs000200,Condition,Conditions,stroke,pht003402,phv00192522
WHI,phs000200,Condition,Conditions,stroke,pht003402,phv00192525
WHI,phs000200,Condition,Conditions,stroke,pht003402,phv00192507
WHI,phs000200,Condition,Conditions,stroke,pht003406,phv00193140
WHI,phs000200,Condition,Conditions,stroke,pht003407,phv00193205
WHI,phs000200,Condition,Conditions,stroke,pht003407,phv00193184
WHI,phs000200,Condition,Conditions,stroke,pht003407,phv00193187
WHI,phs000200,Condition,Conditions,stroke,pht003407,phv00193202
WHI,phs000200,Condition,Conditions,stroke,pht003414,phv00193735
WHI,phs000200,Condition,Conditions,stroke,pht003414,phv00193737
WHI,phs000200,Condition,Conditions,stroke,pht003415,phv00193806
WHI,phs000200,Condition,Conditions,stroke,pht003415,phv00193811
WHI,phs000200,Condition,Conditions,stroke,pht003415,phv00193801
WHI,phs000200,Condition,Conditions,stroke,pht003415,phv00193802
WHI,phs000200,Condition,Conditions,stroke,pht003415,phv00193803
WHI,phs000200,Condition,Conditions,stroke,pht003415,phv00193804
WHI,phs000200,Condition,Conditions,stroke,pht003416,phv00193822
WHI,phs000200,Condition,Conditions,stroke,pht003416,phv00193823
WHI,phs000200,Condition,Conditions,stroke,pht003416,phv00193824
WHI,phs000200,Condition,Conditions,stroke,pht003416,phv00193825
WHI,phs000200,Condition,Conditions,stroke,pht006223,phv00283533
WHI,phs000200,Condition,Conditions,stroke,pht006223,phv00283705
WHI,phs000200,MeasurementObservation,Continuous variables,tot_chol_bld,pht000987,phv00077396
WHI,phs000200,MeasurementObservation,Continuous variables,triglyc_bld,pht000987,phv00077397
WHI,phs000200,MeasurementObservation,Continuous variables,troponin,pht006223,phv00283653
WHI,phs000200,MeasurementObservation,Continuous variables,vege_serving,pht001517,phv00111871
WHI,phs000200,MeasurementObservation,Continuous variables,vege_serving,pht006218,phv00283395
WHI,phs000200,Condition,Conditions,ven_thromb,pht000998,phv00078472
WHI,phs000200,Condition,Conditions,ven_thromb,pht000998,phv00078473
WHI,phs000200,Condition,Conditions,ven_thromb,pht000998,phv00078475
WHI,phs000200,Condition,Conditions,ven_thromb,pht000998,phv00078476
WHI,phs000200,Condition,Conditions,ven_thromb,pht002769,phv00170567
WHI,phs000200,Condition,Conditions,ven_thromb,pht002769,phv00170569
WHI,phs000200,Condition,Conditions,ven_thromb,pht002770,phv00170649
WHI,phs000200,Condition,Conditions,ven_thromb,pht002770,phv00170651
WHI,phs000200,Condition,Conditions,ven_thromb,pht003402,phv00192501
WHI,phs000200,Condition,Conditions,ven_thromb,pht003407,phv00193178
WHI,phs000200,Condition,Conditions,ven_thromb,pht003410,phv00193554
WHI,phs000200,Condition,Conditions,ven_thromb,pht003410,phv00193555
WHI,phs000200,Condition,Conditions,ven_thromb,pht003410,phv00193557
WHI,phs000200,Condition,Conditions,ven_thromb,pht003410,phv00193558
WHI,phs000200,Condition,Conditions,ven_thromb,pht003410,phv00193559
WHI,phs000200,Condition,Conditions,ven_thromb,pht003410,phv00193560
WHI,phs000200,Condition,Conditions,ven_thromb,pht003410,phv00193561
WHI,phs000200,Condition,Conditions,ven_thromb,pht003410,phv00193565
WHI,phs000200,Condition,Conditions,ven_thromb,pht003410,phv00193566
WHI,phs000200,Condition,Conditions,ven_thromb,pht003410,phv00193567
WHI,phs000200,Condition,Conditions,ven_thromb,pht003410,phv00193568
WHI,phs000200,Condition,Conditions,ven_thromb,pht003410,phv00193569
WHI,phs000200,Condition,Conditions,ven_thromb,pht003414,phv00202394
WHI,phs000200,Condition,Conditions,ven_thromb,pht003414,phv00193691
WHI,phs000200,Condition,Conditions,ven_thromb,pht003414,phv00193693
WHI,phs000200,Condition,Conditions,ven_thromb,pht003414,phv00193695
WHI,phs000200,Condition,Conditions,ven_thromb,pht003414,phv00193697
WHI,phs000200,Condition,Conditions,ven_thromb,pht006223,phv00283512
WHI,phs000200,Condition,Conditions,ven_thromb,pht006223,phv00283701
WHI,phs000200,Condition,Conditions,ven_thromb,pht006223,phv00283703
WHI,phs000200,MeasurementObservation,Continuous variables,waist_circ,pht006217,phv00283313
WHI,phs000200,MeasurementObservation,Continuous variables,waist_circ,pht001019,phv00079860
WHI,phs000200,MeasurementObservation,Continuous variables,waist_hip,pht001019,phv00079869
WHI,phs000200,MeasurementObservation,Continuous variables,whtbld_ct,pht000986,phv00077368
