phs,pht,phv,n,count_available
phs000007,pht000012,phv00001339,3710,True
phs000007,pht000013,phv00001725,2842,True
phs000007,pht000014,phv00001990,3135,True
phs000007,pht000015,phv00002170,3008,True
phs000007,pht000016,phv00002365,2747,True
phs000007,pht000017,phv00002605,2501,True
phs000007,pht000018,phv00002811,2230,True
phs000007,pht000018,phv00002916,2152,True
phs000007,pht000019,phv00003193,2015,True
phs000007,pht000020,phv00003608,1702,True
phs000007,pht000021,phv00004014,1420,True
phs000007,pht000022,phv00004438,1288,True
phs000007,pht000030,phv00007660,4977,True
phs000007,pht000031,phv00007901,3732,True
phs000007,pht000031,phv00008130,3651,True
phs000007,pht000032,phv00008646,3749,True
phs000007,pht000033,phv00009042,3889,True
phs000007,pht000074,phv00021037,4027,True
phs000007,pht000747,phv00072165,2961,True
phs000007,pht000747,phv00072166,2933,True
phs000007,pht006005,phv00273871,100,True
phs000007,pht006018,phv00276820,1084,True
phs000007,pht000012,phv00001534,3472,True
phs000007,pht000030,phv00007562,4735,True
phs000007,pht000030,phv00177930,15089,True
phs000007,pht000031,phv00008089,3594,True
phs000007,pht000031,phv00177932,12547,True
phs000007,pht002889,phv00172164,3731,True
phs000007,pht002889,phv00177932,12547,True
phs000007,pht004802,phv00177936,8603,True
phs000007,pht004802,phv00177946,6103,True
phs000007,pht004802,phv00227048,2508,True
phs000007,pht001045,phv00081013,1019,True
phs000007,pht001045,phv00177968,1301,True
phs000007,pht001045,phv00177970,1210,True
phs000007,pht006018,phv00276864,783,True
phs000007,pht000742,phv00071895,2822,True
phs000007,pht000742,phv00177944,6885,True
phs000007,pht000016,phv00002422,333,True
phs000007,pht000016,phv00177956,2750,True
phs000007,pht000031,phv00007968,3569,True
phs000007,pht000032,phv00008722,3329,True
phs000007,pht000032,phv00177934,11800,True
phs000007,pht000017,phv00002662,348,True
phs000007,pht000017,phv00177958,2511,True
phs000007,pht002889,phv00172161,3731,True
phs000007,pht002889,phv00227069,2504,True
phs000007,pht006011,phv00071895,2822,True
phs000007,pht006011,phv00177934,11800,True
phs000007,pht004802,phv00177944,6885,True
phs000007,pht004802,phv00227045,2504,True
phs000007,pht004802,phv00227069,2504,True
phs000007,pht004363,phv00177932,12547,True
phs000007,pht004363,phv00177942,7536,True
phs000007,pht004363,phv00219547,2783,True
phs000007,pht004363,phv00219549,2783,True
phs000007,pht000313,phv00036493,4016,True
phs000007,pht000313,phv00177930,15089,True
phs000007,pht000030,phv00008098,3569,True
phs000007,pht002889,phv00172166,3732,True
phs000007,pht002889,phv00172202,3732,True
phs000007,pht004802,phv00227050,2508,True
phs000007,pht004802,phv00227066,2508,True
phs000007,pht001045,phv00081020,1019,True
phs000007,pht000309,phv00036469,20247,True
phs000007,pht000309,phv00036471,20247,True
phs000007,pht000309,phv00177926,15089,True
phs000007,pht000309,phv00177930,15089,True
phs000007,pht000395,phv00056501,973,True
phs000007,pht000395,phv00056587,2992,True
phs000007,pht000395,phv00055553,905,True
phs000007,pht000397,phv00056723,858,True
phs000007,pht000397,phv00057941,627,True
phs000007,pht000030,phv00007567,4754,True
phs000007,pht000031,phv00008093,3572,True
phs000007,pht001045,phv00081021,1019,True
phs000007,pht002889,phv00172165,3732,True
phs000007,pht004802,phv00227049,2507,True
phs000007,pht000023,phv00004923,1207,True
phs000007,pht000009,phv00000484,5019,True
phs000007,pht000009,phv00000603,4640,True
phs000007,pht000009,phv00000701,4351,True
phs000007,pht000018,phv00002713,2231,True
phs000007,pht000019,phv00003013,2018,True
phs000007,pht000019,phv00003014,2019,True
phs000007,pht000019,phv00003015,2016,True
phs000007,pht000019,phv00003016,2017,True
phs000007,pht000020,phv00003399,1702,True
phs000007,pht000021,phv00003856,1427,True
phs000007,pht000021,phv00004065,1434,True
phs000007,pht000022,phv00004292,1297,True
phs000007,pht000022,phv00004293,1297,True
phs000007,pht000022,phv00004294,1293,True
phs000007,pht000022,phv00004295,1295,True
phs000007,pht000022,phv00004487,1290,True
phs000007,pht000023,phv00004694,1207,True
phs000007,pht000024,phv00005045,1056,True
phs000007,pht000024,phv00005285,1058,True
phs000007,pht000025,phv00005665,910,True
phs000007,pht000025,phv00005912,901,True
phs000007,pht000026,phv00006183,706,True
phs000007,pht000027,phv00006529,668,True
phs000007,pht000027,phv00006650,663,True
phs000007,pht000028,phv00006960,539,True
phs000007,pht000028,phv00007085,541,True
phs000007,pht000029,phv00007392,410,True
phs000007,pht000029,phv00007519,408,True
phs000007,pht000031,phv00007778,3739,True
phs000007,pht000032,phv00008468,3754,True
phs000007,pht000032,phv00008469,3753,True
phs000007,pht000032,phv00008470,3750,True
phs000007,pht000032,phv00008471,3742,True
phs000007,pht000032,phv00008701,3634,True
phs000007,pht000033,phv00008881,3885,True
phs000007,pht000033,phv00008882,3866,True
phs000007,pht000033,phv00008883,3857,True
phs000007,pht000033,phv00008884,3856,True
phs000007,pht000033,phv00009088,3864,True
phs000007,pht000034,phv00009292,3671,True
phs000007,pht000034,phv00009543,3669,True
phs000007,pht000035,phv00009799,3396,True
phs000007,pht000035,phv00010057,3387,True
phs000007,pht000036,phv00010270,3457,True
phs000007,pht000036,phv00010489,3462,True
phs000007,pht000036,phv00010661,3223,True
phs000007,pht000036,phv00010662,3177,True
phs000007,pht000074,phv00021205,4027,True
phs000007,pht000074,phv00021292,3995,True
phs000007,pht000074,phv00021293,3982,True
phs000007,pht000074,phv00021294,3985,True
phs000007,pht000107,phv00022715,3147,True
phs000007,pht000107,phv00022716,3074,True
phs000007,pht000395,phv00055304,973,True
phs000007,pht000395,phv00055305,973,True
phs000007,pht000397,phv00056803,790,True
phs000007,pht000397,phv00056804,81,True
phs000007,pht000692,phv00070545,301,True
phs000007,pht000747,phv00072313,2967,True
phs000007,pht000747,phv00072488,2914,True
phs000007,pht000747,phv00072489,2899,True
phs000007,pht000747,phv00072490,2897,True
phs000007,pht003094,phv00177516,3738,True
phs000007,pht003094,phv00177565,3707,True
phs000007,pht004814,phv00250838,387,True
phs000007,pht004814,phv00251049,388,True
phs000007,pht004814,phv00251235,372,True
phs000007,pht004814,phv00251236,375,True
phs000007,pht004815,phv00251510,284,True
phs000007,pht004815,phv00251703,277,True
phs000007,pht005140,phv00254260,2666,True
phs000007,pht005140,phv00254489,2606,True
phs000007,pht005141,phv00254754,213,True
phs000007,pht005142,phv00255145,135,True
phs000007,pht006005,phv00274028,100,True
phs000007,pht006005,phv00274119,101,True
phs000007,pht006005,phv00274120,100,True
phs000007,pht006005,phv00274121,100,True
phs000007,pht006007,phv00274870,87,True
phs000007,pht006008,phv00275228,36,True
phs000007,pht006018,phv00276870,1092,True
phs000007,pht000009,phv00000789,4213,True
phs000007,pht002889,phv00172197,2794,True
phs000007,pht004802,phv00227044,2493,True
phs000007,pht000009,phv00000680,4407,True
phs000007,pht000009,phv00177936,8603,True
phs000007,pht000009,phv00000539,5073,True
phs000007,pht000009,phv00177930,15089,True
phs000007,pht000009,phv00000744,4296,True
phs000007,pht000009,phv00177938,8169,True
phs000007,pht000012,phv00001367,2798,True
phs000007,pht000012,phv00177948,4936,True
phs000007,pht000013,phv00001564,1614,True
phs000007,pht000013,phv00177950,2852,True
phs000007,pht000014,phv00001808,3128,True
phs000007,pht000014,phv00177952,3138,True
phs000007,pht000015,phv00002023,3004,True
phs000007,pht000015,phv00177954,3011,True
phs000007,pht000016,phv00002207,2707,True
phs000007,pht000017,phv00002428,2421,True
phs000007,pht000018,phv00002671,2191,True
phs000007,pht000018,phv00177960,2236,True
phs000007,pht000019,phv00003245,1923,True
phs000007,pht000019,phv00177962,2064,True
phs000007,pht000020,phv00003303,1631,True
phs000007,pht000020,phv00177964,1723,True
phs000007,pht000021,phv00003669,1358,True
phs000007,pht000021,phv00177966,1440,True
phs000007,pht000022,phv00004085,1163,True
phs000007,pht000022,phv00177968,1301,True
phs000007,pht000023,phv00004527,1019,True
phs000007,pht000023,phv00177970,1210,True
phs000007,pht000024,phv00005542,863,True
phs000007,pht000024,phv00177976,713,True
phs000007,pht000025,phv00005922,747,True
phs000007,pht000025,phv00177974,913,True
phs000007,pht000026,phv00006034,566,True
phs000007,pht000026,phv00177976,713,True
phs000007,pht000027,phv00006329,490,True
phs000007,pht000027,phv00177978,671,True
phs000007,pht000028,phv00006673,325,True
phs000007,pht000028,phv00177980,542,True
phs000007,pht000029,phv00007101,213,True
phs000007,pht000029,phv00177982,411,True
phs000007,pht000030,phv00007570,4978,True
phs000007,pht000031,phv00007677,3743,True
phs000007,pht000031,phv00007679,3743,True
phs000007,pht000032,phv00008714,3710,True
phs000007,pht000033,phv00008763,3873,True
phs000007,pht000033,phv00177936,8603,True
phs000007,pht000034,phv00009553,3653,True
phs000007,pht000034,phv00177938,8169,True
phs000007,pht000035,phv00010109,3355,True
phs000007,pht000035,phv00177940,7541,True
phs000007,pht000036,phv00010499,3269,True
phs000007,pht000036,phv00177942,7536,True
phs000007,pht000074,phv00021231,4034,True
phs000007,pht000074,phv00177930,15089,True
phs000007,pht000395,phv00055258,933,True
phs000007,pht000397,phv00056840,786,True
phs000007,pht000692,phv00070555,300,True
phs000007,pht000692,phv00177984,302,True
phs000007,pht000747,phv00072337,2865,True
phs000007,pht000747,phv00177944,6885,True
phs000007,pht003094,phv00177539,3741,True
phs000007,pht003094,phv00177932,12547,True
phs000007,pht004814,phv00177932,12547,True
phs000007,pht004814,phv00251062,387,True
phs000007,pht004815,phv00177934,11800,True
phs000007,pht004815,phv00251535,285,True
phs000007,pht005140,phv00177936,8603,True
phs000007,pht005140,phv00177946,6103,True
phs000007,pht005140,phv00254284,2534,True
phs000007,pht005141,phv00226999,218,True
phs000007,pht005141,phv00254766,80,True
phs000007,pht005142,phv00227002,141,True
phs000007,pht005142,phv00255158,56,True
phs000007,pht006005,phv00177930,15089,True
phs000007,pht006005,phv00274053,101,True
phs000007,pht006007,phv00227005,91,True
phs000007,pht006007,phv00274883,30,True
phs000007,pht006007,phv00227008,40,True
phs000007,pht006007,phv00275241,18,True
phs000007,pht006026,phv00177930,15089,True
phs000007,pht006026,phv00277042,4539,True
phs000007,pht006026,phv00177932,12547,True
phs000007,pht006026,phv00277043,3741,True
phs000007,pht006026,phv00177934,11800,True
phs000007,pht006026,phv00520301,3453,True
phs000007,pht007777,phv00177930,15089,True
phs000007,pht007777,phv00369944,5069,True
phs000007,pht007777,phv00177936,8603,True
phs000007,pht007777,phv00369945,4403,True
phs000007,pht007777,phv00177938,8169,True
phs000007,pht007777,phv00369946,4296,True
phs000007,pht007777,phv00177948,4936,True
phs000007,pht007777,phv00369947,2783,True
phs000007,pht007777,phv00177950,2852,True
phs000007,pht007777,phv00369948,1607,True
phs000007,pht007777,phv00177952,3138,True
phs000007,pht007777,phv00369949,3125,True
phs000007,pht007777,phv00177954,3011,True
phs000007,pht007777,phv00369950,3001,True
phs000007,pht007777,phv00177956,2750,True
phs000007,pht007777,phv00369951,2706,True
phs000007,pht007777,phv00177958,2511,True
phs000007,pht007777,phv00369952,2415,True
phs000007,pht007777,phv00177960,2236,True
phs000007,pht007777,phv00369953,2190,True
phs000007,pht007777,phv00177962,2064,True
phs000007,pht007777,phv00369954,1914,True
phs000007,pht007777,phv00177964,1723,True
phs000007,pht007777,phv00369955,1604,True
phs000007,pht007777,phv00177966,1440,True
phs000007,pht007777,phv00369956,1354,True
phs000007,pht007777,phv00177968,1301,True
phs000007,pht007777,phv00369957,1164,True
phs000007,pht007777,phv00177970,1210,True
phs000007,pht007777,phv00369958,1017,True
phs000007,pht007777,phv00177972,1059,True
phs000007,pht007777,phv00369959,859,True
phs000007,pht007777,phv00177974,913,True
phs000007,pht007777,phv00369960,746,True
phs000007,pht007777,phv00177976,713,True
phs000007,pht007777,phv00369961,566,True
phs000007,pht007777,phv00177978,671,True
phs000007,pht007777,phv00369962,490,True
phs000007,pht007777,phv00177980,542,True
phs000007,pht007777,phv00369963,325,True
phs000007,pht007777,phv00177982,411,True
phs000007,pht007777,phv00369964,211,True
phs000007,pht007777,phv00177984,302,True
phs000007,pht007777,phv00369965,136,True
phs000007,pht007777,phv00226999,218,True
phs000007,pht007777,phv00369966,80,True
phs000007,pht007777,phv00227002,141,True
phs000007,pht007777,phv00369967,56,True
phs000007,pht007777,phv00227005,91,True
phs000007,pht007777,phv00369968,30,True
phs000007,pht007777,phv00227008,40,True
phs000007,pht007777,phv00369969,18,True
phs000007,pht009761,phv00177930,15089,True
phs000007,pht009761,phv00423918,5464,True
phs000007,pht009761,phv00177932,12547,True
phs000007,pht009761,phv00423919,4128,True
phs000007,pht009761,phv00177934,11800,True
phs000007,pht009761,phv00423920,3993,True
phs000007,pht009761,phv00177936,8603,True
phs000007,pht009761,phv00423921,4156,True
phs000007,pht000031,phv00007676,3744,True
phs000007,pht006026,phv00277055,4537,True
phs000007,pht006026,phv00277056,3744,True
phs000007,pht006026,phv00520310,3463,True
phs000007,pht007777,phv00370126,5073,True
phs000007,pht007777,phv00177932,12547,True
phs000007,pht007777,phv00370127,4649,True
phs000007,pht007777,phv00177934,11800,True
phs000007,pht007777,phv00370128,4283,True
phs000007,pht007777,phv00370129,4411,True
phs000007,pht007777,phv00370130,4289,True
phs000007,pht007777,phv00177940,7541,True
phs000007,pht007777,phv00370131,4130,True
phs000007,pht007777,phv00177942,7536,True
phs000007,pht007777,phv00370132,4052,True
phs000007,pht007777,phv00177944,6885,True
phs000007,pht007777,phv00370133,3894,True
phs000007,pht007777,phv00177946,6103,True
phs000007,pht007777,phv00370134,3704,True
phs000007,pht007777,phv00370135,3458,True
phs000007,pht007777,phv00370136,2830,True
phs000007,pht007777,phv00370137,3135,True
phs000007,pht007777,phv00370138,3003,True
phs000007,pht007777,phv00370139,2715,True
phs000007,pht007777,phv00370140,2455,True
phs000007,pht007777,phv00370141,2198,True
phs000007,pht007777,phv00370142,1964,True
phs000007,pht007777,phv00370143,1636,True
phs000007,pht007777,phv00370144,1410,True
phs000007,pht007777,phv00370145,1203,True
phs000007,pht007777,phv00370146,1022,True
phs000007,pht007777,phv00370147,868,True
phs000007,pht007777,phv00370148,848,True
phs000007,pht007777,phv00370149,644,True
phs000007,pht007777,phv00370150,613,True
phs000007,pht007777,phv00370151,521,True
phs000007,pht007777,phv00370152,403,True
phs000007,pht007777,phv00370153,295,True
phs000007,pht007777,phv00370154,206,True
phs000007,pht007777,phv00370155,138,True
phs000007,pht007777,phv00370156,86,True
phs000007,pht007777,phv00370157,39,True
phs000007,pht009761,phv00423945,5468,True
phs000007,pht009761,phv00423946,4131,True
phs000007,pht009761,phv00423947,4002,True
phs000007,pht009761,phv00423948,4171,True
phs000007,pht009761,phv00177938,8169,True
phs000007,pht009761,phv00544874,3828,True
phs000007,pht009761,phv00177940,7541,True
phs000007,pht009761,phv00544875,3384,True
phs000007,pht009761,phv00177942,7536,True
phs000007,pht009761,phv00544876,3437,True
phs000007,pht009761,phv00177944,6885,True
phs000007,pht009761,phv00544877,2969,True
phs000007,pht009761,phv00177946,6103,True
phs000007,pht009761,phv00544878,2391,True
phs000007,pht009761,phv00177948,4936,True
phs000007,pht009761,phv00544879,1206,True
phs000007,pht000031,phv00008097,3580,True
phs000007,pht000030,phv00007564,4766,True
phs000007,pht000031,phv00008090,3589,True
phs000007,pht001045,phv00081026,1012,True
phs000007,pht002889,phv00172167,3731,True
phs000007,pht004802,phv00227051,2508,True
phs000007,pht005144,phv00177930,15089,True
phs000007,pht005144,phv00255363,972,True
phs000007,pht000035,phv00009905,3400,True
phs000007,pht000035,phv00009906,3399,True
phs000007,pht000036,phv00010360,3464,True
phs000007,pht000036,phv00010361,3460,True
phs000007,pht000074,phv00021092,4036,True
phs000007,pht000074,phv00021093,4026,True
phs000007,pht000692,phv00070375,297,True
phs000007,pht000692,phv00070376,297,True
phs000007,pht000747,phv00072138,2972,True
phs000007,pht000747,phv00072139,2969,True
phs000007,pht003094,phv00177352,3744,True
phs000007,pht003094,phv00177354,3741,True
phs000007,pht004814,phv00250915,388,True
phs000007,pht004814,phv00250916,387,True
phs000007,pht004815,phv00251341,285,True
phs000007,pht004815,phv00251342,285,True
phs000007,pht005140,phv00254087,2675,True
phs000007,pht005140,phv00254089,2675,True
phs000007,pht005141,phv00254610,213,True
phs000007,pht005141,phv00254611,213,True
phs000007,pht005142,phv00255001,135,True
phs000007,pht005142,phv00255003,135,True
phs000007,pht006005,phv00273914,101,True
phs000007,pht006005,phv00273915,101,True
phs000007,pht006006,phv00177930,15089,True
phs000007,pht006006,phv00566077,404,True
phs000007,pht006006,phv00566078,404,True
phs000007,pht006007,phv00274721,88,True
phs000007,pht006007,phv00274723,88,True
phs000007,pht006008,phv00227008,40,True
phs000007,pht006008,phv00275078,40,True
phs000007,pht006008,phv00275080,39,True
phs000007,pht010724,phv00177934,11800,True
phs000007,pht010724,phv00461869,3462,True
phs000007,pht010724,phv00461870,3459,True
phs000007,pht015104,phv00177938,8169,True
phs000007,pht015104,phv00177948,4936,True
phs000007,pht015104,phv00545293,1372,True
phs000007,pht015104,phv00545294,1368,True
phs000007,pht007777,phv00369839,5079,True
phs000007,pht007777,phv00370031,5079,True
phs000007,pht007777,phv00369840,4671,True
phs000007,pht007777,phv00370032,4671,True
phs000007,pht007777,phv00369841,4298,True
phs000007,pht007777,phv00370033,4298,True
phs000007,pht007777,phv00369842,4421,True
phs000007,pht007777,phv00370034,4421,True
phs000007,pht007777,phv00369843,4303,True
phs000007,pht007777,phv00370035,4303,True
phs000007,pht007777,phv00369844,4138,True
phs000007,pht007777,phv00370036,4138,True
phs000007,pht007777,phv00369845,4064,True
phs000007,pht007777,phv00370037,4064,True
phs000007,pht007777,phv00369846,3906,True
phs000007,pht007777,phv00370038,3906,True
phs000007,pht007777,phv00369847,3709,True
phs000007,pht007777,phv00370039,3710,True
phs000007,pht007777,phv00369848,3473,True
phs000007,pht007777,phv00370040,3473,True
phs000007,pht007777,phv00369849,2826,True
phs000007,pht007777,phv00370041,2826,True
phs000007,pht007777,phv00369850,3138,True
phs000007,pht007777,phv00370042,3138,True
phs000007,pht007777,phv00369851,3010,True
phs000007,pht007777,phv00370043,3010,True
phs000007,pht007777,phv00369852,2749,True
phs000007,pht007777,phv00370044,2749,True
phs000007,pht007777,phv00369853,2504,True
phs000007,pht007777,phv00370045,2505,True
phs000007,pht007777,phv00369854,2233,True
phs000007,pht007777,phv00370046,2233,True
phs000007,pht007777,phv00369855,2021,True
phs000007,pht007777,phv00370047,2021,True
phs000007,pht007777,phv00369856,1722,True
phs000007,pht007777,phv00370048,1723,True
phs000007,pht007777,phv00369857,1437,True
phs000007,pht007777,phv00370049,1439,True
phs000007,pht007777,phv00369858,1300,True
phs000007,pht007777,phv00370050,1301,True
phs000007,pht007777,phv00369859,1210,True
phs000007,pht007777,phv00370051,1210,True
phs000007,pht007777,phv00369860,1058,True
phs000007,pht007777,phv00370052,1059,True
phs000007,pht007777,phv00369861,910,True
phs000007,pht007777,phv00370053,912,True
phs000007,pht007777,phv00369862,539,True
phs000007,pht007777,phv00370054,539,True
phs000007,pht007777,phv00369863,662,True
phs000007,pht007777,phv00370055,665,True
phs000007,pht007777,phv00369864,533,True
phs000007,pht007777,phv00370056,538,True
phs000007,pht007777,phv00369865,407,True
phs000007,pht007777,phv00370057,407,True
phs000007,pht007777,phv00369866,297,True
phs000007,pht007777,phv00370058,297,True
phs000007,pht007777,phv00369867,213,True
phs000007,pht007777,phv00370059,213,True
phs000007,pht007777,phv00369868,135,True
phs000007,pht007777,phv00370060,135,True
phs000007,pht007777,phv00369869,88,True
phs000007,pht007777,phv00370061,88,True
phs000007,pht007777,phv00369870,39,True
phs000007,pht007777,phv00370062,40,True
phs000007,pht009761,phv00423902,5459,True
phs000007,pht009761,phv00423925,5459,True
phs000007,pht009761,phv00423903,4131,True
phs000007,pht009761,phv00423926,4132,True
phs000007,pht009761,phv00423904,4038,True
phs000007,pht009761,phv00423927,4039,True
phs000007,pht009761,phv00423905,4179,True
phs000007,pht009761,phv00423928,4181,True
phs000007,pht009761,phv00544784,3845,True
phs000007,pht009761,phv00544844,3845,True
phs000007,pht009761,phv00544785,3399,True
phs000007,pht009761,phv00544845,3400,True
phs000007,pht009761,phv00544786,3462,True
phs000007,pht009761,phv00544846,3464,True
phs000007,pht009761,phv00544787,2971,True
phs000007,pht009761,phv00544847,2972,True
phs000007,pht009761,phv00544788,2389,True
phs000007,pht009761,phv00544848,2389,True
phs000007,pht009761,phv00544789,1202,True
phs000007,pht009761,phv00544849,1205,True
phs000007,pht006026,phv00277034,4538,True
phs000007,pht006026,phv00277045,4541,True
phs000007,pht006026,phv00277035,3743,True
phs000007,pht006026,phv00277046,3744,True
phs000007,pht006026,phv00520296,3461,True
phs000007,pht006026,phv00520305,3462,True
phs000007,pht006026,phv00277024,4536,True
phs000007,pht006026,phv00277025,3741,True
phs000007,pht006026,phv00520291,3453,True
phs000007,pht007777,phv00369740,5065,True
phs000007,pht007777,phv00369741,4399,True
phs000007,pht007777,phv00369742,4287,True
phs000007,pht007777,phv00369743,2778,True
phs000007,pht007777,phv00369744,1605,True
phs000007,pht007777,phv00369745,3124,True
phs000007,pht007777,phv00369746,3000,True
phs000007,pht007777,phv00369747,2706,True
phs000007,pht007777,phv00369748,2414,True
phs000007,pht007777,phv00369749,2189,True
phs000007,pht007777,phv00369750,1914,True
phs000007,pht007777,phv00369751,1570,True
phs000007,pht007777,phv00369752,1353,True
phs000007,pht007777,phv00369753,1164,True
phs000007,pht007777,phv00369754,1017,True
phs000007,pht007777,phv00369755,859,True
phs000007,pht007777,phv00369756,745,True
phs000007,pht007777,phv00369757,566,True
phs000007,pht007777,phv00369758,490,True
phs000007,pht007777,phv00369759,325,True
phs000007,pht007777,phv00369760,211,True
phs000007,pht007777,phv00369761,136,True
phs000007,pht007777,phv00369762,80,True
phs000007,pht007777,phv00369763,56,True
phs000007,pht007777,phv00369764,30,True
phs000007,pht007777,phv00369765,18,True
phs000007,pht009761,phv00423883,5464,True
phs000007,pht009761,phv00423884,4127,True
phs000007,pht009761,phv00423885,3990,True
phs000007,pht009761,phv00423886,4156,True
phs000007,pht009761,phv00544754,3815,True
phs000007,pht009761,phv00544755,3355,True
phs000007,pht009761,phv00544756,3269,True
phs000007,pht009761,phv00544757,2865,True
phs000007,pht009761,phv00544758,2251,True
phs000007,pht009761,phv00544759,1201,True
phs000007,pht000395,phv00056588,2915,True
phs000007,pht000397,phv00056833,785,True
phs000007,pht000393,phv00055159,3337,True
phs000007,pht000393,phv00177940,7541,True
phs000007,pht007776,phv00369624,588,True
phs000007,pht007776,phv00369625,499,True
phs000007,pht000030,phv00007559,4737,True
phs000007,pht000031,phv00008085,3599,True
phs000007,pht001045,phv00081023,1019,True
phs000007,pht006018,phv00276861,1047,True
phs000007,pht000144,phv00023194,2057,True
phs000007,pht000144,phv00177930,15089,True
phs000007,pht000144,phv00023195,2056,True
phs000007,pht000144,phv00023196,2069,True
phs000007,pht000145,phv00023200,1315,True
phs000007,pht000145,phv00177942,7536,True
phs000007,pht000145,phv00023201,1313,True
phs000007,pht000145,phv00023202,1400,True
phs000007,pht000147,phv00023235,322,True
phs000007,pht005161,phv00257670,2851,True
phs000007,pht000147,phv00023230,322,True
phs000007,pht005161,phv00257671,2851,True
phs000007,pht000083,phv00021728,3263,True
phs000007,pht000083,phv00177940,7541,True
phs000007,pht000083,phv00021729,3264,True
phs000007,pht000907,phv00076366,3246,True
phs000007,pht000907,phv00177940,7541,True
phs000007,pht000907,phv00076367,3201,True
phs000007,pht000083,phv00021702,3238,True
phs000007,pht000083,phv00021700,3245,True
phs000007,pht000160,phv00023792,126,True
phs000007,pht000172,phv00023899,18,True
phs000007,pht000031,phv00008103,3540,True
phs000007,pht001045,phv00081017,1018,True
phs000007,pht000009,phv00000543,5046,True
phs000007,pht000009,phv00000780,4295,True
phs000007,pht007777,phv00369809,2686,True
phs000007,pht007777,phv00369810,2008,True
phs000007,pht007777,phv00369811,21,True
phs000007,pht007777,phv00369812,4148,True
phs000007,pht007777,phv00369813,4105,True
phs000007,pht007777,phv00369814,3885,True
phs000007,pht007777,phv00369815,3745,True
phs000007,pht007777,phv00369816,3555,True
phs000007,pht007777,phv00369817,3323,True
phs000007,pht007777,phv00369818,1520,True
phs000007,pht007777,phv00369819,3050,True
phs000007,pht007777,phv00369820,2935,True
phs000007,pht007777,phv00369821,2686,True
phs000007,pht007777,phv00369822,2452,True
phs000007,pht007777,phv00369823,1993,True
phs000007,pht007777,phv00369824,1717,True
phs000007,pht007777,phv00369825,1434,True
phs000007,pht007777,phv00369826,1298,True
phs000007,pht007777,phv00369827,1207,True
phs000007,pht007777,phv00369828,1055,True
phs000007,pht007777,phv00369829,912,True
phs000007,pht007777,phv00369830,711,True
phs000007,pht007777,phv00369831,668,True
phs000007,pht007777,phv00369832,540,True
phs000007,pht007777,phv00369833,411,True
phs000007,pht007777,phv00369834,302,True
phs000007,pht007777,phv00369835,218,True
phs000007,pht007777,phv00369836,141,True
phs000007,pht007777,phv00369837,91,True
phs000007,pht007777,phv00369838,40,True
phs000007,pht012916,phv00177930,15089,True
phs000007,pht012916,phv00525298,9993,True
phs000007,pht012916,phv00177932,12547,True
phs000007,pht012916,phv00525299,7873,True
phs000007,pht012916,phv00177934,11800,True
phs000007,pht012916,phv00525300,7497,True
phs000007,pht012916,phv00177936,8603,True
phs000007,pht012916,phv00525301,4175,True
phs000007,pht012916,phv00177938,8169,True
phs000007,pht012916,phv00525302,3863,True
phs000007,pht012916,phv00177940,7541,True
phs000007,pht012916,phv00525303,3402,True
phs000007,pht012916,phv00177942,7536,True
phs000007,pht012916,phv00525304,3466,True
phs000007,pht012916,phv00177944,6885,True
phs000007,pht012916,phv00525305,2976,True
phs000007,pht012916,phv00177946,6103,True
phs000007,pht012916,phv00525306,2384,True
phs000007,pht012916,phv00177948,4936,True
phs000007,pht012916,phv00566385,1463,True
phs000007,pht003094,phv00177574,3721,True
phs000007,pht006005,phv00274134,101,True
phs000007,pht006005,phv00274135,101,True
phs000007,pht004815,phv00251717,275,True
phs000007,pht004815,phv00251718,275,True
phs000007,pht005140,phv00254499,2615,True
phs000007,pht005142,phv00255330,140,True
phs000007,pht006007,phv00275055,15,True
phs000007,pht006008,phv00275389,1,True
phs000007,pht000747,phv00072500,2909,True
phs000007,pht000747,phv00072501,2906,True
phs000007,pht000074,phv00021307,3998,True
phs000007,pht000074,phv00021308,3995,True
phs000007,pht000395,phv00055303,963,True
phs000007,pht000397,phv00056802,790,True
phs000007,pht000016,phv00002416,2681,True
phs000007,pht000146,phv00023207,3254,True
phs000007,pht000146,phv00177942,7536,True
phs000007,pht000017,phv00002654,2419,True
phs000007,pht000026,phv00006322,557,True
phs000007,pht000027,phv00006662,489,True
phs000007,pht000028,phv00006665,324,True
phs000007,pht000029,phv00007526,215,True
phs000007,pht000074,phv00021396,4018,True
phs000007,pht000692,phv00070734,137,True
phs000007,pht000742,phv00071894,2846,True
phs000007,pht001039,phv00080753,1097,True
phs000007,pht001039,phv00177930,15089,True
phs000007,pht001039,phv00177938,8169,True
phs000007,pht001039,phv00177940,7541,True
phs000007,pht001045,phv00081024,1019,True
phs000007,pht002234,phv00161767,1048,True
phs000007,pht002234,phv00177938,8169,True
phs000007,pht002566,phv00166800,962,True
phs000007,pht002566,phv00177938,8169,True
phs000007,pht002889,phv00172175,3734,True
phs000007,pht002895,phv00172326,432,True
phs000007,pht002895,phv00177938,8169,True
phs000007,pht004802,phv00227058,2508,True
phs000007,pht005143,phv00177930,15089,True
phs000007,pht005143,phv00255344,500,True
phs000007,pht006010,phv00177932,12547,True
phs000007,pht006010,phv00275408,382,True
phs000007,pht006011,phv00275417,281,True
phs000007,pht006018,phv00276860,983,True
phs000007,pht006026,phv00277030,4518,True
phs000007,pht006026,phv00277031,3734,True
phs000007,pht009761,phv00544772,3247,True
phs000007,pht009761,phv00544773,3330,True
phs000007,pht009761,phv00544774,3254,True
phs000007,pht009761,phv00544775,2846,True
phs000007,pht009761,phv00544776,2229,True
phs000007,pht007777,phv00369801,2681,True
phs000007,pht007777,phv00369802,2419,True
phs000007,pht007777,phv00369803,754,True
phs000007,pht007777,phv00369804,557,True
phs000007,pht007777,phv00369805,489,True
phs000007,pht007777,phv00369806,324,True
phs000007,pht007777,phv00369807,215,True
phs000007,pht007777,phv00369808,137,True
phs000007,pht009761,phv00423895,3981,True
phs000007,pht009761,phv00423896,281,True
phs000007,pht009761,phv00423897,279,True
phs000007,pht000313,phv00036494,4016,True
phs000007,pht006011,phv00275419,284,True
phs000007,pht000685,phv00070900,395,True
phs000007,pht000685,phv00177942,7536,True
phs000007,pht000742,phv00071896,2822,True
phs000007,pht002889,phv00172162,3731,True
phs000007,pht004363,phv00219548,2783,True
phs000007,pht004802,phv00227046,2504,True
phs000007,pht004809,phv00177936,8603,True
phs000007,pht004809,phv00177946,6103,True
phs000007,pht004809,phv00227269,1003,True
phs000007,pht004809,phv00227286,1003,True
phs000007,pht000080,phv00021690,3424,True
phs000007,pht000080,phv00177932,12547,True
phs000007,pht000081,phv00021693,3237,True
phs000007,pht000081,phv00177940,7541,True
phs000007,pht002889,phv00172177,3710,True
phs000007,pht002889,phv00462201,3417,True
phs000007,pht004802,phv00227060,2508,True
phs000007,pht004802,phv00227067,2508,True
phs000007,pht012880,phv00177930,15089,True
phs000007,pht012880,phv00520365,4516,True
phs000007,pht010726,phv00177934,11800,True
phs000007,pht010726,phv00462196,3417,True
phs000007,pht010726,phv00462201,3417,True
phs000007,pht012881,phv00177932,12547,True
phs000007,pht012881,phv00177942,7536,True
phs000007,pht012881,phv00520381,3630,True
phs000007,pht012882,phv00177934,11800,True
phs000007,pht012882,phv00177944,6885,True
phs000007,pht012882,phv00520398,3127,True
phs000007,pht000146,phv00023208,3189,True
phs000007,pht000085,phv00021744,3327,True
phs000007,pht000085,phv00177940,7541,True
phs000007,pht000035,phv00010095,3114,True
phs000007,pht000040,phv00080829,3899,True
phs000007,pht000040,phv00177930,15089,True
phs000007,pht000040,phv00080830,4411,True
phs000007,pht000040,phv00177932,12547,True
phs000007,pht000040,phv00080831,3827,True
phs000007,pht000040,phv00177934,11800,True
phs000007,pht000040,phv00080832,3935,True
phs000007,pht000040,phv00177936,8603,True
phs000007,pht000040,phv00080833,0,True
phs000007,pht000040,phv00177938,8169,True
phs000007,pht000040,phv00080834,3727,True
phs000007,pht000040,phv00177940,7541,True
phs000007,pht000040,phv00080835,0,True
phs000007,pht000040,phv00177942,7536,True
phs000007,pht000040,phv00080836,3334,True
phs000007,pht000040,phv00177944,6885,True
phs000007,pht000040,phv00080837,3473,True
phs000007,pht000040,phv00177946,6103,True
phs000007,pht000040,phv00080838,2599,True
phs000007,pht000040,phv00177948,4936,True
phs000007,pht000040,phv00080839,0,True
phs000007,pht000040,phv00177950,2852,True
phs000007,pht000040,phv00080840,0,True
phs000007,pht000040,phv00177952,3138,True
phs000007,pht000040,phv00080841,2807,True
phs000007,pht000040,phv00177954,3011,True
phs000007,pht000040,phv00080842,2673,True
phs000007,pht000040,phv00177956,2750,True
phs000007,pht000040,phv00080843,2434,True
phs000007,pht000040,phv00177958,2511,True
phs000007,pht000040,phv00080844,2129,True
phs000007,pht000040,phv00177960,2236,True
phs000007,pht000040,phv00080845,1907,True
phs000007,pht000040,phv00177962,2064,True
phs000007,pht000040,phv00080846,1542,True
phs000007,pht000040,phv00177964,1723,True
phs000007,pht000040,phv00080847,1344,True
phs000007,pht000040,phv00177966,1440,True
phs000007,pht000040,phv00080848,1220,True
phs000007,pht000040,phv00177968,1301,True
phs000007,pht000040,phv00080849,1037,True
phs000007,pht000040,phv00177970,1210,True
phs000007,pht000040,phv00080850,880,True
phs000007,pht000040,phv00177972,1059,True
phs000007,pht000040,phv00080851,754,True
phs000007,pht000040,phv00177974,913,True
phs000007,pht000040,phv00080852,0,True
phs000007,pht000040,phv00177976,713,True
phs000007,pht000040,phv00080853,0,True
phs000007,pht000040,phv00177978,671,True
phs000007,pht000040,phv00080854,351,True
phs000007,pht000040,phv00177980,542,True
phs000007,pht000040,phv00080855,214,True
phs000007,pht000040,phv00177982,411,True
phs000007,pht000040,phv00080856,3899,True
phs000007,pht000040,phv00080857,4411,True
phs000007,pht000040,phv00080858,3777,True
phs000007,pht000040,phv00080859,3852,True
phs000007,pht000040,phv00080860,0,True
phs000007,pht000040,phv00080861,3287,True
phs000007,pht000040,phv00080862,0,True
phs000007,pht000040,phv00080863,2963,True
phs000007,pht000040,phv00080864,2918,True
phs000007,pht000040,phv00080865,2526,True
phs000007,pht000040,phv00080866,0,True
phs000007,pht000040,phv00080867,0,True
phs000007,pht000040,phv00080868,2800,True
phs000007,pht000040,phv00080869,2444,True
phs000007,pht000040,phv00080870,2397,True
phs000007,pht000040,phv00080871,2102,True
phs000007,pht000040,phv00080872,1858,True
phs000007,pht000040,phv00080873,1503,True
phs000007,pht000040,phv00080874,1301,True
phs000007,pht000040,phv00080875,1156,True
phs000007,pht000040,phv00080876,989,True
phs000007,pht000040,phv00080877,861,True
phs000007,pht000040,phv00080878,738,True
phs000007,pht000040,phv00080879,0,True
phs000007,pht000040,phv00080880,0,True
phs000007,pht000040,phv00080881,351,True
phs000007,pht000040,phv00080882,206,True
phs000007,pht000040,phv00177984,302,True
phs000007,pht000040,phv00369402,150,True
phs000007,pht000040,phv00369403,146,True
phs000007,pht000041,phv00010784,5225,True
phs000007,pht000041,phv00010785,3964,True
phs000007,pht000041,phv00010786,3871,True
phs000007,pht000041,phv00010787,3879,True
phs000007,pht000041,phv00010788,3742,True
phs000007,pht000041,phv00010789,3310,True
phs000007,pht000041,phv00010790,3211,True
phs000007,pht000041,phv00010791,5225,True
phs000007,pht000041,phv00010792,3961,True
phs000007,pht000041,phv00010793,3896,True
phs000007,pht000041,phv00010794,4081,True
phs000007,pht000041,phv00010795,3822,True
phs000007,pht000041,phv00010796,3359,True
phs000007,pht000041,phv00010797,3287,True
phs000007,pht000041,phv00369406,2872,True
phs000007,pht000041,phv00369407,2244,True
phs000007,pht000041,phv00369408,2799,True
phs000007,pht000041,phv00369409,2177,True
phs000007,pht000747,phv00072059,2961,True
phs000007,pht007775,phv00369583,4530,True
phs000007,pht007775,phv00369584,3737,True
phs000007,pht007775,phv00369585,4530,True
phs000007,pht007775,phv00369586,3737,True
phs000007,pht000009,phv00000480,4884,True
phs000007,pht004374,phv00220824,1324,True
phs000007,pht004375,phv00254006,2010,True
phs000007,pht002889,phv00172196,2794,True
phs000007,pht004802,phv00227043,2493,True
phs000007,pht002425,phv00163434,898,True
phs000007,pht002425,phv00177944,6885,True
phs000007,pht000198,phv00024570,3445,True
phs000007,pht000198,phv00177938,8169,True
phs000007,pht004806,phv00177930,15089,True
phs000007,pht004806,phv00227096,472,True
phs000007,pht003094,phv00177608,3736,True
phs000007,pht006005,phv00274078,91,True
phs000007,pht000074,phv00021256,3849,True
phs000007,pht000100,phv00022428,2827,True
phs000007,pht000100,phv00177934,11800,True
phs000007,pht000035,phv00010084,2983,True
phs000007,pht000035,phv00010091,3005,True
phs000007,pht002889,phv00172173,3738,True
phs000007,pht006026,phv00277038,4477,True
phs000007,pht006026,phv00277039,3688,True
phs000007,pht009761,phv00544804,3753,True
phs000007,pht009761,phv00544805,3297,True
phs000007,pht009761,phv00544806,3206,True
phs000007,pht009761,phv00544807,2801,True
phs000007,pht009761,phv00544808,2192,True
phs000007,pht009761,phv00423910,478,True
phs000007,pht009761,phv00423911,95,True
phs000007,pht009761,phv00423912,3804,True
phs000007,pht009761,phv00423913,3904,True
phs000007,pht000012,phv00001384,1441,True
phs000007,pht000024,phv00005553,840,True
phs000007,pht000024,phv00177972,1059,True
phs000007,pht000025,phv00006029,732,True
phs000007,pht000074,phv00021397,3996,True
phs000007,pht000084,phv00021740,3455,True
phs000007,pht000084,phv00177938,8169,True
phs000007,pht000085,phv00021745,3329,True
phs000007,pht000086,phv00021747,959,True
phs000007,pht000086,phv00021750,962,True
phs000007,pht000086,phv00177930,15089,True
phs000007,pht004806,phv00227093,437,True
phs000007,pht000680,phv00070066,3297,True
phs000007,pht000680,phv00070067,3276,True
phs000007,pht000680,phv00070068,3257,True
phs000007,pht000680,phv00070069,3278,True
phs000007,pht000680,phv00070070,3242,True
phs000007,pht000680,phv00070071,3275,True
phs000007,pht000680,phv00070072,3270,True
phs000007,pht000680,phv00070073,3267,True
phs000007,pht000680,phv00070074,3278,True
phs000007,pht000680,phv00070075,3278,True
phs000007,pht000680,phv00070076,3247,True
phs000007,pht000680,phv00070077,3245,True
phs000007,pht000680,phv00070078,3295,True
phs000007,pht000680,phv00070079,3295,True
phs000007,pht000680,phv00070080,3303,True
phs000007,pht000680,phv00177938,8169,True
phs000007,pht000681,phv00068473,3022,True
phs000007,pht000681,phv00068474,3007,True
phs000007,pht000681,phv00068475,2986,True
phs000007,pht000681,phv00068476,3005,True
phs000007,pht000681,phv00068477,2980,True
phs000007,pht000681,phv00068478,3000,True
phs000007,pht000681,phv00068479,2983,True
phs000007,pht000681,phv00068480,2982,True
phs000007,pht000681,phv00068481,2997,True
phs000007,pht000681,phv00068482,2996,True
phs000007,pht000681,phv00068483,2975,True
phs000007,pht000681,phv00068484,2972,True
phs000007,pht000681,phv00068485,3021,True
phs000007,pht000681,phv00068486,3022,True
phs000007,pht000681,phv00068487,3022,True
phs000007,pht000681,phv00177940,7541,True
phs000007,pht000682,phv00069042,2971,True
phs000007,pht000682,phv00069043,2958,True
phs000007,pht000682,phv00069044,2952,True
phs000007,pht000682,phv00069045,2961,True
phs000007,pht000682,phv00069046,2947,True
phs000007,pht000682,phv00069047,2965,True
phs000007,pht000682,phv00069048,2942,True
phs000007,pht000682,phv00069049,2936,True
phs000007,pht000682,phv00069050,2948,True
phs000007,pht000682,phv00069051,2945,True
phs000007,pht000682,phv00069052,2935,True
phs000007,pht000682,phv00069053,2926,True
phs000007,pht000682,phv00069054,2964,True
phs000007,pht000682,phv00069055,2969,True
phs000007,pht000682,phv00069056,2977,True
phs000007,pht000682,phv00177942,7536,True
phs000007,pht002150,phv00157176,3697,True
phs000007,pht002150,phv00157177,3686,True
phs000007,pht002150,phv00157178,3693,True
phs000007,pht002150,phv00157179,3685,True
phs000007,pht002150,phv00157180,3674,True
phs000007,pht002150,phv00157181,3682,True
phs000007,pht002150,phv00157182,3670,True
phs000007,pht002150,phv00157183,3678,True
phs000007,pht002150,phv00157184,3692,True
phs000007,pht002150,phv00157185,3674,True
phs000007,pht002150,phv00157186,3646,True
phs000007,pht002150,phv00157187,3627,True
phs000007,pht002150,phv00157188,3681,True
phs000007,pht002150,phv00157189,3687,True
phs000007,pht002150,phv00157190,3683,True
phs000007,pht002150,phv00177930,15089,True
phs000007,pht002151,phv00157617,898,True
phs000007,pht002151,phv00157618,891,True
phs000007,pht002151,phv00157619,884,True
phs000007,pht002151,phv00157620,891,True
phs000007,pht002151,phv00157621,885,True
phs000007,pht002151,phv00157622,894,True
phs000007,pht002151,phv00157623,889,True
phs000007,pht002151,phv00157624,889,True
phs000007,pht002151,phv00157625,892,True
phs000007,pht002151,phv00157626,890,True
phs000007,pht002151,phv00157627,884,True
phs000007,pht002151,phv00157628,891,True
phs000007,pht002151,phv00157629,894,True
phs000007,pht002151,phv00157630,898,True
phs000007,pht002151,phv00157631,899,True
phs000007,pht002151,phv00177968,1301,True
phs000007,pht002153,phv00158420,622,True
phs000007,pht002153,phv00158421,608,True
phs000007,pht002153,phv00158422,606,True
phs000007,pht002153,phv00158423,620,True
phs000007,pht002153,phv00158424,602,True
phs000007,pht002153,phv00158425,613,True
phs000007,pht002153,phv00158426,603,True
phs000007,pht002153,phv00158427,607,True
phs000007,pht002153,phv00158428,599,True
phs000007,pht002153,phv00158429,613,True
phs000007,pht002153,phv00158430,585,True
phs000007,pht002153,phv00158431,606,True
phs000007,pht002153,phv00158432,617,True
phs000007,pht002153,phv00158433,617,True
phs000007,pht002153,phv00158434,620,True
phs000007,pht002153,phv00177972,1059,True
phs000007,pht002350,phv00162554,2656,True
phs000007,pht002350,phv00162555,2646,True
phs000007,pht002350,phv00162556,2650,True
phs000007,pht002350,phv00162557,2645,True
phs000007,pht002350,phv00162558,2631,True
phs000007,pht002350,phv00162559,2644,True
phs000007,pht002350,phv00162560,2632,True
phs000007,pht002350,phv00162561,2643,True
phs000007,pht002350,phv00162562,2643,True
phs000007,pht002350,phv00162563,2646,True
phs000007,pht002350,phv00162564,2609,True
phs000007,pht002350,phv00162565,2624,True
phs000007,pht002350,phv00162566,2646,True
phs000007,pht002350,phv00162567,2667,True
phs000007,pht002350,phv00162568,2665,True
phs000007,pht002350,phv00177944,6885,True
phs000007,pht002900,phv00172953,3531,True
phs000007,pht002900,phv00172954,3530,True
phs000007,pht002900,phv00172955,3522,True
phs000007,pht002900,phv00172956,3531,True
phs000007,pht002900,phv00172957,3529,True
phs000007,pht002900,phv00172958,3523,True
phs000007,pht002900,phv00172959,3531,True
phs000007,pht002900,phv00172960,3528,True
phs000007,pht002900,phv00172961,3511,True
phs000007,pht002900,phv00172962,3443,True
phs000007,pht002900,phv00172963,3420,True
phs000007,pht002900,phv00172964,3521,True
phs000007,pht002900,phv00172965,3513,True
phs000007,pht002900,phv00172966,3528,True
phs000007,pht002900,phv00172967,3529,True
phs000007,pht002900,phv00172968,3524,True
phs000007,pht002900,phv00172969,3529,True
phs000007,pht002900,phv00177932,12547,True
phs000007,pht000021,phv00004081,1339,True
phs000007,pht000022,phv00004517,1211,True
phs000007,pht000023,phv00004937,1017,True
phs000007,pht000024,phv00005550,862,True
phs000007,pht000025,phv00006026,740,True
phs000007,pht000028,phv00006666,326,True
phs000007,pht000029,phv00007527,194,True
phs000007,pht000030,phv00007558,4767,True
phs000007,pht000031,phv00008084,3599,True
phs000007,pht000032,phv00008731,3627,True
phs000007,pht000033,phv00009125,3802,True
phs000007,pht000034,phv00009577,3649,True
phs000007,pht000035,phv00010133,3355,True
phs000007,pht000036,phv00010143,3265,True
phs000007,pht000040,phv00080781,1017,True
phs000007,pht000040,phv00080782,862,True
phs000007,pht000040,phv00080783,740,True
phs000007,pht000040,phv00080784,3895,True
phs000007,pht000040,phv00080785,4411,True
phs000007,pht000040,phv00080786,3817,True
phs000007,pht000040,phv00080787,3931,True
phs000007,pht000040,phv00080788,3720,True
phs000007,pht000040,phv00080789,3309,True
phs000007,pht000040,phv00080790,3466,True
phs000007,pht000040,phv00080791,2599,True
phs000007,pht000040,phv00080792,2794,True
phs000007,pht000040,phv00080793,2675,True
phs000007,pht000040,phv00080794,2431,True
phs000007,pht000040,phv00080795,2116,True
phs000007,pht000040,phv00080796,1935,True
phs000007,pht000040,phv00080797,1535,True
phs000007,pht000040,phv00080798,1339,True
phs000007,pht000040,phv00080799,1211,True
phs000007,pht000040,phv00080800,326,True
phs000007,pht000040,phv00080801,194,True
phs000007,pht000040,phv00369401,137,True
phs000007,pht000074,phv00021394,4031,True
phs000007,pht000692,phv00070730,137,True
phs000007,pht000742,phv00071893,2858,True
phs000007,pht004801,phv00177930,15089,True
phs000007,pht004801,phv00227016,489,True
phs000007,pht004802,phv00227057,2523,True
phs000007,pht005143,phv00255343,505,True
phs000007,pht006010,phv00275404,384,True
phs000007,pht006011,phv00275416,284,True
phs000007,pht006018,phv00276862,986,True
phs000007,pht006026,phv00277022,4536,True
phs000007,pht006026,phv00277023,3738,True
phs000007,pht009761,phv00544748,3815,True
phs000007,pht009761,phv00544749,3355,True
phs000007,pht009761,phv00544750,3265,True
phs000007,pht009761,phv00544751,2858,True
phs000007,pht009761,phv00544752,2242,True
phs000007,pht007777,phv00369718,3895,True
phs000007,pht007777,phv00369719,4411,True
phs000007,pht007777,phv00369720,3817,True
phs000007,pht007777,phv00369721,3931,True
phs000007,pht007777,phv00369722,3720,True
phs000007,pht007777,phv00369723,3309,True
phs000007,pht007777,phv00369724,3466,True
phs000007,pht007777,phv00369725,2599,True
phs000007,pht007777,phv00369726,2794,True
phs000007,pht007777,phv00369727,2675,True
phs000007,pht007777,phv00369728,2431,True
phs000007,pht007777,phv00369729,2116,True
phs000007,pht007777,phv00369730,1935,True
phs000007,pht007777,phv00369731,1535,True
phs000007,pht007777,phv00369732,1339,True
phs000007,pht007777,phv00369733,1211,True
phs000007,pht007777,phv00369734,1017,True
phs000007,pht007777,phv00369735,862,True
phs000007,pht007777,phv00369736,740,True
phs000007,pht007777,phv00369737,326,True
phs000007,pht007777,phv00369738,194,True
phs000007,pht007777,phv00369739,137,True
phs000007,pht009761,phv00423879,5256,True
phs000007,pht009761,phv00423880,3983,True
phs000007,pht009761,phv00423881,3911,True
phs000007,pht009761,phv00423882,4083,True
phs000007,pht000395,phv00055263,836,True
phs000007,pht000395,phv00177930,15089,True
phs000007,pht002889,phv00172176,3734,True
phs000007,pht002889,phv00172201,3734,True
phs000007,pht004801,phv00227018,487,True
phs000007,pht004802,phv00227059,2523,True
phs000007,pht004802,phv00227068,2523,True
phs000007,pht005143,phv00255345,505,True
phs000007,pht006010,phv00275405,384,True
phs000007,pht006011,phv00275414,284,True
phs000007,pht006026,phv00277040,4534,True
phs000007,pht006026,phv00277041,3733,True
phs000007,pht009761,phv00544810,3805,True
phs000007,pht009761,phv00544811,3346,True
phs000007,pht009761,phv00544812,3259,True
phs000007,pht009761,phv00544813,2858,True
phs000007,pht009761,phv00544814,2241,True
phs000007,pht007777,phv00369935,2364,True
phs000007,pht007777,phv00369936,1164,True
phs000007,pht007777,phv00369937,844,True
phs000007,pht007777,phv00369938,737,True
phs000007,pht007777,phv00369939,568,True
phs000007,pht007777,phv00369940,489,True
phs000007,pht007777,phv00369941,326,True
phs000007,pht007777,phv00369942,215,True
phs000007,pht007777,phv00369943,137,True
phs000007,pht009755,phv00177948,4936,True
phs000007,pht009755,phv00177950,2852,True
phs000007,pht009755,phv00177952,3138,True
phs000007,pht009755,phv00423781,2688,True
phs000007,pht009761,phv00423914,5362,True
phs000007,pht009761,phv00423915,4046,True
phs000007,pht009761,phv00423916,3900,True
phs000007,pht009761,phv00423917,4066,True
phs000007,pht000031,phv00007973,3662,True
phs000007,pht000013,phv00001582,1309,True
phs000007,pht000013,phv00001585,1309,True
phs000007,pht000013,phv00001589,1343,True
phs000007,pht000013,phv00001592,1347,True
phs000007,pht000009,phv00000677,4005,True
phs000007,pht000009,phv00000765,4041,True
phs000007,pht000009,phv00000842,3824,True
phs000007,pht000009,phv00177940,7541,True
phs000007,pht000009,phv00000929,3776,True
phs000007,pht000009,phv00177942,7536,True
phs000007,pht000010,phv00001047,3593,True
phs000007,pht000010,phv00177944,6885,True
phs000007,pht000011,phv00001202,3425,True
phs000007,pht000011,phv00177946,6103,True
phs000007,pht000012,phv00001376,3244,True
phs000007,pht000013,phv00001579,1487,True
phs000007,pht000014,phv00001815,2930,True
phs000007,pht000015,phv00002030,2889,True
phs000007,pht000015,phv00177958,2511,True
phs000007,pht000016,phv00002414,2666,True
phs000007,pht000016,phv00177960,2236,True
phs000007,pht000017,phv00002652,2399,True
phs000007,pht000019,phv00003258,1891,True
phs000007,pht000020,phv00003664,1520,True
phs000007,pht000021,phv00004080,1303,True
phs000007,pht000022,phv00004516,148,True
phs000007,pht000023,phv00004936,921,True
phs000007,pht000030,phv00007555,4702,True
phs000007,pht000031,phv00008111,3584,True
phs000007,pht001045,phv00081031,977,True
phs000007,pht002889,phv00172181,2794,True
phs000007,pht004802,phv00227028,2496,True
phs000007,pht000009,phv00000535,2959,True
phs000007,pht000009,phv00000627,4410,True
phs000007,pht000009,phv00177932,12547,True
phs000007,pht000009,phv00000634,4015,True
phs000007,pht000009,phv00177934,11800,True
phs000007,pht000009,phv00000673,4152,True
phs000007,pht000009,phv00000764,4081,True
phs000007,pht000009,phv00000841,3856,True
phs000007,pht001045,phv00081032,977,True
phs000007,pht002889,phv00172180,2794,True
phs000007,pht004802,phv00227027,2496,True
phs000007,pht000742,phv00071897,2857,True
phs000007,pht002889,phv00172163,3736,True
phs000007,pht004802,phv00227047,2525,True
phs000007,pht006011,phv00275420,284,True
phs000007,pht000021,phv00003673,1329,True
phs000007,pht000022,phv00004089,1166,True
phs000007,pht000023,phv00004531,1022,True
phs000007,pht000024,phv00005545,863,True
phs000007,pht000025,phv00005925,737,True
phs000007,pht000033,phv00008768,3861,True
phs000007,pht000034,phv00009556,3658,True
phs000007,pht000035,phv00010113,3319,True
phs000007,pht000036,phv00010503,3237,True
phs000007,pht003094,phv00177545,3739,True
phs000007,pht004814,phv00251066,383,True
phs000007,pht005140,phv00254293,2525,True
phs000007,pht005140,phv00254294,34,True
phs000007,pht006026,phv00277044,3739,True
phs000007,pht006026,phv00520302,3445,True
phs000007,pht007777,phv00369970,1329,True
phs000007,pht007777,phv00369971,1166,True
phs000007,pht007777,phv00369972,1022,True
phs000007,pht007777,phv00369973,863,True
phs000007,pht007777,phv00369974,737,True
phs000007,pht009761,phv00423922,482,True
phs000007,pht009761,phv00423923,383,True
phs000007,pht009761,phv00423924,4142,True
phs000007,pht000023,phv00004772,1141,True
phs000007,pht000024,phv00005072,1053,True
phs000007,pht000026,phv00006202,712,True
phs000007,pht000027,phv00006598,670,True
phs000007,pht000028,phv00007032,540,True
phs000007,pht000029,phv00007465,410,True
phs000007,pht000034,phv00009388,3677,True
phs000007,pht000035,phv00009896,3393,True
phs000007,pht000036,phv00010351,3463,True
phs000007,pht000395,phv00055299,973,True
phs000007,pht000692,phv00070491,301,True
phs000007,pht000747,phv00072203,2968,True
phs000007,pht000023,phv00004774,1142,True
phs000007,pht000034,phv00009390,3677,True
phs000007,pht000074,phv00021084,4034,True
phs000007,pht003316,phv00177926,15089,True
phs000007,pht003316,phv00177930,15089,True
phs000007,pht003316,phv00190820,15089,True
phs000007,pht003316,phv00190821,15089,True
phs000007,pht000009,phv00000492,4943,True
phs000007,pht005147,phv00256866,40,True
phs000007,pht003316,phv00190817,15089,True
phs000007,pht003316,phv00190823,15089,True
phs000007,pht003316,phv00190816,15089,True
phs000007,pht003316,phv00190822,15089,True
phs000007,pht000010,phv00001088,3908,True
phs000007,pht000032,phv00008679,3751,True
phs000007,pht000016,phv00002378,2749,True
phs000007,pht000015,phv00002183,3011,True
phs000007,pht000010,phv00001108,3909,True
phs000007,pht000010,phv00001182,3909,True
phs000007,pht000010,phv00001184,3909,True
phs000007,pht000011,phv00001350,3712,True
phs000007,pht000011,phv00001351,3712,True
phs000007,pht000012,phv00001544,3473,True
phs000007,pht000012,phv00001546,3473,True
phs000007,pht000012,phv00001547,3473,True
phs000007,pht000013,phv00001769,1576,True
phs000007,pht000013,phv00001772,1576,True
phs000007,pht000013,phv00001773,1576,True
phs000007,pht000013,phv00001774,1577,True
phs000007,pht000013,phv00001775,1577,True
phs000007,pht000014,phv00002001,3138,True
phs000007,pht000014,phv00002004,3138,True
phs000007,pht000015,phv00002182,3008,True
phs000007,pht000015,phv00002184,3003,True
phs000007,pht000015,phv00002187,3010,True
phs000007,pht000016,phv00002377,2749,True
phs000007,pht000016,phv00002379,2742,True
phs000007,pht000016,phv00002382,2747,True
phs000007,pht000017,phv00002616,2505,True
phs000007,pht000017,phv00002619,2509,True
phs000007,pht000018,phv00002822,2233,True
phs000007,pht000018,phv00002825,2234,True
phs000007,pht000019,phv00003220,2023,True
phs000007,pht000019,phv00003223,2025,True
phs000007,pht000020,phv00003636,1722,True
phs000007,pht000020,phv00003638,1702,True
phs000007,pht000020,phv00003641,1722,True
phs000007,pht000021,phv00004046,1417,True
phs000007,pht000021,phv00004049,1430,True
phs000007,pht000022,phv00004468,1296,True
phs000007,pht000022,phv00004471,1299,True
phs000007,pht000023,phv00004905,1206,True
phs000007,pht000023,phv00004908,1209,True
phs000007,pht000024,phv00005266,1057,True
phs000007,pht000024,phv00005269,1058,True
phs000007,pht000025,phv00005893,898,True
phs000007,pht000025,phv00005896,885,True
phs000007,pht000031,phv00007928,3739,True
phs000007,pht000031,phv00007929,3742,True
phs000007,pht000031,phv00007932,3741,True
phs000007,pht000032,phv00008678,3752,True
phs000007,pht000032,phv00008680,3752,True
phs000007,pht000032,phv00008683,3753,True
phs000007,pht000033,phv00009072,3869,True
phs000007,pht000033,phv00009075,3872,True
phs000007,pht000034,phv00009524,3674,True
phs000007,pht000034,phv00009527,3676,True
phs000007,pht000035,phv00010038,3356,True
phs000007,pht000035,phv00010041,3356,True
phs000007,pht000036,phv00010471,3274,True
phs000007,pht000036,phv00010474,3275,True
phs000007,pht000074,phv00021187,4027,True
phs000007,pht000074,phv00021190,4025,True
phs000007,pht000747,phv00072296,2970,True
phs000007,pht000747,phv00072299,2971,True
phs000007,pht003094,phv00177497,3736,True
phs000007,pht003094,phv00177501,3734,True
phs000007,pht004814,phv00251032,387,True
phs000007,pht004814,phv00251035,387,True
phs000007,pht004815,phv00251492,284,True
phs000007,pht004815,phv00251495,285,True
phs000007,pht005140,phv00254241,2666,True
phs000007,pht005140,phv00254245,2665,True
phs000007,pht006005,phv00274009,100,True
phs000007,pht006005,phv00274012,100,True
phs000007,pht000027,phv00006537,663,True
phs000007,pht000027,phv00006538,664,True
phs000007,pht000028,phv00006968,540,True
phs000007,pht000028,phv00006969,540,True
phs000007,pht000029,phv00007400,407,True
phs000007,pht000029,phv00007401,410,True
phs000007,pht000036,phv00010278,3459,True
phs000007,pht000036,phv00010279,3459,True
phs000007,pht000074,phv00021020,4035,True
phs000007,pht000074,phv00021021,4035,True
phs000007,pht000692,phv00070433,297,True
phs000007,pht000692,phv00070434,299,True
phs000007,pht000747,phv00072131,2965,True
phs000007,pht000747,phv00072132,2967,True
phs000007,pht003094,phv00177351,3732,True
phs000007,pht004814,phv00250846,387,True
phs000007,pht004815,phv00251340,285,True
phs000007,pht005140,phv00254086,2663,True
phs000007,pht005141,phv00254649,215,True
phs000007,pht005142,phv00255037,141,True
phs000007,pht005142,phv00255313,141,True
phs000007,pht006005,phv00273854,101,True
phs000007,pht006005,phv00273855,101,True
phs000007,pht006007,phv00274757,75,True
phs000007,pht006007,phv00274758,76,True
phs000007,pht006007,phv00275038,15,True
phs000007,pht006008,phv00275114,32,True
phs000007,pht006008,phv00275115,35,True
phs000007,pht006008,phv00275372,0,True
phs000007,pht000009,phv00000517,5079,True
phs000007,pht000019,phv00003199,2005,True
phs000007,pht000020,phv00003614,1696,True
phs000007,pht000009,phv00000571,4669,True
phs000007,pht000009,phv00000649,4298,True
phs000007,pht000009,phv00000734,4421,True
phs000007,pht000009,phv00000817,4303,True
phs000007,pht000009,phv00000883,4139,True
phs000007,pht000009,phv00001007,4067,True
phs000007,pht000010,phv00001170,3907,True
phs000007,pht000011,phv00001332,3710,True
phs000007,pht000012,phv00001527,3472,True
phs000007,pht000013,phv00001718,2842,True
phs000007,pht000014,phv00001995,3134,True
phs000007,pht000015,phv00002175,3008,True
phs000007,pht000016,phv00002370,2743,True
phs000007,pht000017,phv00002610,2496,True
phs000007,pht000018,phv00002816,2229,True
phs000007,pht000021,phv00004021,1375,True
phs000007,pht000021,phv00004022,1372,True
phs000007,pht000021,phv00004023,1372,True
phs000007,pht000022,phv00004445,1233,True
phs000007,pht000022,phv00004446,1229,True
phs000007,pht000022,phv00004447,1230,True
phs000007,pht000023,phv00004886,1159,True
phs000007,pht000023,phv00004887,1164,True
phs000007,pht000023,phv00004888,1164,True
phs000007,pht000024,phv00005246,1011,True
phs000007,pht000024,phv00005247,1015,True
phs000007,pht000024,phv00005248,1013,True
phs000007,pht000025,phv00005873,866,True
phs000007,pht000025,phv00005874,867,True
phs000007,pht000025,phv00005875,866,True
phs000007,pht000028,phv00007059,508,True
phs000007,pht000028,phv00007060,514,True
phs000007,pht000028,phv00007061,508,True
phs000007,pht000029,phv00007494,370,True
phs000007,pht000029,phv00007495,370,True
phs000007,pht000029,phv00007496,369,True
phs000007,pht000030,phv00007665,4977,True
phs000007,pht000031,phv00007906,3733,True
phs000007,pht000032,phv00008653,3747,True
phs000007,pht000032,phv00008654,3747,True
phs000007,pht000032,phv00008655,3747,True
phs000007,pht000033,phv00009049,3865,True
phs000007,pht000033,phv00009050,3863,True
phs000007,pht000033,phv00009051,3861,True
phs000007,pht000035,phv00010018,3379,True
phs000007,pht000035,phv00010019,3386,True
phs000007,pht000035,phv00010020,3378,True
phs000007,pht000036,phv00010451,3425,True
phs000007,pht000036,phv00010452,3429,True
phs000007,pht000036,phv00010453,3428,True
phs000007,pht000074,phv00021036,4036,True
phs000007,pht000074,phv00021167,4032,True
phs000007,pht000074,phv00021168,4031,True
phs000007,pht000074,phv00021169,4032,True
phs000007,pht000692,phv00070520,269,True
phs000007,pht000692,phv00070521,271,True
phs000007,pht000692,phv00070522,267,True
phs000007,pht000747,phv00072156,2972,True
phs000007,pht003094,phv00177477,3735,True
phs000007,pht003094,phv00177478,3735,True
phs000007,pht003094,phv00177479,3735,True
phs000007,pht004814,phv00251012,388,True
phs000007,pht004814,phv00251013,388,True
phs000007,pht004814,phv00251014,388,True
phs000007,pht004815,phv00251472,283,True
phs000007,pht004815,phv00251473,282,True
phs000007,pht004815,phv00251474,282,True
phs000007,pht005140,phv00254221,2616,True
phs000007,pht005140,phv00254222,2618,True
phs000007,pht005140,phv00254223,2619,True
phs000007,pht005141,phv00254729,183,True
phs000007,pht005141,phv00254730,186,True
phs000007,pht005141,phv00254731,182,True
phs000007,pht005142,phv00255120,117,True
phs000007,pht005142,phv00255121,119,True
phs000007,pht005142,phv00255122,118,True
phs000007,pht005142,phv00255312,141,True
phs000007,pht006005,phv00273870,101,True
phs000007,pht006005,phv00273989,101,True
phs000007,pht006005,phv00273990,101,True
phs000007,pht006005,phv00273991,101,True
phs000007,pht006007,phv00274845,81,True
phs000007,pht006007,phv00274846,81,True
phs000007,pht006007,phv00274847,81,True
phs000007,pht006007,phv00275037,15,True
phs000007,pht006008,phv00275130,37,True
phs000007,pht006008,phv00275203,34,True
phs000007,pht006008,phv00275204,34,True
phs000007,pht006008,phv00275205,34,True
phs000007,pht006008,phv00275371,2,True
phs000007,pht006025,phv00276988,462,True
phs000007,pht006006,phv00566033,403,True
phs000007,pht004813,phv00565817,487,True
phs000007,pht004813,phv00565818,489,True
phs000007,pht004813,phv00565819,488,True
phs000007,pht000028,phv00006839,336,True
phs000007,pht000029,phv00007263,216,True
phs000007,pht000031,phv00008162,3418,True
phs000007,pht000031,phv00008174,3418,True
phs000007,pht000031,phv00008186,194,True
phs000007,pht000031,phv00008198,194,True
phs000007,pht000031,phv00008210,3410,True
phs000007,pht000031,phv00008222,3334,True
phs000007,pht000031,phv00008234,2928,True
phs000007,pht000031,phv00008246,1744,True
phs000007,pht000031,phv00008258,359,True
phs000007,pht000031,phv00008271,3401,True
phs000007,pht000031,phv00008283,3411,True
phs000007,pht000031,phv00008295,3414,True
phs000007,pht000031,phv00008307,3413,True
phs000007,pht000031,phv00008319,3409,True
phs000007,pht000031,phv00008331,19,True
phs000007,pht000194,phv00024408,3839,True
phs000007,pht000194,phv00177930,15089,True
phs000007,pht000194,phv00024409,3839,True
phs000007,pht000194,phv00024410,4002,True
phs000007,pht000194,phv00024411,4002,True
phs000007,pht000195,phv00024477,2446,True
phs000007,pht000195,phv00177942,7536,True
phs000007,pht000195,phv00024478,2446,True
phs000007,pht000195,phv00024486,2304,True
phs000007,pht000195,phv00024494,2304,True
phs000007,pht000196,phv00024534,1974,True
phs000007,pht000197,phv00024549,2616,True
phs000007,pht000197,phv00177934,11800,True
phs000007,pht000197,phv00177964,1723,True
phs000007,pht000209,phv00024764,2829,True
phs000007,pht000209,phv00177932,12547,True
phs000007,pht000209,phv00177942,7536,True
phs000007,pht000209,phv00024765,2829,True
phs000007,pht000209,phv00024796,2626,True
phs000007,pht000209,phv00024797,2626,True
phs000007,pht000210,phv00024804,4339,True
phs000007,pht000210,phv00177930,15089,True
phs000007,pht000210,phv00024805,4339,True
phs000007,pht000210,phv00024810,4463,True
phs000007,pht000210,phv00024811,4463,True
phs000007,pht000211,phv00024852,296,True
phs000007,pht000211,phv00177980,542,True
phs000007,pht000394,phv00055184,2406,True
phs000007,pht000394,phv00177942,7536,True
phs000007,pht000394,phv00055191,2399,True
phs000007,pht000394,phv00055203,2355,True
phs000007,pht000394,phv00055210,2263,True
phs000007,pht000394,phv00055222,2376,True
phs000007,pht000394,phv00055229,2381,True
phs000007,pht000394,phv00055236,2371,True
phs000007,pht000673,phv00066705,2653,True
phs000007,pht000673,phv00177930,15089,True
phs000007,pht000673,phv00177984,302,True
phs000007,pht000692,phv00070718,148,True
phs000007,pht000692,phv00177942,7536,True
phs000007,pht000748,phv00072652,2746,True
phs000007,pht000748,phv00177934,11800,True
phs000007,pht000748,phv00177944,6885,True
phs000007,pht000830,phv00073814,1060,True
phs000007,pht000830,phv00177968,1301,True
phs000007,pht002572,phv00167051,3466,True
phs000007,pht002572,phv00177930,15089,True
phs000007,pht002572,phv00177934,11800,True
phs000007,pht002572,phv00177944,6885,True
phs000007,pht002573,phv00167182,3965,True
phs000007,pht002573,phv00177930,15089,True
phs000007,pht005141,phv00254794,82,True
phs000007,pht006018,phv00276850,1071,True
phs000007,pht003094,phv00177249,3740,True
phs000007,pht003094,phv00177250,3742,True
phs000007,pht004814,phv00250725,387,True
phs000007,pht004814,phv00250749,387,True
phs000007,pht004815,phv00251275,284,True
phs000007,pht005140,phv00254023,2645,True
phs000007,pht005140,phv00254024,2644,True
phs000007,pht005141,phv00254605,210,True
phs000007,pht005142,phv00254996,140,True
phs000007,pht006007,phv00274716,89,True
phs000007,pht006008,phv00275071,32,True
phs000007,pht000009,phv00000705,4322,True
phs000007,pht000016,phv00002223,2734,True
phs000007,pht000017,phv00002446,2502,True
phs000007,pht000018,phv00002700,2231,True
phs000007,pht000019,phv00002965,2028,True
phs000007,pht000020,phv00003348,1717,True
phs000007,pht000021,phv00003782,1433,True
phs000007,pht000021,phv00004044,1436,True
phs000007,pht000022,phv00004217,1291,True
phs000007,pht000023,phv00004610,1207,True
phs000007,pht000024,phv00004946,1026,True
phs000007,pht000024,phv00004966,1057,True
phs000007,pht000025,phv00005566,909,True
phs000007,pht000025,phv00005586,909,True
phs000007,pht000026,phv00006117,710,True
phs000007,pht000026,phv00006138,712,True
phs000007,pht000027,phv00006457,663,True
phs000007,pht000027,phv00006478,669,True
phs000007,pht000028,phv00006845,535,True
phs000007,pht000028,phv00006869,541,True
phs000007,pht000029,phv00007282,381,True
phs000007,pht000029,phv00007306,409,True
phs000007,pht000692,phv00070370,292,True
phs000007,pht000031,phv00007709,3741,True
phs000007,pht000031,phv00007991,3740,True
phs000007,pht000031,phv00007992,3741,True
phs000007,pht000032,phv00008391,3752,True
phs000007,pht000032,phv00008676,3731,True
phs000007,pht000033,phv00008798,3887,True
phs000007,pht000034,phv00009174,3665,True
phs000007,pht000034,phv00009193,3675,True
phs000007,pht000035,phv00009674,3397,True
phs000007,pht000035,phv00009694,3394,True
phs000007,pht000036,phv00010151,3462,True
phs000007,pht000036,phv00010175,3463,True
phs000007,pht000747,phv00072052,2960,True
phs000007,pht000074,phv00020877,4034,True
phs000007,pht000395,phv00055253,934,True
phs000007,pht000395,phv00055341,973,True
phs000007,pht000396,phv00056701,794,True
phs000007,pht000397,phv00057006,789,True
phs000007,pht000020,phv00003349,248,True
phs000007,pht004813,phv00565505,490,True
phs000007,pht006005,phv00273711,101,True
phs000007,pht006006,phv00565874,404,True
phs000007,pht000016,phv00002375,2749,True
phs000007,pht000020,phv00003634,1720,True
phs000007,pht000009,phv00000487,5074,True
phs000007,pht000030,phv00007583,4969,True
phs000007,pht000031,phv00007926,3744,True
phs000007,pht000035,phv00010093,3159,True
phs000007,pht000395,phv00056590,973,True
phs000007,pht012881,phv00177926,15089,True
phs000007,pht012881,phv00520385,3135,True
phs000007,pht000688,phv00070362,3643,True
phs000007,pht000688,phv00177930,15089,True
phs000007,pht003901,phv00177934,11800,True
phs000007,pht003901,phv00177944,6885,True
phs000007,pht003901,phv00201991,3138,True
phs000007,pht003902,phv00177932,12547,True
phs000007,pht003902,phv00201995,3738,True
phs000007,pht004804,phv00177930,15089,True
phs000007,pht004804,phv00227080,402,True
phs000007,pht004805,phv00177936,8603,True
phs000007,pht004805,phv00177946,6103,True
phs000007,pht004805,phv00227085,2524,True
phs000007,pht002565,phv00166732,1619,True
phs000007,pht002565,phv00177938,8169,True
phs000007,pht002894,phv00172259,383,True
phs000007,pht002894,phv00177938,8169,True
phs000007,pht005144,phv00255391,888,True
phs000007,pht001045,phv00081018,1019,True
phs000007,pht000030,phv00007539,4875,True
phs000007,pht000031,phv00007975,3661,True
phs000007,pht000032,phv00008733,3234,True
phs000007,pht009755,phv00423782,2688,True
phs000007,pht006026,phv00277026,4475,True
phs000007,pht006026,phv00277027,3702,True
phs000007,pht009761,phv00423887,5308,True
phs000007,pht009761,phv00423888,3995,True
phs000007,pht009761,phv00423889,3833,True
phs000007,pht009761,phv00423890,3986,True
phs000007,pht009761,phv00544760,3718,True
phs000007,pht009761,phv00544761,3288,True
phs000007,pht009761,phv00544762,3215,True
phs000007,pht009761,phv00544763,2834,True
phs000007,pht009761,phv00544764,2234,True
phs000007,pht007777,phv00369677,713,True
phs000007,pht007777,phv00369766,543,True
phs000007,pht007777,phv00369678,671,True
phs000007,pht007777,phv00369767,482,True
phs000007,pht007777,phv00369679,542,True
phs000007,pht007777,phv00369768,324,True
phs000007,pht007777,phv00369680,411,True
phs000007,pht007777,phv00369769,212,True
phs000007,pht007777,phv00369681,302,True
phs000007,pht007777,phv00369770,137,True
phs000007,pht000013,phv00001584,1293,True
phs000007,pht000013,phv00001591,1342,True
phs000007,pht003094,phv00177496,3727,True
phs000007,pht004815,phv00251491,280,True
phs000007,pht005140,phv00254240,2572,True
phs000007,pht005141,phv00254748,180,True
phs000007,pht005142,phv00255139,114,True
phs000007,pht006007,phv00274864,77,True
phs000007,pht006008,phv00275222,34,True
phs000007,pht000012,phv00001407,3414,True
phs000007,pht000012,phv00001425,3415,True
phs000007,pht000012,phv00001528,3472,True
phs000007,pht000013,phv00001719,2842,True
phs000007,pht000013,phv00001740,1529,True
phs000007,pht000013,phv00001757,1529,True
phs000007,pht000014,phv00001996,3134,True
phs000007,pht000015,phv00002176,3008,True
phs000007,pht000016,phv00002371,2744,True
phs000007,pht000016,phv00002402,2187,True
phs000007,pht000017,phv00002611,2498,True
phs000007,pht000017,phv00002640,1513,True
phs000007,pht000018,phv00002817,2227,True
phs000007,pht000020,phv00003616,1692,True
phs000007,pht000021,phv00004042,1299,True
phs000007,pht000022,phv00004466,1246,True
phs000007,pht000023,phv00004896,1182,True
phs000007,pht000023,phv00004903,1135,True
phs000007,pht000024,phv00005265,999,True
phs000007,pht000025,phv00005892,860,True
phs000007,pht000026,phv00006249,669,True
phs000007,pht000027,phv00006643,618,True
phs000007,pht000692,phv00070539,262,True
phs000007,pht000009,phv00000505,5048,True
phs000007,pht000009,phv00000555,4655,True
phs000007,pht000009,phv00000567,4669,True
phs000007,pht000009,phv00000650,4298,True
phs000007,pht000009,phv00000663,4273,True
phs000007,pht000009,phv00000725,4406,True
phs000007,pht000009,phv00000735,4421,True
phs000007,pht000009,phv00000803,4287,True
phs000007,pht000009,phv00000818,4303,True
phs000007,pht000009,phv00000853,4126,True
phs000007,pht000009,phv00000884,4139,True
phs000007,pht000009,phv00000902,5079,True
phs000007,pht000009,phv00000908,5079,True
phs000007,pht000009,phv00000912,5079,True
phs000007,pht000009,phv00000937,4056,True
phs000007,pht000009,phv00001009,4067,True
phs000007,pht000009,phv00001024,4655,True
phs000007,pht000009,phv00001025,4273,True
phs000007,pht000009,phv00001026,4406,True
phs000007,pht000010,phv00001065,3885,True
phs000007,pht000010,phv00001073,3885,True
phs000007,pht000010,phv00001172,3907,True
phs000007,pht000011,phv00001212,3660,True
phs000007,pht000011,phv00001230,3660,True
phs000007,pht000011,phv00001333,3710,True
phs000007,pht000030,phv00007666,4977,True
phs000007,pht000031,phv00007907,3732,True
phs000007,pht000031,phv00007913,3301,True
phs000007,pht000031,phv00008017,0,True
phs000007,pht000031,phv00008367,4,True
phs000007,pht000032,phv00008674,3749,True
phs000007,pht000033,phv00009070,3860,True
phs000007,pht000034,phv00009523,3614,True
phs000007,pht000036,phv00010470,3395,True
phs000007,pht000747,phv00072295,2876,True
phs000007,pht000074,phv00021186,4028,True
phs000007,pht006026,phv00277036,4530,True
phs000007,pht006026,phv00277037,3727,True
phs000007,pht009761,phv00423906,5464,True
phs000007,pht009761,phv00423907,4116,True
phs000007,pht009761,phv00423908,4029,True
phs000007,pht009761,phv00369890,1246,True
phs000007,pht007777,phv00369891,1135,True
phs000007,pht007777,phv00369892,999,True
phs000007,pht007777,phv00369893,860,True
phs000007,pht007777,phv00369894,669,True
phs000007,pht007777,phv00369895,618,True
phs000007,pht007777,phv00369896,502,True
phs000007,pht007777,phv00369897,364,True
phs000007,pht007777,phv00369898,262,True
phs000007,pht007777,phv00369899,180,True
phs000007,pht007777,phv00369900,114,True
phs000007,pht007777,phv00369901,77,True
phs000007,pht007777,phv00369902,34,True
phs000007,pht000031,phv00008117,91,True
phs000007,pht000031,phv00008113,3584,True
phs000007,pht002889,phv00172183,2794,True
phs000007,pht004802,phv00227030,2496,True
phs000007,pht001045,phv00081035,977,True
phs000007,pht015118,phv00177938,8169,True
phs000007,pht015118,phv00177948,4936,True
phs000007,pht015118,phv00546089,1283,True
phs000007,pht000031,phv00008114,3584,True
phs000007,pht002889,phv00172184,2794,True
phs000007,pht004802,phv00227031,2496,True
phs000007,pht001045,phv00081036,977,True
phs000007,pht000031,phv00008112,3584,True
phs000007,pht002889,phv00172182,2794,True
phs000007,pht001045,phv00081033,977,True
phs000007,pht004802,phv00227029,2496,True
phs000007,pht000195,phv00024481,2536,True
phs000007,pht000194,phv00024414,4019,True
phs000007,pht000211,phv00024867,302,True
phs000007,pht000209,phv00024780,2919,True
phs000007,pht000210,phv00024826,4512,True
phs000007,pht000024,phv00004948,1057,True
phs000007,pht000024,phv00004949,1058,True
phs000007,pht000024,phv00004950,1058,True
phs000007,pht000024,phv00004951,1055,True
phs000007,pht000024,phv00004952,1056,True
phs000007,pht000024,phv00004953,1055,True
phs000007,pht000024,phv00004955,1056,True
phs000007,pht000024,phv00004957,1056,True
phs000007,pht000024,phv00004958,1055,True
phs000007,pht000024,phv00004959,1058,True
phs000007,pht000024,phv00004960,1056,True
phs000007,pht000024,phv00004961,1056,True
phs000007,pht000024,phv00004962,1056,True
phs000007,pht000024,phv00004963,1056,True
phs000007,pht000024,phv00004964,1056,True
phs000007,pht000024,phv00004965,1056,True
phs000007,pht000024,phv00004967,1058,True
phs000007,pht000024,phv00004969,1058,True
phs000007,pht000024,phv00004972,1059,True
phs000007,pht000024,phv00004973,1054,True
phs000007,pht000024,phv00004974,1059,True
phs000007,pht000024,phv00004975,1059,True
phs000007,pht000024,phv00004976,1056,True
phs000007,pht000024,phv00004977,1058,True
phs000007,pht000024,phv00004978,1059,True
phs000007,pht000024,phv00004979,1059,True
phs000007,pht000024,phv00004980,1052,True
phs000007,pht000024,phv00004981,1059,True
phs000007,pht000024,phv00004983,1059,True
phs000007,pht000024,phv00004984,1057,True
phs000007,pht000024,phv00004985,1059,True
phs000007,pht000024,phv00004986,1059,True
phs000007,pht000024,phv00004988,1058,True
phs000007,pht000024,phv00004991,1059,True
phs000007,pht000024,phv00004992,1059,True
phs000007,pht000025,phv00005568,910,True
phs000007,pht000025,phv00005569,910,True
phs000007,pht000025,phv00005570,910,True
phs000007,pht000025,phv00005571,909,True
phs000007,pht000025,phv00005572,909,True
phs000007,pht000025,phv00005573,908,True
phs000007,pht000025,phv00005575,907,True
phs000007,pht000025,phv00005577,909,True
phs000007,pht000025,phv00005578,909,True
phs000007,pht000025,phv00005582,909,True
phs000007,pht000025,phv00005583,909,True
phs000007,pht000025,phv00005584,909,True
phs000007,pht000025,phv00005585,909,True
phs000007,pht000025,phv00005592,911,True
phs000007,pht000025,phv00005593,911,True
phs000007,pht000025,phv00005594,911,True
phs000007,pht000025,phv00005595,911,True
phs000007,pht000025,phv00005596,911,True
phs000007,pht000025,phv00005601,910,True
phs000007,pht000025,phv00005603,910,True
phs000007,pht000026,phv00006119,711,True
phs000007,pht000026,phv00006120,712,True
phs000007,pht000026,phv00006121,712,True
phs000007,pht000026,phv00006122,712,True
phs000007,pht000026,phv00006123,692,True
phs000007,pht000026,phv00006124,712,True
phs000007,pht000026,phv00006125,709,True
phs000007,pht000026,phv00006127,712,True
phs000007,pht000026,phv00006129,712,True
phs000007,pht000026,phv00006130,712,True
phs000007,pht000026,phv00006134,712,True
phs000007,pht000026,phv00006135,712,True
phs000007,pht000026,phv00006136,712,True
phs000007,pht000026,phv00006137,712,True
phs000007,pht000026,phv00006143,713,True
phs000007,pht000026,phv00006144,713,True
phs000007,pht000026,phv00006145,713,True
phs000007,pht000026,phv00006146,713,True
phs000007,pht000026,phv00006147,713,True
phs000007,pht000026,phv00006152,713,True
phs000007,pht000026,phv00006154,713,True
phs000007,pht002889,phv00172195,2794,True
phs000007,pht004802,phv00227042,2493,True
phs000007,pht000823,phv00073727,4025,True
phs000007,pht000823,phv00177930,15089,True
phs000007,pht000012,phv00001479,2924,True
phs000007,pht000012,phv00177926,15089,True
phs000007,pht000013,phv00001664,1680,True
phs000007,pht000013,phv00177926,15089,True
phs000007,pht000013,phv00001786,1572,True
phs000007,pht000014,phv00002017,3135,True
phs000007,pht000014,phv00177926,15089,True
phs000007,pht000015,phv00002201,3011,True
phs000007,pht000015,phv00177926,15089,True
phs000007,pht000016,phv00002398,2748,True
phs000007,pht000016,phv00177926,15089,True
phs000007,pht000017,phv00002636,2507,True
phs000007,pht000017,phv00177926,15089,True
phs000007,pht000018,phv00002842,2234,True
phs000007,pht000018,phv00177926,15089,True
phs000007,pht000019,phv00003241,2025,True
phs000007,pht000019,phv00177926,15089,True
phs000007,pht000020,phv00003662,1713,True
phs000007,pht000020,phv00177926,15089,True
phs000007,pht000021,phv00004071,1430,True
phs000007,pht000021,phv00177926,15089,True
phs000007,pht000031,phv00007949,3742,True
phs000007,pht000031,phv00177926,15089,True
phs000007,pht000032,phv00008694,3558,True
phs000007,pht000032,phv00177926,15089,True
phs000007,pht000034,phv00009530,3671,True
phs000007,pht000074,phv00021067,4034,True
phs000007,pht004813,phv00565682,488,True
phs000007,pht006005,phv00273900,101,True
phs000007,pht006006,phv00566063,404,True
phs000007,pht002889,phv00172186,2777,True
phs000007,pht004802,phv00227033,2415,True
phs000007,pht001045,phv00081034,975,True
phs000007,pht002889,phv00172187,2793,True
phs000007,pht004802,phv00227034,2494,True
phs000007,pht000299,phv00036353,11090,True
phs000007,pht000299,phv00177930,15089,True
phs000007,pht000299,phv00177950,2852,True
phs000007,pht000299,phv00036354,11076,True
phs000007,pht000299,phv00036363,4025,True
phs000007,pht000299,phv00036355,11078,True
phs000007,pht000299,phv00036356,11086,True
phs000007,pht003094,phv00177464,3740,True
phs000007,pht006005,phv00273976,101,True
phs000007,pht004814,phv00250999,388,True
phs000007,pht004815,phv00251459,284,True
phs000007,pht005140,phv00254208,2639,True
phs000007,pht005141,phv00254716,199,True
phs000007,pht005142,phv00255106,129,True
phs000007,pht006007,phv00274831,83,True
phs000007,pht006008,phv00275189,35,True
phs000007,pht000149,phv00023257,5705,True
phs000007,pht000149,phv00177932,12547,True
phs000007,pht000149,phv00177960,2236,True
phs000007,pht000149,phv00177962,2064,True
phs000007,pht000149,phv00177964,1723,True
phs000007,pht000012,phv00001526,3472,True
phs000007,pht000013,phv00001717,2837,True
phs000007,pht000014,phv00001978,3136,True
phs000007,pht000015,phv00002158,3009,True
phs000007,pht000016,phv00002353,2749,True
phs000007,pht000017,phv00002593,2505,True
phs000007,pht000018,phv00002801,2232,True
phs000007,pht000019,phv00003180,2016,True
phs000007,pht000020,phv00003595,1702,True
phs000007,pht000021,phv00004003,1420,True
phs000007,pht000022,phv00004427,1283,True
phs000007,pht000023,phv00004869,1188,True
phs000007,pht000024,phv00005233,1040,True
phs000007,pht000025,phv00005860,893,True
phs000007,pht000026,phv00006217,699,True
phs000007,pht000026,phv00006219,698,True
phs000007,pht000027,phv00006612,652,True
phs000007,pht000028,phv00007046,520,True
phs000007,pht000029,phv00007481,388,True
phs000007,pht000692,phv00070507,279,True
phs000007,pht000010,phv00001174,1202,True
phs000007,pht000030,phv00007649,4977,True
phs000007,pht000031,phv00007889,3734,True
phs000007,pht000032,phv00008635,3750,True
phs000007,pht000033,phv00009031,3888,True
phs000007,pht000034,phv00009491,3673,True
phs000007,pht000035,phv00010005,3394,True
phs000007,pht000036,phv00010438,3446,True
phs000007,pht000747,phv00072263,2944,True
phs000007,pht000074,phv00021154,4035,True
phs000007,pht006018,phv00276825,872,True
phs000007,pht006018,phv00276826,1051,True
phs000007,pht006018,phv00276827,1048,True
phs000007,pht000149,phv00023258,5705,True
phs000007,pht000014,phv00001979,3132,True
phs000007,pht000015,phv00002159,3003,True
phs000007,pht000016,phv00002354,2745,True
phs000007,pht000017,phv00002594,2502,True
phs000007,pht000019,phv00003181,2014,True
phs000007,pht000020,phv00003596,1702,True
phs000007,pht000030,phv00007650,4976,True
phs000007,pht000031,phv00007890,3733,True
phs000007,pht000032,phv00008636,3747,True
phs000007,pht000031,phv00008109,3584,True
phs000007,pht002889,phv00172179,2790,True
phs000007,pht004802,phv00227026,2489,True
phs000007,pht001045,phv00081029,977,True
phs000007,pht000030,phv00007641,4461,True
phs000007,pht002889,phv00172185,2794,True
phs000007,pht004802,phv00227032,2496,True
phs000007,pht000098,phv00022090,3605,True
phs000007,pht000098,phv00177940,7541,True
phs000007,pht003094,phv00177686,3729,True
phs000007,pht006005,phv00274175,101,True
phs000007,pht004814,phv00251253,374,True
phs000007,pht004815,phv00251570,281,True
phs000007,pht004815,phv00251771,274,True
phs000007,pht005140,phv00254343,2586,True
phs000007,pht005140,phv00254569,2546,True
phs000007,pht000014,phv00001902,3112,True
phs000007,pht000022,phv00004158,1229,True
phs000007,pht000031,phv00007754,3740,True
phs000007,pht000033,phv00009109,3844,True
phs000007,pht000036,phv00010680,3210,True
phs000007,pht000747,phv00072369,2921,True
phs000007,pht000747,phv00072556,2882,True
phs000007,pht000074,phv00021348,4028,True
phs000007,pht000395,phv00055390,943,True
phs000007,pht000395,phv00055471,2961,True
phs000007,pht000395,phv00055472,2973,True
phs000007,pht000395,phv00056652,796,True
phs000007,pht000031,phv00008101,3593,True
phs000007,pht006018,phv00276858,1031,True
phs000007,pht002151,phv00157335,899,True
phs000007,pht002152,phv00157809,697,True
phs000007,pht002152,phv00177970,1210,True
phs000007,pht002153,phv00158129,628,True
phs000007,pht000680,phv00070229,3319,True
phs000007,pht000681,phv00068636,3035,True
phs000007,pht000682,phv00068753,2984,True
phs000007,pht002150,phv00157001,3743,True
phs000007,pht002900,phv00172710,3538,True
phs000007,pht002350,phv00162361,2680,True
phs000007,pht000018,phv00002682,2173,True
phs000007,pht000018,phv00002684,2173,True
phs000007,pht000019,phv00003249,1894,True
phs000007,pht000019,phv00003251,1893,True
phs000007,pht000103,phv00022584,1207,True
phs000007,pht000103,phv00177966,1440,True
phs000007,pht000103,phv00022586,1207,True
phs000007,pht000103,phv00022585,1201,True
phs000007,pht000103,phv00022597,1171,True
phs000007,pht000103,phv00022598,1172,True
phs000007,pht000103,phv00022600,1168,True
phs000007,pht000103,phv00022610,1110,True
phs000007,pht000103,phv00022611,1110,True
phs000007,pht000103,phv00022613,1106,True
phs000007,pht000103,phv00022623,901,True
phs000007,pht000103,phv00022624,901,True
phs000007,pht000103,phv00022626,899,True
phs000007,pht000103,phv00022636,710,True
phs000007,pht000103,phv00022637,707,True
phs000007,pht000103,phv00022639,703,True
phs000007,pht000103,phv00022651,1099,True
phs000007,pht000103,phv00022652,1100,True
phs000007,pht000103,phv00022654,1099,True
phs000007,pht000105,phv00022678,2314,True
phs000007,pht000105,phv00177934,11800,True
phs000007,pht000105,phv00022679,2314,True
phs000007,pht000105,phv00022681,2314,True
phs000007,pht000101,phv00022555,3133,True
phs000007,pht000101,phv00177938,8169,True
phs000007,pht000101,phv00022556,3133,True
phs000007,pht000101,phv00022565,3133,True
phs000007,pht000104,phv00022664,2711,True
phs000007,pht000104,phv00177940,7541,True
phs000007,pht000104,phv00022665,2711,True
phs000007,pht000104,phv00022674,2711,True
phs000007,pht000106,phv00022689,2514,True
phs000007,pht000106,phv00177942,7536,True
phs000007,pht000106,phv00022690,2514,True
phs000007,pht000106,phv00022699,2514,True
phs000007,pht000395,phv00055266,735,True
phs000007,pht000395,phv00055265,825,True
phs000007,pht000832,phv00073832,2536,True
phs000007,pht000832,phv00177944,6885,True
phs000007,pht000832,phv00073829,2536,True
phs000007,pht000832,phv00073837,2536,True
phs000007,pht000102,phv00022571,3780,True
phs000007,pht000102,phv00177930,15089,True
phs000007,pht000102,phv00022569,3780,True
phs000007,pht005170,phv00177930,15089,True
phs000007,pht005170,phv00257853,451,True
phs000007,pht005170,phv00257850,451,True
phs000007,pht005170,phv00257858,451,True
phs000007,pht003632,phv00177932,12547,True
phs000007,pht003632,phv00196552,3546,True
phs000007,pht003632,phv00196549,3546,True
phs000007,pht003632,phv00196557,3546,True
phs000007,pht005169,phv00177936,8603,True
phs000007,pht005169,phv00177946,6103,True
phs000007,pht005169,phv00257838,2088,True
phs000007,pht005169,phv00257835,2088,True
phs000007,pht005169,phv00257841,2088,True
phs000007,pht006018,phv00276851,715,True
phs000007,pht006005,phv00273897,101,True
phs000007,pht006005,phv00274016,100,True
phs000007,pht005142,phv00255077,137,True
phs000007,pht005142,phv00255320,139,True
phs000007,pht006007,phv00274797,76,True
phs000007,pht006007,phv00274801,76,True
phs000007,pht006007,phv00275045,14,True
phs000007,pht006008,phv00275154,35,True
phs000007,pht006008,phv00275158,34,True
phs000007,pht006008,phv00275379,1,True
phs000007,pht000026,phv00006304,345,True
phs000007,pht000035,phv00010098,3101,True
phs000007,pht000747,phv00072180,2947,True
phs000007,pht000747,phv00021064,4029,True
phs000007,pht006023,phv00276965,15089,True
phs000007,pht006023,phv00276966,1533,True
phs000007,pht006024,phv00276971,15089,True
phs000007,pht006024,phv00276972,1909,True
phs000007,pht006024,phv00276989,462,True
phs000007,pht006018,phv00276805,1076,True
phs000007,pht004814,phv00250746,387,True
phs000007,pht000021,phv00003780,1433,True
phs000007,pht000022,phv00004215,1294,True
phs000007,pht000023,phv00004608,1209,True
phs000007,pht000027,phv00006476,669,True
phs000007,pht000028,phv00006866,541,True
phs000007,pht000029,phv00007303,409,True
phs000007,pht000032,phv00008400,3752,True
phs000007,pht000033,phv00008796,3888,True
phs000007,pht000035,phv00009692,3396,True
phs000007,pht000036,phv00010172,3463,True
phs000007,pht005144,phv00255422,22,True
phs000007,pht000395,phv00055377,973,True
phs000007,pht000395,phv00055378,973,True
phs000007,pht000397,phv00056926,789,True
phs000007,pht000397,phv00056927,789,True
phs000007,pht004814,phv00250740,387,True
phs000007,pht000017,phv00002445,2504,True
phs000007,pht000018,phv00002699,2232,True
phs000007,pht000021,phv00003774,1432,True
phs000007,pht000023,phv00004602,1208,True
phs000007,pht000027,phv00006472,669,True
phs000007,pht000028,phv00006860,541,True
phs000007,pht000029,phv00007297,408,True
phs000007,pht000031,phv00007708,3743,True
phs000007,pht000032,phv00008394,3752,True
phs000007,pht000033,phv00008790,3890,True
phs000007,pht000035,phv00009686,3396,True
phs000007,pht000036,phv00010166,3462,True
phs000007,pht006018,phv00276808,1075,True
phs000007,pht004814,phv00250745,387,True
phs000007,pht000023,phv00004607,1151,True
phs000007,pht000027,phv00006475,669,True
phs000007,pht000028,phv00006865,541,True
phs000007,pht000029,phv00007302,408,True
phs000007,pht000035,phv00009691,3397,True
phs000007,pht000036,phv00010171,3462,True
phs000007,pht000395,phv00055363,973,True
phs000007,pht000395,phv00055364,973,True
phs000007,pht000397,phv00056930,789,True
phs000007,pht000397,phv00056931,789,True
phs000007,pht004814,phv00250748,387,True
phs000007,pht000028,phv00006868,540,True
phs000007,pht000029,phv00007305,409,True
phs000007,pht000036,phv00010174,3462,True
phs000007,pht000397,phv00056924,789,True
phs000007,pht000397,phv00056925,789,True
phs000007,pht006018,phv00276809,1075,True
phs000007,pht000016,phv00002221,2741,True
phs000007,pht000017,phv00002441,2505,True
phs000007,pht000018,phv00002695,2234,True
phs000007,pht000031,phv00007704,3744,True
phs000007,pht006018,phv00276806,1076,True
phs000007,pht004814,phv00250734,387,True
phs000007,pht004814,phv00250735,387,True
phs000007,pht000019,phv00002955,2028,True
phs000007,pht000020,phv00003328,1715,True
phs000007,pht000020,phv00003329,377,True
phs000007,pht000021,phv00003768,1434,True
phs000007,pht000022,phv00004203,1298,True
phs000007,pht000023,phv00004598,1210,True
phs000007,pht000027,phv00006466,666,True
phs000007,pht000027,phv00006467,664,True
phs000007,pht000028,phv00006854,541,True
phs000007,pht000028,phv00006855,541,True
phs000007,pht000029,phv00007291,408,True
phs000007,pht000029,phv00007292,405,True
phs000007,pht000033,phv00008784,3890,True
phs000007,pht000034,phv00009180,3675,True
phs000007,pht000035,phv00009680,3394,True
phs000007,pht000035,phv00009681,3389,True
phs000007,pht000036,phv00010160,3456,True
phs000007,pht000036,phv00010161,3453,True
phs000007,pht000395,phv00055374,973,True
phs000007,pht000395,phv00055375,973,True
phs000007,pht000032,phv00008387,3751,True
phs000007,pht000032,phv00009179,3676,True
phs000007,pht004814,phv00250730,387,True
phs000007,pht004814,phv00250731,387,True
phs000007,pht000019,phv00002954,2027,True
phs000007,pht000020,phv00003326,1716,True
phs000007,pht000021,phv00003767,1433,True
phs000007,pht000021,phv00004202,1298,True
phs000007,pht000023,phv00004597,1209,True
phs000007,pht000027,phv00006462,665,True
phs000007,pht000027,phv00006463,659,True
phs000007,pht000028,phv00006850,541,True
phs000007,pht000028,phv00006851,541,True
phs000007,pht000029,phv00007287,408,True
phs000007,pht000029,phv00007288,408,True
phs000007,pht000032,phv00008386,3751,True
phs000007,pht000033,phv00008783,3888,True
phs000007,pht000034,phv00009178,3676,True
phs000007,pht000035,phv00009679,3396,True
phs000007,pht000036,phv00010156,3459,True
phs000007,pht000036,phv00010157,3454,True
phs000007,pht000395,phv00055376,973,True
phs000007,pht000397,phv00056933,789,True
phs000007,pht000397,phv00056953,789,True
phs000007,pht000397,phv00056954,789,True
phs000007,pht000397,phv00056999,789,True
phs000007,pht000397,phv00057000,789,True
phs000007,pht004814,phv00250743,387,True
phs000007,pht004814,phv00250744,387,True
phs000007,pht000019,phv00002961,2027,True
phs000007,pht000019,phv00002962,2027,True
phs000007,pht000020,phv00003340,1717,True
phs000007,pht000020,phv00003343,245,True
phs000007,pht000021,phv00003776,1433,True
phs000007,pht000021,phv00003777,1433,True
phs000007,pht000022,phv00004211,1293,True
phs000007,pht000022,phv00004212,1294,True
phs000007,pht000023,phv00004605,1209,True
phs000007,pht000023,phv00004606,1153,True
phs000007,pht000025,phv00005581,909,True
phs000007,pht000026,phv00006133,712,True
phs000007,pht000027,phv00006474,669,True
phs000007,pht000028,phv00006863,540,True
phs000007,pht000028,phv00006864,541,True
phs000007,pht000029,phv00007300,409,True
phs000007,pht000029,phv00007301,409,True
phs000007,pht000032,phv00008396,3752,True
phs000007,pht000032,phv00008397,3752,True
phs000007,pht000033,phv00008792,3889,True
phs000007,pht000033,phv00008793,3886,True
phs000007,pht000034,phv00009188,3677,True
phs000007,pht000035,phv00009689,3396,True
phs000007,pht000035,phv00009690,3396,True
phs000007,pht000036,phv00010169,3462,True
phs000007,pht000036,phv00010170,3462,True
phs000007,pht004814,phv00250737,387,True
phs000007,pht004814,phv00250738,387,True
phs000007,pht004814,phv00250739,387,True
phs000007,pht000012,phv00001439,3441,True
phs000007,pht000013,phv00001622,2251,True
phs000007,pht000014,phv00001822,3117,True
phs000007,pht000015,phv00002041,2991,True
phs000007,pht000016,phv00002224,2740,True
phs000007,pht000017,phv00002447,2506,True
phs000007,pht000018,phv00002701,2233,True
phs000007,pht000019,phv00002958,2029,True
phs000007,pht000019,phv00002959,2026,True
phs000007,pht000020,phv00003334,1717,True
phs000007,pht000020,phv00003336,1717,True
phs000007,pht000021,phv00003772,1433,True
phs000007,pht000021,phv00003773,1432,True
phs000007,pht000022,phv00004207,1296,True
phs000007,pht000022,phv00004208,1296,True
phs000007,pht000022,phv00004209,1295,True
phs000007,pht000023,phv00004599,1209,True
phs000007,pht000023,phv00004601,1210,True
phs000007,pht000025,phv00004958,1055,True
phs000007,pht000027,phv00006469,669,True
phs000007,pht000027,phv00006471,669,True
phs000007,pht000028,phv00006857,540,True
phs000007,pht000028,phv00006859,541,True
phs000007,pht000029,phv00007294,408,True
phs000007,pht000029,phv00007296,408,True
phs000007,pht000009,phv00000867,3853,True
phs000007,pht000009,phv00000952,4048,True
phs000007,pht000010,phv00001130,3882,True
phs000007,pht000011,phv00001245,3682,True
phs000007,pht000030,phv00007590,4954,True
phs000007,pht000030,phv00007591,4944,True
phs000007,pht000031,phv00007710,3744,True
phs000007,pht000032,phv00008392,3752,True
phs000007,pht000033,phv00008788,3889,True
phs000007,pht000033,phv00008789,3888,True
phs000007,pht000034,phv00009182,3677,True
phs000007,pht000034,phv00009184,3674,True
phs000007,pht000034,phv00009185,3676,True
phs000007,pht000035,phv00009685,3395,True
phs000007,pht000036,phv00010163,3461,True
phs000007,pht000036,phv00010165,3462,True
phs000007,pht000395,phv00055358,973,True
phs000007,pht000395,phv00055359,973,True
phs000007,pht000395,phv00055381,973,True
phs000007,pht000397,phv00056959,789,True
phs000007,pht000397,phv00056968,789,True
phs000007,pht000397,phv00057004,789,True
phs000007,pht004814,phv00250767,388,True
phs000007,pht000014,phv00001827,3133,True
phs000007,pht000015,phv00002046,3009,True
phs000007,pht000016,phv00002229,2745,True
phs000007,pht000017,phv00002451,2508,True
phs000007,pht000018,phv00002705,2235,True
phs000007,pht000019,phv00002970,2028,True
phs000007,pht000020,phv00003358,1717,True
phs000007,pht000021,phv00003789,1433,True
phs000007,pht000022,phv00004224,1299,True
phs000007,pht000023,phv00004620,1210,True
phs000007,pht000027,phv00006492,666,True
phs000007,pht000028,phv00006887,541,True
phs000007,pht000029,phv00007324,408,True
phs000007,pht000031,phv00007718,3743,True
phs000007,pht000032,phv00008404,3754,True
phs000007,pht000033,phv00008805,3885,True
phs000007,pht000034,phv00009207,3678,True
phs000007,pht000035,phv00009708,3395,True
phs000007,pht000036,phv00010193,3466,True
phs000007,pht000395,phv00055345,973,True
phs000007,pht000397,phv00056962,789,True
phs000007,pht003094,phv00177254,3742,True
phs000007,pht006005,phv00273715,101,True
phs000007,pht005140,phv00254028,2652,True
phs000007,pht006008,phv00275073,36,True
phs000007,pht000074,phv00020881,4033,True
phs000007,pht004814,phv00250758,386,True
phs000007,pht004814,phv00250759,386,True
phs000007,pht004814,phv00250760,386,True
phs000007,pht000027,phv00006483,668,True
phs000007,pht000027,phv00006484,668,True
phs000007,pht000027,phv00006485,668,True
phs000007,pht000028,phv00006878,541,True
phs000007,pht000028,phv00006879,541,True
phs000007,pht000028,phv00006880,541,True
phs000007,pht000029,phv00007315,408,True
phs000007,pht000029,phv00007316,408,True
phs000007,pht000029,phv00007317,408,True
phs000007,pht000030,phv00007593,4955,True
phs000007,pht000031,phv00007711,3742,True
phs000007,pht000032,phv00008401,3753,True
phs000007,pht000033,phv00008800,3885,True
phs000007,pht000034,phv00009198,3678,True
phs000007,pht000034,phv00009199,3678,True
phs000007,pht000034,phv00009200,3678,True
phs000007,pht000034,phv00009202,3677,True
phs000007,pht000035,phv00009699,3401,True
phs000007,pht000035,phv00009700,3401,True
phs000007,pht000035,phv00009701,3401,True
phs000007,pht000035,phv00009703,3401,True
phs000007,pht000036,phv00010184,3464,True
phs000007,pht000036,phv00010185,3464,True
phs000007,pht000036,phv00010186,3464,True
phs000007,pht000036,phv00010188,3464,True
phs000007,pht000395,phv00055369,973,True
phs000007,pht000395,phv00055370,973,True
phs000007,pht000397,phv00056940,789,True
phs000007,pht000397,phv00056957,789,True
phs000007,pht000397,phv00056971,789,True
phs000007,pht000029,phv00007319,407,True
phs000007,pht000009,phv00000868,3557,True
phs000007,pht000028,phv00006882,541,True
phs000007,pht000027,phv00006487,667,True
phs000007,pht000023,phv00004615,1210,True
phs000007,pht000022,phv00004219,1299,True
phs000007,pht000021,phv00003784,1433,True
phs000007,pht000018,phv00002702,2235,True
phs000007,pht000017,phv00002448,2505,True
phs000007,pht000016,phv00002226,2745,True
phs000007,pht000015,phv00002043,3009,True
phs000007,pht000014,phv00001824,3131,True
phs000007,pht000013,phv00001624,2852,True
phs000007,pht000012,phv00001441,3445,True
phs000007,pht004814,phv00250762,387,True
phs000007,pht004813,phv00565529,490,True
phs000007,pht004813,phv00565530,490,True
phs000007,pht004813,phv00565531,490,True
phs000007,pht004813,phv00565532,490,True
phs000007,pht004813,phv00565533,490,True
phs000007,pht000074,phv00020879,4034,True
phs000007,pht006005,phv00273713,101,True
phs000007,pht006006,phv00565876,404,True
phs000007,pht004814,phv00250769,388,True
phs000007,pht004814,phv00250770,387,True
phs000007,pht004814,phv00250771,386,True
phs000007,pht004814,phv00250772,387,True
phs000007,pht004814,phv00250773,386,True
phs000007,pht004814,phv00250774,386,True
phs000007,pht004814,phv00250775,386,True
phs000007,pht004814,phv00250776,386,True
phs000007,pht000012,phv00001445,2835,True
phs000007,pht000013,phv00001628,2828,True
phs000007,pht000014,phv00001829,3132,True
phs000007,pht000015,phv00002048,3007,True
phs000007,pht000016,phv00002230,2745,True
phs000007,pht000017,phv00002452,2508,True
phs000007,pht000018,phv00002706,2235,True
phs000007,pht000019,phv00002969,2028,True
phs000007,pht000020,phv00003356,1716,True
phs000007,pht000021,phv00003790,1433,True
phs000007,pht000022,phv00004225,1300,True
phs000007,pht000023,phv00004621,1210,True
phs000007,pht000027,phv00006494,669,True
phs000007,pht000028,phv00006889,541,True
phs000007,pht000028,phv00006890,541,True
phs000007,pht000028,phv00006891,521,True
phs000007,pht000028,phv00006892,541,True
phs000007,pht000028,phv00006893,541,True
phs000007,pht000028,phv00006894,541,True
phs000007,pht000028,phv00006895,521,True
phs000007,pht000028,phv00006896,521,True
phs000007,pht000028,phv00006897,541,True
phs000007,pht000028,phv00006898,541,True
phs000007,pht000029,phv00007326,407,True
phs000007,pht000029,phv00007327,405,True
phs000007,pht000029,phv00007328,405,True
phs000007,pht000029,phv00007329,405,True
phs000007,pht000029,phv00007330,405,True
phs000007,pht000029,phv00007331,404,True
phs000007,pht000029,phv00007332,405,True
phs000007,pht000029,phv00007333,404,True
phs000007,pht000029,phv00007334,404,True
phs000007,pht000029,phv00007335,404,True
phs000007,pht000030,phv00007597,4954,True
phs000007,pht000031,phv00007715,3743,True
phs000007,pht000032,phv00008405,3753,True
phs000007,pht000033,phv00008806,3882,True
phs000007,pht000034,phv00009209,3677,True
phs000007,pht000035,phv00009710,3400,True
phs000007,pht000036,phv00010195,3466,True
phs000007,pht000036,phv00010196,3460,True
phs000007,pht000036,phv00010197,3460,True
phs000007,pht000036,phv00010198,3459,True
phs000007,pht000036,phv00010199,3462,True
phs000007,pht000036,phv00010200,3458,True
phs000007,pht000036,phv00010201,3460,True
phs000007,pht000036,phv00010202,3457,True
phs000007,pht000397,phv00056978,789,True
phs000007,pht004814,phv00250761,386,True
phs000007,pht000027,phv00006486,668,True
phs000007,pht000028,phv00006881,541,True
phs000007,pht000029,phv00007318,408,True
phs000007,pht000035,phv00009702,3401,True
phs000007,pht000036,phv00010187,3465,True
phs000007,pht006018,phv00276812,1077,True
phs000007,pht004814,phv00250747,387,True
phs000007,pht000019,phv00002964,2027,True
phs000007,pht000020,phv00003346,1717,True
phs000007,pht000021,phv00003781,1433,True
phs000007,pht000022,phv00004216,1292,True
phs000007,pht000023,phv00004609,1208,True
phs000007,pht000027,phv00006477,669,True
phs000007,pht000028,phv00006867,541,True
phs000007,pht000029,phv00007304,409,True
phs000007,pht000032,phv00008389,3753,True
phs000007,pht000033,phv00008797,3887,True
phs000007,pht000034,phv00009192,3676,True
phs000007,pht000035,phv00009693,3395,True
phs000007,pht000036,phv00010173,3462,True
phs000007,pht000395,phv00055368,973,True
phs000007,pht000395,phv00055379,973,True
phs000007,pht000395,phv00055380,973,True
phs000007,pht000397,phv00056997,789,True
phs000007,pht000397,phv00056998,789,True
phs000007,pht006018,phv00276811,1075,True
phs000007,pht000035,phv00010135,3355,True
phs000007,pht009761,phv00423929,5381,True
phs000007,pht000013,phv00001581,1309,True
phs000007,pht000036,phv00010142,3265,True
phs000007,pht000074,phv00021391,4031,True
phs000007,pht000742,phv00071890,2859,True
phs000007,pht004801,phv00227014,489,True
phs000007,pht006010,phv00275402,384,True
phs000007,pht006011,phv00275413,284,True
phs000007,pht006026,phv00277047,4536,True
phs000007,pht006026,phv00277048,3738,True
phs000007,pht009761,phv00544738,2391,True
phs000007,pht009761,phv00544854,2242,True
phs000007,pht009761,phv00544850,3817,True
phs000007,pht007777,phv00370081,137,True
phs000007,pht007777,phv00370078,490,True
phs000007,pht007777,phv00369656,4298,True
phs000007,pht007777,phv00370065,4048,True
phs000007,pht007777,phv00369660,4068,True
phs000007,pht007777,phv00370069,3917,True
phs000007,pht007777,phv00369667,2750,True
phs000007,pht007777,phv00370072,2687,True
phs000007,pht007777,phv00369661,3909,True
phs000007,pht007777,phv00370070,3777,True
phs000007,pht007777,phv00369659,4139,True
phs000007,pht007777,phv00370068,3954,True
phs000007,pht007777,phv00369673,1301,True
phs000007,pht007777,phv00370074,1172,True
phs000007,pht007777,phv00370077,569,True
phs000007,pht007777,phv00369668,2511,True
phs000007,pht007777,phv00370073,2431,True
phs000007,pht007777,phv00369655,4671,True
phs000007,pht007777,phv00370064,4467,True
phs000007,pht007777,phv00369666,3011,True
phs000007,pht007777,phv00370071,2895,True
phs000007,pht007777,phv00369676,913,True
phs000007,pht007777,phv00370076,740,True
phs000007,pht007777,phv00369675,1059,True
phs000007,pht007777,phv00370075,847,True
phs000007,pht007777,phv00369654,5079,True
phs000007,pht007777,phv00370063,3092,True
phs000007,pht007777,phv00369658,4303,True
phs000007,pht007777,phv00370067,4118,True
phs000007,pht007777,phv00370079,326,True
phs000007,pht007777,phv00370080,215,True
phs000007,pht009755,phv00423784,2688,True
phs000007,pht009761,phv00423932,4083,True
phs000007,pht009761,phv00423931,3913,True
phs000007,pht009761,phv00423930,4046,True
phs000007,pht009755,phv00423783,2688,True
phs000007,pht000009,phv00000931,1679,True
phs000007,pht000010,phv00001054,779,True
phs000007,pht000011,phv00001209,2598,True
phs000007,pht000034,phv00009576,3651,True
phs000007,pht000035,phv00010136,3355,True
phs000007,pht000036,phv00010144,3265,True
phs000007,pht000074,phv00021393,4031,True
phs000007,pht000742,phv00071892,2859,True
phs000007,pht002889,phv00172172,3738,True
phs000007,pht005143,phv00255342,505,True
phs000007,pht004801,phv00227015,489,True
phs000007,pht006010,phv00275403,384,True
phs000007,pht006011,phv00275415,284,True
phs000007,pht004802,phv00227056,2523,True
phs000007,pht001045,phv00081038,1127,True
phs000007,pht000395,phv00055264,837,True
phs000007,pht006026,phv00277049,4536,True
phs000007,pht006026,phv00277050,3738,True
phs000007,pht009761,phv00423933,5379,True
phs000007,pht009761,phv00423934,4046,True
phs000007,pht009761,phv00423935,3912,True
phs000007,pht009761,phv00423936,4081,True
phs000007,pht007777,phv00370082,1679,True
phs000007,pht007777,phv00370083,779,True
phs000007,pht007777,phv00370084,558,True
phs000007,pht007777,phv00370085,490,True
phs000007,pht007777,phv00370086,326,True
phs000007,pht007777,phv00370087,215,True
phs000007,pht007777,phv00370088,137,True
phs000007,pht002072,phv00141866,3332,True
phs000007,pht002072,phv00141868,3332,True
phs000007,pht002072,phv00177940,7541,True
phs000007,pht006018,phv00276804,186,True
phs000007,pht000031,phv00008002,3662,True
phs000007,pht007776,phv00369621,799,True
phs000007,pht006018,phv00276882,746,True
phs000007,pht007776,phv00369618,841,True
phs000007,pht006018,phv00276881,742,True
phs000007,pht007776,phv00369617,802,True
phs000007,pht006018,phv00276883,832,True
phs000007,pht007776,phv00369619,1122,True
phs000007,pht006018,phv00276884,726,True
phs000007,pht007776,phv00369620,576,True
phs000007,pht002151,phv00157632,896,True
phs000007,pht002151,phv00157633,893,True
phs000007,pht002151,phv00157634,886,True
phs000007,pht002151,phv00157635,893,True
phs000007,pht002151,phv00157636,894,True
phs000007,pht002151,phv00157637,894,True
phs000007,pht002151,phv00157638,894,True
phs000007,pht002151,phv00157639,896,True
phs000007,pht002151,phv00157640,896,True
phs000007,pht002151,phv00157641,898,True
phs000007,pht002151,phv00157642,860,True
phs000007,pht002151,phv00157643,893,True
phs000007,pht002151,phv00157644,893,True
phs000007,pht002151,phv00157645,898,True
phs000007,pht002151,phv00157646,894,True
phs000007,pht002151,phv00157647,895,True
phs000007,pht002151,phv00157648,885,True
phs000007,pht002151,phv00157649,897,True
phs000007,pht002151,phv00157650,895,True
phs000007,pht002151,phv00157651,896,True
phs000007,pht002151,phv00157652,890,True
phs000007,pht002151,phv00157653,894,True
phs000007,pht002151,phv00157654,897,True
phs000007,pht002151,phv00157655,892,True
phs000007,pht002151,phv00157656,895,True
phs000007,pht002151,phv00157657,894,True
phs000007,pht002151,phv00157658,896,True
phs000007,pht002151,phv00157659,895,True
phs000007,pht002153,phv00158435,620,True
phs000007,pht002153,phv00158436,609,True
phs000007,pht002153,phv00158437,605,True
phs000007,pht002153,phv00158438,615,True
phs000007,pht002153,phv00158439,614,True
phs000007,pht002153,phv00158440,622,True
phs000007,pht002153,phv00158441,616,True
phs000007,pht002153,phv00158442,624,True
phs000007,pht002153,phv00158443,615,True
phs000007,pht002153,phv00158444,624,True
phs000007,pht002153,phv00158445,612,True
phs000007,pht002153,phv00158446,617,True
phs000007,pht002153,phv00158447,619,True
phs000007,pht002153,phv00158448,624,True
phs000007,pht002153,phv00158449,611,True
phs000007,pht002153,phv00158450,621,True
phs000007,pht002153,phv00158451,616,True
phs000007,pht002153,phv00158452,625,True
phs000007,pht002153,phv00158453,625,True
phs000007,pht002153,phv00158454,624,True
phs000007,pht002153,phv00158455,610,True
phs000007,pht002153,phv00158456,621,True
phs000007,pht002153,phv00158457,618,True
phs000007,pht002153,phv00158458,616,True
phs000007,pht002153,phv00158459,620,True
phs000007,pht002153,phv00158460,624,True
phs000007,pht002153,phv00158461,620,True
phs000007,pht002153,phv00158462,625,True
phs000007,pht000680,phv00070081,3306,True
phs000007,pht000680,phv00070082,3269,True
phs000007,pht000680,phv00070083,3258,True
phs000007,pht000680,phv00070084,3288,True
phs000007,pht000680,phv00070085,3283,True
phs000007,pht000680,phv00070086,3300,True
phs000007,pht000680,phv00070087,3290,True
phs000007,pht000680,phv00070088,3310,True
phs000007,pht000680,phv00070089,3301,True
phs000007,pht000680,phv00070090,3295,True
phs000007,pht000680,phv00070091,3278,True
phs000007,pht000680,phv00070092,3285,True
phs000007,pht000680,phv00070093,3291,True
phs000007,pht000680,phv00070094,3309,True
phs000007,pht000680,phv00070095,3274,True
phs000007,pht000680,phv00070096,3301,True
phs000007,pht000680,phv00070097,3283,True
phs000007,pht000680,phv00070098,3309,True
phs000007,pht000680,phv00070099,3315,True
phs000007,pht000680,phv00070100,3302,True
phs000007,pht000680,phv00070101,3295,True
phs000007,pht000680,phv00070102,3285,True
phs000007,pht000680,phv00070103,3285,True
phs000007,pht000680,phv00070104,3298,True
phs000007,pht000680,phv00070105,3305,True
phs000007,pht000680,phv00070106,3308,True
phs000007,pht000680,phv00070107,3298,True
phs000007,pht000680,phv00070108,3314,True
phs000007,pht000681,phv00068488,3027,True
phs000007,pht000681,phv00068489,3004,True
phs000007,pht000681,phv00068490,2979,True
phs000007,pht000681,phv00068491,3001,True
phs000007,pht000681,phv00068492,3018,True
phs000007,pht000681,phv00068493,3024,True
phs000007,pht000681,phv00068494,3010,True
phs000007,pht000681,phv00068495,3026,True
phs000007,pht000681,phv00068496,3018,True
phs000007,pht000681,phv00068497,3016,True
phs000007,pht000681,phv00068498,2997,True
phs000007,pht000681,phv00068499,3011,True
phs000007,pht000681,phv00068500,3004,True
phs000007,pht000681,phv00068501,3021,True
phs000007,pht000681,phv00068502,3013,True
phs000007,pht000681,phv00068503,3009,True
phs000007,pht000681,phv00068504,3007,True
phs000007,pht000681,phv00068505,3020,True
phs000007,pht000681,phv00068506,3030,True
phs000007,pht000681,phv00068507,3025,True
phs000007,pht000681,phv00068508,3011,True
phs000007,pht000681,phv00068509,3009,True
phs000007,pht000681,phv00068510,3008,True
phs000007,pht000681,phv00068511,3015,True
phs000007,pht000681,phv00068512,3016,True
phs000007,pht000681,phv00068513,3025,True
phs000007,pht000681,phv00068514,3011,True
phs000007,pht000681,phv00068515,3028,True
phs000007,pht000682,phv00069057,2971,True
phs000007,pht000682,phv00069058,2945,True
phs000007,pht000682,phv00069059,2940,True
phs000007,pht000682,phv00069060,2958,True
phs000007,pht000682,phv00069061,2966,True
phs000007,pht000682,phv00069062,2973,True
phs000007,pht000682,phv00069063,2965,True
phs000007,pht000682,phv00069064,2977,True
phs000007,pht000682,phv00069065,2970,True
phs000007,pht000682,phv00069066,2962,True
phs000007,pht000682,phv00069067,2957,True
phs000007,pht000682,phv00069068,2967,True
phs000007,pht000682,phv00069069,2972,True
phs000007,pht000682,phv00069070,2974,True
phs000007,pht000682,phv00069071,2955,True
phs000007,pht000682,phv00069072,2961,True
phs000007,pht000682,phv00069073,2956,True
phs000007,pht000682,phv00069074,2979,True
phs000007,pht000682,phv00069075,2980,True
phs000007,pht000682,phv00069076,2973,True
phs000007,pht000682,phv00069077,2966,True
phs000007,pht000682,phv00069078,2967,True
phs000007,pht000682,phv00069079,2953,True
phs000007,pht000682,phv00069080,2966,True
phs000007,pht000682,phv00069081,2972,True
phs000007,pht000682,phv00069082,2978,True
phs000007,pht000682,phv00069083,2975,True
phs000007,pht000682,phv00069084,2978,True
phs000007,pht002150,phv00157191,3704,True
phs000007,pht002150,phv00157192,3672,True
phs000007,pht002150,phv00157193,3663,True
phs000007,pht002150,phv00157194,3674,True
phs000007,pht002150,phv00157195,3683,True
phs000007,pht002150,phv00157196,3698,True
phs000007,pht002150,phv00157197,3701,True
phs000007,pht002150,phv00157198,3703,True
phs000007,pht002150,phv00157199,3704,True
phs000007,pht002150,phv00157200,3699,True
phs000007,pht002150,phv00157201,3695,True
phs000007,pht002150,phv00157202,3680,True
phs000007,pht002150,phv00157203,3692,True
phs000007,pht002150,phv00157204,3697,True
phs000007,pht002150,phv00157205,3668,True
phs000007,pht002150,phv00157206,3690,True
phs000007,pht002150,phv00157207,3663,True
phs000007,pht002150,phv00157208,3700,True
phs000007,pht002150,phv00157209,3707,True
phs000007,pht002150,phv00157210,3701,True
phs000007,pht002150,phv00157211,3692,True
phs000007,pht002150,phv00157212,3668,True
phs000007,pht002150,phv00157213,3689,True
phs000007,pht002150,phv00157214,3692,True
phs000007,pht002150,phv00157215,3687,True
phs000007,pht002150,phv00157216,3679,True
phs000007,pht002150,phv00157217,3683,True
phs000007,pht002150,phv00157218,3696,True
phs000007,pht002900,phv00172970,3534,True
phs000007,pht002900,phv00172971,3531,True
phs000007,pht002900,phv00172972,3510,True
phs000007,pht002900,phv00172973,3532,True
phs000007,pht002900,phv00172974,3526,True
phs000007,pht002900,phv00172975,3526,True
phs000007,pht002900,phv00172976,3530,True
phs000007,pht002900,phv00172977,3532,True
phs000007,pht002900,phv00172978,3537,True
phs000007,pht002900,phv00172979,3534,True
phs000007,pht002900,phv00172980,3533,True
phs000007,pht002900,phv00172981,3531,True
phs000007,pht002900,phv00172982,3530,True
phs000007,pht002900,phv00172983,3528,True
phs000007,pht002900,phv00172984,3530,True
phs000007,pht002900,phv00172985,3523,True
phs000007,pht002900,phv00172986,3530,True
phs000007,pht002900,phv00172987,3531,True
phs000007,pht002900,phv00172988,3533,True
phs000007,pht002900,phv00172989,3529,True
phs000007,pht002900,phv00172990,3532,True
phs000007,pht002900,phv00172991,3518,True
phs000007,pht002900,phv00172992,3535,True
phs000007,pht002900,phv00172993,3532,True
phs000007,pht002900,phv00172994,3522,True
phs000007,pht002900,phv00172995,3527,True
phs000007,pht002900,phv00172996,3531,True
phs000007,pht002900,phv00172997,3532,True
phs000007,pht002350,phv00162569,2667,True
phs000007,pht002350,phv00162570,2634,True
phs000007,pht002350,phv00162571,2633,True
phs000007,pht002350,phv00162572,2651,True
phs000007,pht002350,phv00162573,2658,True
phs000007,pht002350,phv00162574,2655,True
phs000007,pht002350,phv00162575,2656,True
phs000007,pht002350,phv00162576,2669,True
phs000007,pht002350,phv00162577,2666,True
phs000007,pht002350,phv00162578,2662,True
phs000007,pht002350,phv00162579,2643,True
phs000007,pht002350,phv00162580,2643,True
phs000007,pht002350,phv00162581,2642,True
phs000007,pht002350,phv00162582,2666,True
phs000007,pht002350,phv00162583,2640,True
phs000007,pht002350,phv00162584,2665,True
phs000007,pht002350,phv00162585,2647,True
phs000007,pht002350,phv00162586,2673,True
phs000007,pht002350,phv00162587,2676,True
phs000007,pht002350,phv00162588,2657,True
phs000007,pht002350,phv00162589,2657,True
phs000007,pht002350,phv00162590,2641,True
phs000007,pht002350,phv00162591,2644,True
phs000007,pht002350,phv00162592,2661,True
phs000007,pht002350,phv00162593,2664,True
phs000007,pht002350,phv00162594,2668,True
phs000007,pht002350,phv00162595,2651,True
phs000007,pht002350,phv00162596,2668,True
phs000007,pht006005,phv00273899,101,True
phs000007,pht000692,phv00070487,300,True
phs000007,pht000074,phv00021066,4033,True
phs000007,pht000744,phv00071923,92,True
phs000007,pht000744,phv00071924,40,True
phs000007,pht000744,phv00071925,9,True
phs000007,pht000744,phv00071926,7,True
phs000007,pht000744,phv00071928,212,True
phs000007,pht000744,phv00071929,19,True
phs000007,pht010724,phv00461919,3461,True
phs000007,pht006005,phv00273898,101,True
phs000007,pht000028,phv00007028,503,True
phs000007,pht000029,phv00007461,410,True
phs000007,pht000692,phv00070486,299,True
phs000007,pht000036,phv00010342,3427,True
phs000007,pht000036,phv00010343,3427,True
phs000007,pht000036,phv00010478,3274,True
phs000007,pht000074,phv00021065,4036,True
phs000007,pht000744,phv00071915,39,True
phs000007,pht000744,phv00071917,537,True
phs000007,pht000744,phv00071919,5,True
phs000007,pht000744,phv00071934,11,True
phs000007,pht000744,phv00071930,340,True
phs000007,pht000744,phv00071932,230,True
phs000007,pht000744,phv00071933,9,True
phs000007,pht010724,phv00461918,3461,True
phs000007,pht006008,phv00276986,462,True
phs000007,pht000139,phv00023150,1382,True
phs000007,pht000139,phv00177942,7536,True
phs000007,pht000140,phv00023159,1933,True
phs000007,pht000140,phv00177930,15089,True
phs000007,pht003094,phv00177543,3739,True
phs000007,pht006005,phv00274057,101,True
phs000007,pht004814,phv00251065,384,True
phs000007,pht004815,phv00251538,284,True
phs000007,pht004815,phv00251540,284,True
phs000007,pht005140,phv00254291,2525,True
phs000007,pht000021,phv00003672,1330,True
phs000007,pht000022,phv00004088,1168,True
phs000007,pht000023,phv00004530,1018,True
phs000007,pht000024,phv00005544,863,True
phs000007,pht000025,phv00005924,738,True
phs000007,pht000033,phv00008767,3862,True
phs000007,pht000034,phv00009555,3660,True
phs000007,pht000035,phv00010112,3331,True
phs000007,pht000036,phv00010502,3242,True
phs000007,pht000747,phv00072341,2887,True
phs000007,pht000747,phv00072342,2893,True
phs000007,pht000074,phv00021235,4015,True
phs000007,pht006026,phv00277053,4519,True
phs000007,pht006026,phv00277054,3739,True
phs000007,pht006026,phv00520309,3445,True
phs000007,pht009761,phv00423941,483,True
phs000007,pht009761,phv00423942,384,True
phs000007,pht009761,phv00423943,284,True
phs000007,pht009761,phv00423944,4143,True
phs000007,pht007777,phv00369657,4422,True
phs000007,pht007777,phv00370119,4368,True
phs000007,pht007777,phv00370120,4244,True
phs000007,pht007777,phv00369672,1440,True
phs000007,pht007777,phv00370121,1330,True
phs000007,pht007777,phv00370122,1168,True
phs000007,pht007777,phv00369674,1210,True
phs000007,pht007777,phv00370123,1018,True
phs000007,pht007777,phv00370124,863,True
phs000007,pht007777,phv00370125,738,True
phs000007,pht000031,phv00008108,3584,True
phs000007,pht002889,phv00172178,2793,True
phs000007,pht004802,phv00227025,2493,True
phs000007,pht001045,phv00081030,975,True
phs000007,pht006018,phv00276855,1017,True
phs000007,pht000030,phv00007640,4445,True
phs000007,pht000198,phv00024571,3451,True
phs000007,pht004806,phv00177938,8169,True
phs000007,pht004806,phv00227097,452,True
phs000179,pht002239,phv00568798,22022,True
phs000179,pht002239,phv00568849,11588,True
phs000179,pht002239,phv00568808,22022,True
phs000179,pht002239,phv00568915,4819,True
phs000179,pht002239,phv00159608,21957,True
phs000179,pht002239,phv00159701,21964,True
phs000179,pht002239,phv00159702,3297,True
phs000179,pht002239,phv00569142,9543,True
phs000179,pht002239,phv00159592,20207,True
phs000179,pht002239,phv00159591,20206,True
phs000179,pht002239,phv00159616,21956,True
phs000179,pht002239,phv00159583,20197,True
phs000179,pht002239,phv00159590,20197,True
phs000179,pht002239,phv00159593,20206,True
phs000179,pht002239,phv00568806,21999,True
phs000179,pht002239,phv00159731,21369,True
phs000179,pht002239,phv00159733,6169,True
phs000179,pht002239,phv00159611,21955,True
phs000179,pht002239,phv00159773,21963,True
phs000179,pht002239,phv00159729,21964,True
phs000179,pht002239,phv00169347,4216,True
phs000179,pht002239,phv00569140,9544,True
phs000179,pht002239,phv00569009,10991,True
phs000179,pht002239,phv00569146,9630,True
phs000179,pht002239,phv00569145,9630,True
phs000179,pht002239,phv00159632,21504,True
phs000179,pht002239,phv00159610,21956,True
phs000179,pht002239,phv00159631,21505,True
phs000179,pht002239,phv00159609,21958,True
phs000179,pht002239,phv00159615,21957,True
phs000179,pht002239,phv00159584,20201,True
phs000179,pht002239,phv00159612,21961,True
phs000179,pht002239,phv00569136,9546,True
phs000179,pht002239,phv00569148,9630,True
phs000179,pht002239,phv00569149,9630,True
phs000179,pht002239,phv00569147,9630,True
phs000179,pht002239,phv00569138,9544,True
phs000179,pht002239,phv00569134,9546,True
phs000179,pht002239,phv00159618,21955,True
phs000179,pht002239,phv00569150,9610,True
phs000179,pht002239,phv00569144,9630,True
phs000179,pht002239,phv00159736,21961,True
phs000179,pht002239,phv00159738,3214,True
phs000179,pht002239,phv00159853,19870,True
phs000179,pht002239,phv00159854,19868,True
phs000179,pht002239,phv00159855,19868,True
phs000179,pht002239,phv00569175,20186,True
phs000179,pht002239,phv00569177,20186,True
phs000179,pht002239,phv00569179,20186,True
phs000179,pht002239,phv00159851,19989,True
phs000179,pht002239,phv00159852,19987,True
phs000179,pht002239,phv00159850,19987,True
phs000179,pht002239,phv00159589,20180,True
phs000179,pht002239,phv00159619,21955,True
phs000179,pht002239,phv00159620,21954,True
phs000179,pht002239,phv00159644,20706,True
phs000179,pht002239,phv00568929,3801,True
phs000179,pht002239,phv00159647,20316,True
phs000179,pht002239,phv00159646,20585,True
phs000179,pht002239,phv00568826,9806,True
phs000179,pht002239,phv00569133,9630,True
phs000200,pht000990,phv00077638,70436,True
phs000200,pht000991,phv00077763,69199,True
phs000200,pht000992,phv00077873,68573,True
phs000200,pht000993,phv00078037,66447,True
phs000200,pht000994,phv00078177,58693,True
phs000200,pht000995,phv00078318,41886,True
phs000200,pht000999,phv00078538,140841,True
phs000200,pht002118,phv00154926,166813,True
phs000200,pht002118,phv00154927,166813,True
phs000200,pht002118,phv00154930,166753,True
phs000200,pht003406,phv00193051,1279,True
phs000200,pht003406,phv00193129,1279,True
phs000200,pht003407,phv00078437,143213,True
phs000200,pht003407,phv00193154,143213,True
phs000200,pht003407,phv00193155,1279,True
phs000200,pht003414,phv00078437,143213,True
phs000200,pht003414,phv00193727,69162,True
phs000200,pht003414,phv00193728,6445,True
phs000200,pht006223,phv00078437,143213,True
phs000200,pht006223,phv00283452,6810,True
phs000200,pht006223,phv00283695,6803,True
phs000200,pht001003,phv00078826,142749,True
phs000200,pht002125,phv00156410,337926,True
phs000200,pht000990,phv00077637,70677,True
phs000200,pht000991,phv00077762,69392,True
phs000200,pht000992,phv00077872,68737,True
phs000200,pht000993,phv00078036,66585,True
phs000200,pht000994,phv00078176,58761,True
phs000200,pht000995,phv00078317,41969,True
phs000200,pht000999,phv00078560,142250,True
phs000200,pht003402,phv00078437,143213,True
phs000200,pht003402,phv00192477,33967,True
phs000200,pht003402,phv00192478,1018,True
phs000200,pht003405,phv00192994,1018,True
phs000200,pht003405,phv00193024,1194,True
phs000200,pht003405,phv00193025,1172,True
phs000200,pht003405,phv00193027,1194,True
phs000200,pht003405,phv00193028,1194,True
phs000200,pht003405,phv00193030,1172,True
phs000200,pht003406,phv00193049,4601,True
phs000200,pht003406,phv00193086,4570,True
phs000200,pht003406,phv00193087,4344,True
phs000200,pht003406,phv00193089,4570,True
phs000200,pht003406,phv00193090,4570,True
phs000200,pht003406,phv00193092,4344,True
phs000200,pht003407,phv00193145,143213,True
phs000200,pht003407,phv00193146,4601,True
phs000200,pht006223,phv00283515,6804,True
phs000200,pht000990,phv00077634,70338,True
phs000200,pht000991,phv00077759,69343,True
phs000200,pht000992,phv00077869,68748,True
phs000200,pht000993,phv00078033,66597,True
phs000200,pht000994,phv00078173,58812,True
phs000200,pht000995,phv00078314,41926,True
phs000200,pht000999,phv00078512,141352,True
phs000200,pht006217,phv00283311,7791,True
phs000200,pht006223,phv00283539,2580,True
phs000200,pht001019,phv00079850,615565,True
phs000200,pht001019,phv00079851,615565,True
phs000200,pht001019,phv00079858,611415,True
phs000200,pht000995,phv00078235,42705,True
phs000200,pht001014,phv00079558,74292,True
phs000200,pht000991,phv00077673,69480,True
phs000200,pht000992,phv00077799,69308,True
phs000200,pht000994,phv00078111,59995,True
phs000200,pht000993,phv00077909,67510,True
phs000200,pht006215,phv00283190,69628,True
phs000200,pht001019,phv00079859,613312,True
phs000200,pht006223,phv00283536,6188,True
phs000200,pht006223,phv00283537,6147,True
phs000200,pht001019,phv00079856,612661,True
phs000200,pht001019,phv00079857,612588,True
phs000200,pht001019,phv00079854,613581,True
phs000200,pht001019,phv00079855,613392,True
phs000200,pht006217,phv00283297,7862,True
phs000200,pht006217,phv00283298,7848,True
phs000200,pht006217,phv00283299,7730,True
phs000200,pht006217,phv00283300,7736,True
phs000200,pht001019,phv00079867,610376,True
phs000200,pht006217,phv00283344,7774,True
phs000200,pht006223,phv00283648,1902,True
phs000200,pht006223,phv00283646,2597,True
phs000200,pht006223,phv00283647,2529,True
phs000200,pht006223,phv00283660,5928,True
phs000200,pht003407,phv00193160,143213,True
phs000200,pht003407,phv00193161,1491,True
phs000200,pht003414,phv00193715,69162,True
phs000200,pht003414,phv00193716,586,True
phs000200,pht003414,phv00193717,69162,True
phs000200,pht003414,phv00193718,100,True
phs000200,pht006223,phv00283698,6804,True
phs000200,pht000990,phv00077635,70648,True
phs000200,pht000991,phv00077760,69350,True
phs000200,pht000992,phv00077870,68723,True
phs000200,pht000993,phv00078034,66588,True
phs000200,pht000994,phv00078174,58782,True
phs000200,pht000995,phv00078315,41960,True
phs000200,pht000999,phv00078513,134761,True
phs000200,pht001003,phv00078825,141363,True
phs000200,pht003413,phv00078437,143213,True
phs000200,pht003413,phv00193631,21713,True
phs000200,pht003413,phv00193632,2363,True
phs000200,pht003414,phv00193741,69162,True
phs000200,pht003414,phv00193742,6749,True
phs000200,pht006223,phv00283510,6807,True
phs000200,pht006223,phv00283659,5987,True
phs000200,pht000998,phv00078464,143114,True
phs000200,pht000998,phv00078471,8300,True
phs000200,pht001514,phv00111545,110498,True
phs000200,pht006223,phv00283531,6802,True
phs000200,pht000997,phv00078387,142131,True
phs000200,pht000987,phv00077370,15801,True
phs000200,pht000987,phv00077371,15038,True
phs000200,pht000987,phv00077382,15015,True
phs000200,pht000987,phv00077381,15186,True
phs000200,pht000990,phv00077579,70168,True
phs000200,pht000993,phv00078072,63712,True
phs000200,pht000997,phv00078409,137845,True
phs000200,pht001001,phv00078697,142269,True
phs000200,pht000987,phv00077383,15167,True
phs000200,pht001517,phv00111870,338044,True
phs000200,pht002125,phv00156402,338044,True
phs000200,pht006218,phv00283389,342093,True
phs000200,pht000987,phv00077384,15759,True
phs000200,pht000987,phv00077388,15734,True
phs000200,pht000986,phv00077361,207926,True
phs000200,pht000986,phv00077362,207926,True
phs000200,pht000986,phv00077365,207812,True
phs000200,pht006223,phv00283662,5609,True
phs000200,pht000986,phv00077366,207780,True
phs000200,pht006223,phv00283661,5682,True
phs000200,pht001019,phv00079861,379632,True
phs000200,pht000999,phv00078536,141124,True
phs000200,pht003407,phv00193199,143213,True
phs000200,pht003407,phv00193200,6075,True
phs000200,pht000999,phv00078535,141106,True
phs000200,pht003407,phv00193157,143213,True
phs000200,pht003407,phv00193158,2910,True
phs000200,pht006223,phv00283623,1154,True
phs000200,pht000999,phv00078531,134908,True
phs000200,pht006223,phv00283512,6806,True
phs000200,pht006223,phv00283524,6801,True
phs000200,pht006223,phv00283525,6254,True
phs000200,pht006223,phv00283529,6803,True
phs000200,pht006223,phv00283530,6801,True
phs000200,pht000990,phv00077636,70612,True
phs000200,pht000991,phv00077761,69281,True
phs000200,pht000992,phv00077871,68692,True
phs000200,pht000993,phv00078035,66491,True
phs000200,pht000994,phv00078175,58737,True
phs000200,pht000995,phv00078316,41941,True
phs000200,pht000998,phv00078486,143206,True
phs000200,pht000999,phv00078533,23580,True
phs000200,pht002769,phv00202363,33908,True
phs000200,pht002770,phv00202375,142355,True
phs000200,pht003414,phv00193703,69162,True
phs000200,pht003414,phv00193704,2658,True
phs000200,pht006223,phv00283463,6811,True
phs000200,pht006223,phv00283495,6802,True
phs000200,pht000998,phv00078482,143136,True
phs000200,pht000998,phv00078483,3232,True
phs000200,pht003407,phv00193169,143213,True
phs000200,pht003407,phv00193170,5944,True
phs000200,pht006223,phv00283527,6803,True
phs000200,pht006223,phv00283538,6080,True
phs000200,pht002118,phv00155154,166813,True
phs000200,pht000999,phv00078559,45588,True
phs000200,pht002769,phv00170607,33906,True
phs000200,pht002770,phv00170689,142310,True
phs000200,pht003413,phv00193667,21713,True
phs000200,pht003414,phv00193779,69162,True
phs000200,pht000999,phv00078556,142040,True
phs000200,pht006223,phv00283528,6801,True
phs000200,pht000999,phv00078602,135354,True
phs000200,pht006223,phv00283526,6801,True
phs000200,pht006223,phv00283592,3578,True
phs000200,pht000987,phv00077389,12503,True
phs000200,pht000987,phv00077391,15492,True
phs000200,pht002118,phv00155172,163380,True
phs000200,pht006223,phv00283580,3608,True
phs000200,pht006223,phv00283651,533,True
phs000200,pht006223,phv00283649,649,True
phs000200,pht006223,phv00283650,620,True
phs000200,pht002118,phv00155223,166798,True
phs000200,pht006223,phv00283522,6803,True
phs000200,pht000999,phv00078562,142216,True
phs000200,pht003402,phv00192510,33967,True
phs000200,pht003402,phv00192511,312,True
phs000200,pht003405,phv00192999,312,True
phs000200,pht003405,phv00193037,316,True
phs000200,pht003406,phv00193057,1529,True
phs000200,pht003406,phv00193101,1513,True
phs000200,pht003407,phv00193190,143213,True
phs000200,pht003407,phv00193191,1533,True
phs000200,pht003414,phv00193719,69162,True
phs000200,pht003414,phv00193720,659,True
phs000200,pht003414,phv00193721,69162,True
phs000200,pht003414,phv00193722,1357,True
phs000200,pht006223,phv00283704,6805,True
phs000200,pht000986,phv00077367,207213,True
phs000200,pht002118,phv00155286,166813,True
phs000200,pht002118,phv00155364,166813,True
phs000200,pht002118,phv00155366,166813,True
phs000200,pht000990,phv00077490,71107,True
phs000200,pht006214,phv00283093,77090,True
phs000200,pht000993,phv00077943,68363,True
phs000200,pht001010,phv00079391,80281,True
phs000200,pht001006,phv00079193,136385,True
phs000200,pht001005,phv00079041,193606,True
phs000200,pht006223,phv00283514,6806,True
phs000200,pht006223,phv00283658,5721,True
phs000200,pht002125,phv00156452,338044,True
phs000200,pht000998,phv00078478,143162,True
phs000200,pht000998,phv00078480,143140,True
phs000200,pht003402,phv00192504,33967,True
phs000200,pht003402,phv00192505,182,True
phs000200,pht003402,phv00192522,33967,True
phs000200,pht003402,phv00192523,1297,True
phs000200,pht003402,phv00192525,33967,True
phs000200,pht003402,phv00192526,310,True
phs000200,pht003402,phv00192507,33967,True
phs000200,pht003402,phv00192508,1000,True
phs000200,pht003406,phv00193140,1279,True
phs000200,pht003407,phv00193205,143213,True
phs000200,pht003407,phv00193206,1456,True
phs000200,pht003407,phv00193184,143213,True
phs000200,pht003407,phv00193185,952,True
phs000200,pht003407,phv00193187,143213,True
phs000200,pht003407,phv00193188,4826,True
phs000200,pht003407,phv00193202,143213,True
phs000200,pht003407,phv00193203,6487,True
phs000200,pht003414,phv00193735,69162,True
phs000200,pht003414,phv00193736,3014,True
phs000200,pht003414,phv00193737,69162,True
phs000200,pht003414,phv00193738,619,True
phs000200,pht003415,phv00193806,854,True
phs000200,pht003415,phv00193811,103,True
phs000200,pht003415,phv00193801,182,True
phs000200,pht003415,phv00193802,1000,True
phs000200,pht003415,phv00193803,1192,True
phs000200,pht003415,phv00193804,1191,True
phs000200,pht003416,phv00193822,952,True
phs000200,pht003416,phv00193823,4826,True
phs000200,pht003416,phv00193824,5806,True
phs000200,pht003416,phv00193825,5805,True
phs000200,pht006223,phv00283533,6806,True
phs000200,pht006223,phv00283705,6806,True
phs000200,pht006223,phv00283673,6760,True
phs000200,pht006223,phv00283674,6747,True
phs000200,pht006223,phv00283683,6757,True
phs000200,pht006223,phv00283684,6749,True
phs000200,pht006223,phv00283675,6762,True
phs000200,pht006223,phv00283676,6751,True
phs000200,pht006223,phv00283677,6761,True
phs000200,pht006223,phv00283678,6752,True
phs000200,pht006223,phv00283681,6761,True
phs000200,pht006223,phv00283682,6752,True
phs000200,pht006223,phv00283694,6792,True
phs000200,pht000998,phv00078469,2352,True
phs000200,pht002769,phv00170601,33906,True
phs000200,pht002770,phv00170683,142310,True
phs000200,pht003413,phv00193671,21713,True
phs000200,pht003414,phv00193783,69162,True
phs000200,pht000998,phv00078470,8276,True
phs000200,pht002769,phv00170599,33906,True
phs000200,pht002770,phv00170681,142310,True
phs000200,pht003413,phv00193673,21713,True
phs000200,pht003414,phv00193785,69162,True
phs000200,pht006223,phv00283685,6763,True
phs000200,pht006223,phv00283686,6752,True
phs000200,pht002754,phv00169610,3776,True
phs000200,pht006223,phv00283691,6756,True
phs000200,pht006223,phv00283692,6747,True
phs000200,pht000987,phv00077396,15771,True
phs000200,pht000987,phv00077397,15771,True
phs000200,pht006223,phv00283653,4604,True
phs000200,pht001517,phv00111871,338044,True
phs000200,pht006218,phv00283395,342093,True
phs000200,pht000998,phv00078472,143120,True
phs000200,pht000998,phv00078473,4805,True
phs000200,pht000998,phv00078475,143154,True
phs000200,pht000998,phv00078476,1258,True
phs000200,pht002769,phv00170567,33908,True
phs000200,pht002769,phv00170569,33908,True
phs000200,pht002770,phv00170649,142355,True
phs000200,pht002770,phv00170651,142355,True
phs000200,pht003402,phv00192501,33967,True
phs000200,pht003402,phv00192502,357,True
phs000200,pht003407,phv00193178,143213,True
phs000200,pht003407,phv00193179,1044,True
phs000200,pht003410,phv00193554,1044,True
phs000200,pht003410,phv00193555,805,True
phs000200,pht003410,phv00193557,1041,True
phs000200,pht003410,phv00193558,1041,True
phs000200,pht003410,phv00193559,1041,True
phs000200,pht003410,phv00193560,1041,True
phs000200,pht003410,phv00193561,1041,True
phs000200,pht003410,phv00193565,805,True
phs000200,pht003410,phv00193566,805,True
phs000200,pht003410,phv00193567,805,True
phs000200,pht003410,phv00193568,805,True
phs000200,pht003410,phv00193569,691,True
phs000200,pht003414,phv00202394,69162,True
phs000200,pht003414,phv00202395,2051,True
phs000200,pht003414,phv00193691,69162,True
phs000200,pht003414,phv00193692,964,True
phs000200,pht003414,phv00193693,69162,True
phs000200,pht003414,phv00193694,135,True
phs000200,pht003414,phv00193695,69162,True
phs000200,pht003414,phv00193696,1651,True
phs000200,pht003414,phv00193697,69162,True
phs000200,pht003414,phv00193698,1088,True
phs000200,pht006223,phv00283701,6804,True
phs000200,pht006223,phv00283703,6805,True
phs000200,pht006217,phv00283313,7818,True
phs000200,pht001019,phv00079860,380091,True
phs000200,pht001019,phv00079869,379475,True
phs000200,pht000986,phv00077368,207828,True
phs000209,pht001111,phv00082701,251,True
phs000209,pht001111,phv00082843,246,True
phs000209,pht001121,phv00087141,1582,True
phs000209,pht001217,phv00090303,6429,True
phs000209,pht001217,phv00090305,240,True
phs000209,pht003091,phv00176281,4357,True
phs000209,pht003091,phv00176292,69,True
phs000209,pht001111,phv00082639,251,True
phs000209,pht001111,phv00083437,251,True
phs000209,pht001116,phv00084442,6429,True
phs000209,pht001116,phv00085746,6397,True
phs000209,pht001118,phv00085773,5900,True
phs000209,pht001118,phv00085929,5820,True
phs000209,pht001119,phv00086259,5628,True
phs000209,pht001119,phv00086412,5573,True
phs000209,pht003086,phv00174588,197,True
phs000209,pht003086,phv00175607,194,True
phs000209,pht003091,phv00176011,4455,True
phs000209,pht003091,phv00177041,4305,True
phs000209,pht001111,phv00083436,251,True
phs000209,pht001116,phv00085745,6397,True
phs000209,pht001118,phv00085928,5819,True
phs000209,pht001119,phv00086411,5573,True
phs000209,pht001121,phv00087071,1616,True
phs000209,pht001121,phv00087529,1579,True
phs000209,pht003086,phv00175605,194,True
phs000209,pht003091,phv00177039,4305,True
phs000209,pht001111,phv00083279,204,True
phs000209,pht001116,phv00085609,5040,True
phs000209,pht001118,phv00086119,3080,True
phs000209,pht001118,phv00086120,3082,True
phs000209,pht001118,phv00086121,3089,True
phs000209,pht001118,phv00086122,3087,True
phs000209,pht001119,phv00086601,2851,True
phs000209,pht001119,phv00086602,2848,True
phs000209,pht001119,phv00086603,2848,True
phs000209,pht001119,phv00086604,2851,True
phs000209,pht001120,phv00086727,5505,True
phs000209,pht001120,phv00087019,2504,True
phs000209,pht001120,phv00087020,2504,True
phs000209,pht001120,phv00087021,2502,True
phs000209,pht001120,phv00087022,2502,True
phs000209,pht001121,phv00087290,778,True
phs000209,pht003086,phv00175424,86,True
phs000209,pht003086,phv00175425,86,True
phs000209,pht003086,phv00175426,86,True
phs000209,pht003086,phv00175427,86,True
phs000209,pht003091,phv00176858,1911,True
phs000209,pht003091,phv00176859,1898,True
phs000209,pht003091,phv00176860,1915,True
phs000209,pht003091,phv00176861,1909,True
phs000209,pht001123,phv00087859,6424,True
phs000209,pht001121,phv00087143,1581,True
phs000209,pht001111,phv00083068,107,True
phs000209,pht001111,phv00083069,107,True
phs000209,pht001116,phv00085305,2036,True
phs000209,pht001116,phv00085306,6390,True
phs000209,pht001118,phv00085955,5890,True
phs000209,pht001119,phv00086437,5617,True
phs000209,pht001120,phv00086881,5485,True
phs000209,pht001121,phv00087221,576,True
phs000209,pht001121,phv00087222,578,True
phs000209,pht003086,phv00175271,197,True
phs000209,pht003091,phv00176694,4435,True
phs000209,pht001111,phv00082975,251,True
phs000209,pht001112,phv00083530,251,True
phs000209,pht001112,phv00083531,28,True
phs000209,pht001114,phv00083765,3838,True
phs000209,pht001114,phv00083766,376,True
phs000209,pht001116,phv00085211,6427,True
phs000209,pht001117,phv00085770,51207,True
phs000209,pht001117,phv00085771,1813,True
phs000209,pht001118,phv00085936,5897,True
phs000209,pht001119,phv00086418,5623,True
phs000209,pht001120,phv00086870,5503,True
phs000209,pht001121,phv00087119,1581,True
phs000209,pht001122,phv00087756,161,True
phs000209,pht001122,phv00087757,26,True
phs000209,pht003086,phv00175295,197,True
phs000209,pht003086,phv00175296,9,True
phs000209,pht003087,phv00175872,174,True
phs000209,pht003087,phv00175890,185,True
phs000209,pht003087,phv00175954,32,True
phs000209,pht003091,phv00176718,4436,True
phs000209,pht003091,phv00176719,127,True
phs000209,pht001984,phv00128700,788,True
phs000209,pht004319,phv00219002,2338,True
phs000209,pht001111,phv00082683,251,True
phs000209,pht001112,phv00083452,251,True
phs000209,pht001112,phv00083471,251,True
phs000209,pht001114,phv00083687,3858,True
phs000209,pht001114,phv00083706,3858,True
phs000209,pht001116,phv00084482,6429,True
phs000209,pht001118,phv00085799,5899,True
phs000209,pht001119,phv00086298,5621,True
phs000209,pht001120,phv00086751,5402,True
phs000209,pht001121,phv00087078,1582,True
phs000209,pht001122,phv00087678,161,True
phs000209,pht001122,phv00087697,161,True
phs000209,pht003086,phv00174630,198,True
phs000209,pht003087,phv00175854,174,True
phs000209,pht003087,phv00175858,174,True
phs000209,pht003087,phv00175943,32,True
phs000209,pht003091,phv00176053,4391,True
phs000209,pht001114,phv00083676,3789,True
phs000209,pht001111,phv00082685,251,True
phs000209,pht001111,phv00083013,251,True
phs000209,pht001111,phv00083014,251,True
phs000209,pht001116,phv00084484,6429,True
phs000209,pht001116,phv00085249,6405,True
phs000209,pht001116,phv00085250,6411,True
phs000209,pht001121,phv00087079,1582,True
phs000209,pht001121,phv00087166,1574,True
phs000209,pht001121,phv00087167,1579,True
phs000209,pht003086,phv00174637,176,True
phs000209,pht003091,phv00176060,4101,True
phs000209,pht001111,phv00083410,250,True
phs000209,pht001111,phv00083411,250,True
phs000209,pht001116,phv00085740,6427,True
phs000209,pht001116,phv00085741,6427,True
phs000209,pht001118,phv00086224,5898,True
phs000209,pht001118,phv00086225,5898,True
phs000209,pht001119,phv00086707,5619,True
phs000209,pht001119,phv00086708,5619,True
phs000209,pht001120,phv00087029,5399,True
phs000209,pht001120,phv00087030,5399,True
phs000209,pht001121,phv00087084,1581,True
phs000209,pht001121,phv00087085,1581,True
phs000209,pht003086,phv00175601,198,True
phs000209,pht003086,phv00175602,198,True
phs000209,pht003087,phv00175862,174,True
phs000209,pht003091,phv00177035,4397,True
phs000209,pht003091,phv00177036,4397,True
phs000209,pht001111,phv00082691,251,True
phs000209,pht001116,phv00084490,6429,True
phs000209,pht001118,phv00085803,5899,True
phs000209,pht001119,phv00086302,5621,True
phs000209,pht001120,phv00086755,5402,True
phs000209,pht001121,phv00087080,1582,True
phs000209,pht003086,phv00174644,198,True
phs000209,pht003091,phv00176067,4387,True
phs000209,pht001111,phv00082657,251,True
phs000209,pht001111,phv00082660,251,True
phs000209,pht001111,phv00082664,251,True
phs000209,pht001111,phv00082856,251,True
phs000209,pht001111,phv00082857,240,True
phs000209,pht001111,phv00082860,251,True
phs000209,pht001111,phv00082861,240,True
phs000209,pht001111,phv00082862,251,True
phs000209,pht001111,phv00082863,240,True
phs000209,pht001111,phv00082866,251,True
phs000209,pht001111,phv00082867,240,True
phs000209,pht001111,phv00082888,198,True
phs000209,pht001111,phv00082889,198,True
phs000209,pht001111,phv00082890,198,True
phs000209,pht001111,phv00082891,198,True
phs000209,pht001116,phv00084517,6429,True
phs000209,pht001116,phv00084519,6429,True
phs000209,pht001116,phv00084521,6429,True
phs000209,pht001116,phv00084526,6428,True
phs000209,pht001116,phv00084528,6427,True
phs000209,pht001116,phv00084530,6428,True
phs000209,pht001116,phv00084532,6427,True
phs000209,pht001116,phv00084534,6362,True
phs000209,pht001116,phv00084536,6361,True
phs000209,pht001116,phv00084538,6362,True
phs000209,pht001116,phv00084540,6361,True
phs000209,pht001118,phv00085810,2794,True
phs000209,pht001118,phv00085812,2794,True
phs000209,pht001118,phv00085813,2794,True
phs000209,pht001118,phv00085819,2794,True
phs000209,pht001118,phv00085820,2781,True
phs000209,pht001118,phv00085825,2794,True
phs000209,pht001118,phv00085826,2781,True
phs000209,pht001119,phv00086310,2651,True
phs000209,pht001119,phv00086312,2651,True
phs000209,pht001119,phv00086313,2651,True
phs000209,pht001119,phv00086318,2651,True
phs000209,pht001119,phv00086319,2642,True
phs000209,pht001119,phv00086324,2651,True
phs000209,pht001119,phv00086325,2642,True
phs000209,pht001120,phv00086773,1328,True
phs000209,pht001120,phv00086774,1310,True
phs000209,pht001120,phv00086777,1328,True
phs000209,pht001120,phv00086778,1310,True
phs000209,pht001120,phv00086779,1328,True
phs000209,pht001120,phv00086780,1310,True
phs000209,pht001120,phv00086783,1328,True
phs000209,pht001120,phv00086784,1310,True
phs000209,pht001121,phv00087105,1541,True
phs000209,pht001121,phv00087531,1541,True
phs000209,pht001121,phv00087536,1541,True
phs000209,pht001121,phv00087537,1528,True
phs000209,pht001121,phv00087544,1541,True
phs000209,pht001121,phv00087545,1528,True
phs000209,pht001204,phv00090029,1860,True
phs000209,pht001205,phv00090113,866,True
phs000209,pht001205,phv00090116,866,True
phs000209,pht003086,phv00174752,177,True
phs000209,pht003086,phv00174753,177,True
phs000209,pht003086,phv00174766,177,True
phs000209,pht003086,phv00174767,177,True
phs000209,pht003086,phv00174768,177,True
phs000209,pht003086,phv00174769,177,True
phs000209,pht003091,phv00176175,3126,True
phs000209,pht003091,phv00176176,3126,True
phs000209,pht003091,phv00176189,3126,True
phs000209,pht003091,phv00176190,3126,True
phs000209,pht003091,phv00176191,3126,True
phs000209,pht003091,phv00176192,3126,True
phs000209,pht001111,phv00082658,251,True
phs000209,pht001111,phv00082663,251,True
phs000209,pht001111,phv00082858,251,True
phs000209,pht001111,phv00082859,240,True
phs000209,pht001111,phv00082864,251,True
phs000209,pht001111,phv00082865,240,True
phs000209,pht001111,phv00082884,198,True
phs000209,pht001111,phv00082885,198,True
phs000209,pht001111,phv00082886,198,True
phs000209,pht001111,phv00082887,198,True
phs000209,pht001111,phv00082892,198,True
phs000209,pht001111,phv00082893,198,True
phs000209,pht001111,phv00082894,198,True
phs000209,pht001111,phv00082895,198,True
phs000209,pht001116,phv00084518,6429,True
phs000209,pht001116,phv00084524,6429,True
phs000209,pht001116,phv00084527,6429,True
phs000209,pht001116,phv00084531,6429,True
phs000209,pht001116,phv00084535,6362,True
phs000209,pht001116,phv00084539,6362,True
phs000209,pht001118,phv00085811,2795,True
phs000209,pht001118,phv00085816,2795,True
phs000209,pht001118,phv00085821,2795,True
phs000209,pht001118,phv00085822,2782,True
phs000209,pht001118,phv00085827,2795,True
phs000209,pht001118,phv00085828,2782,True
phs000209,pht001119,phv00086311,2651,True
phs000209,pht001119,phv00086320,2651,True
phs000209,pht001119,phv00086321,2642,True
phs000209,pht001119,phv00086326,2651,True
phs000209,pht001119,phv00086327,2642,True
phs000209,pht001120,phv00086775,1328,True
phs000209,pht001120,phv00086776,1310,True
phs000209,pht001120,phv00086781,1328,True
phs000209,pht001120,phv00086782,1310,True
phs000209,pht001121,phv00087108,1541,True
phs000209,pht001121,phv00087532,1541,True
phs000209,pht001121,phv00087538,1541,True
phs000209,pht001121,phv00087539,1528,True
phs000209,pht001121,phv00087546,1541,True
phs000209,pht001121,phv00087547,1528,True
phs000209,pht001204,phv00090025,1860,True
phs000209,pht001205,phv00090114,866,True
phs000209,pht001205,phv00090117,866,True
phs000209,pht003086,phv00174762,177,True
phs000209,pht003086,phv00174763,177,True
phs000209,pht003086,phv00174764,177,True
phs000209,pht003086,phv00174765,177,True
phs000209,pht003086,phv00174770,177,True
phs000209,pht003086,phv00174771,177,True
phs000209,pht003086,phv00174772,177,True
phs000209,pht003086,phv00174773,177,True
phs000209,pht003091,phv00176185,3126,True
phs000209,pht003091,phv00176186,3126,True
phs000209,pht003091,phv00176187,3126,True
phs000209,pht003091,phv00176188,3126,True
phs000209,pht003091,phv00176193,3126,True
phs000209,pht003091,phv00176194,3126,True
phs000209,pht003091,phv00176195,3126,True
phs000209,pht003091,phv00176196,3126,True
phs000209,pht003086,phv00175623,187,True
phs000209,pht003086,phv00175683,188,True
phs000209,pht001116,phv00084966,6344,True
phs000209,pht001116,phv00084797,6362,True
phs000209,pht001116,phv00084802,6362,True
phs000209,pht003086,phv00175613,198,True
phs000209,pht003091,phv00177047,3259,True
phs000209,pht001116,phv00084803,6362,True
phs000209,pht001116,phv00084798,6362,True
phs000209,pht001116,phv00085021,964,True
phs000209,pht001111,phv00082949,251,True
phs000209,pht001116,phv00084787,6394,True
phs000209,pht001119,phv00086398,5612,True
phs000209,pht001120,phv00086819,5395,True
phs000209,pht001121,phv00087477,1578,True
phs000209,pht003086,phv00175236,195,True
phs000209,pht003091,phv00176659,4331,True
phs000209,pht001123,phv00087886,6424,True
phs000209,pht001123,phv00087888,6424,True
phs000209,pht001121,phv00087140,1575,True
phs000209,pht001123,phv00087870,6424,True
phs000209,pht003089,phv00175983,6129,True
phs000209,pht001112,phv00083491,251,True
phs000209,pht001111,phv00083241,251,True
phs000209,pht001112,phv00083613,251,True
phs000209,pht001114,phv00083708,3716,True
phs000209,pht001114,phv00083843,3854,True
phs000209,pht001116,phv00085545,6407,True
phs000209,pht001118,phv00086096,5890,True
phs000209,pht001118,phv00086102,5858,True
phs000209,pht001119,phv00086580,5614,True
phs000209,pht001119,phv00086586,5587,True
phs000209,pht001120,phv00087012,5437,True
phs000209,pht001120,phv00087017,5444,True
phs000209,pht001121,phv00087082,1579,True
phs000209,pht001122,phv00087699,160,True
phs000209,pht001122,phv00087839,160,True
phs000209,pht003086,phv00175428,194,True
phs000209,pht003086,phv00175450,195,True
phs000209,pht003087,phv00175860,174,True
phs000209,pht003087,phv00175945,32,True
phs000209,pht003091,phv00176862,4385,True
phs000209,pht003091,phv00176884,4394,True
phs000209,pht001112,phv00083483,215,True
phs000209,pht001112,phv00083484,251,True
phs000209,pht001112,phv00083485,251,True
phs000209,pht001112,phv00083545,250,True
phs000209,pht001112,phv00083546,7,True
phs000209,pht001112,phv00083620,249,True
phs000209,pht001114,phv00083718,3734,True
phs000209,pht001114,phv00083719,3789,True
phs000209,pht001114,phv00083720,3789,True
phs000209,pht001114,phv00083721,3789,True
phs000209,pht001114,phv00083780,3829,True
phs000209,pht001114,phv00083781,49,True
phs000209,pht001114,phv00083850,3734,True
phs000209,pht001114,phv00083851,3734,True
phs000209,pht001122,phv00087709,158,True
phs000209,pht001122,phv00087710,161,True
phs000209,pht001122,phv00087771,161,True
phs000209,pht001122,phv00087772,0,True
phs000209,pht001122,phv00087711,161,True
phs000209,pht001122,phv00087846,157,True
phs000209,pht001122,phv00087847,157,True
phs000209,pht003086,phv00175294,197,True
phs000209,pht003091,phv00176717,4436,True
phs000209,pht003086,phv00175241,196,True
phs000209,pht003091,phv00176664,4338,True
phs000209,pht001116,phv00085748,6397,True
phs000209,pht001118,phv00085930,5819,True
phs000209,pht001119,phv00086413,5573,True
phs000209,pht001121,phv00087530,1579,True
phs000209,pht003086,phv00175606,194,True
phs000209,pht003091,phv00177040,4305,True
phs000209,pht001111,phv00082967,240,True
phs000209,pht001116,phv00085015,6392,True
phs000209,pht001120,phv00086825,427,True
phs000209,pht001121,phv00087661,608,True
phs000209,pht002198,phv00160534,1822,True
phs000209,pht001123,phv00087890,6424,True
phs000209,pht001123,phv00087892,6424,True
phs000209,pht002515,phv00165065,2979,True
phs000209,pht001116,phv00084545,6384,True
phs000209,pht003091,phv00196280,4332,True
phs000209,pht001111,phv00082971,251,True
phs000209,pht001116,phv00085017,6393,True
phs000209,pht001120,phv00086829,441,True
phs000209,pht001121,phv00087663,621,True
phs000209,pht002105,phv00160521,946,True
phs000209,pht001111,phv00083005,251,True
phs000209,pht001111,phv00082652,251,True
phs000209,pht001116,phv00085242,6427,True
phs000209,pht001116,phv00084456,6413,True
phs000209,pht001117,phv00085764,51207,True
phs000209,pht001117,phv00085765,3608,True
phs000209,pht001118,phv00085837,5896,True
phs000209,pht001118,phv00085794,5862,True
phs000209,pht001119,phv00086279,5584,True
phs000209,pht001120,phv00086746,5370,True
phs000209,pht001121,phv00087159,1580,True
phs000209,pht001121,phv00087161,250,True
phs000209,pht001121,phv00087089,1573,True
phs000209,pht003086,phv00175291,197,True
phs000209,pht003087,phv00175888,185,True
phs000209,pht003091,phv00176714,4436,True
phs000209,pht003091,phv00176017,4345,True
phs000209,pht003659,phv00197115,1491,True
phs000209,pht003659,phv00197119,1450,True
phs000209,pht001111,phv00083223,251,True
phs000209,pht001116,phv00085554,6406,True
phs000209,pht003087,phv00175873,174,True
phs000209,pht004326,phv00219019,950,True
phs000209,pht004326,phv00219024,950,True
phs000209,pht001111,phv00082961,250,True
phs000209,pht001111,phv00195567,250,True
phs000209,pht001116,phv00084464,6413,True
phs000209,pht001116,phv00111943,6413,True
phs000209,pht001119,phv00086284,5577,True
phs000209,pht001119,phv00111948,5577,True
phs000209,pht001120,phv00111951,5346,True
phs000209,pht001120,phv00111952,5346,True
phs000209,pht001121,phv00087096,1572,True
phs000209,pht003086,phv00174602,195,True
phs000209,pht003086,phv00174604,195,True
phs000209,pht003091,phv00176025,4338,True
phs000209,pht003091,phv00176027,4338,True
phs000209,pht001111,phv00082974,251,True
phs000209,pht001116,phv00085210,6428,True
phs000209,pht001118,phv00085935,5898,True
phs000209,pht001119,phv00086417,5623,True
phs000209,pht001120,phv00086869,5504,True
phs000209,pht001121,phv00087118,1581,True
phs000209,pht001984,phv00128702,858,True
phs000209,pht004319,phv00219001,2338,True
phs000209,pht001111,phv00082969,251,True
phs000209,pht001116,phv00085022,964,True
phs000209,pht001120,phv00086827,440,True
phs000209,pht001116,phv00084463,6391,True
phs000209,pht001116,phv00085019,6391,True
phs000209,pht002105,phv00160522,934,True
phs000209,pht001111,phv00083226,249,True
phs000209,pht001116,phv00085558,6186,True
phs000209,pht001118,phv00086087,5684,True
phs000209,pht001121,phv00087238,1523,True
phs000209,pht002105,phv00160523,948,True
phs000209,pht003086,phv00175446,190,True
phs000209,pht003091,phv00176880,4254,True
phs000209,pht001119,phv00086569,5379,True
phs000209,pht001116,phv00085314,6425,True
phs000209,pht001116,phv00085316,6422,True
phs000209,pht001116,phv00085319,6417,True
phs000209,pht001111,phv00082953,251,True
phs000209,pht001111,phv00082954,251,True
phs000209,pht001116,phv00084969,6413,True
phs000209,pht001116,phv00084970,6413,True
phs000209,pht001118,phv00085932,5859,True
phs000209,pht001119,phv00086415,5577,True
phs000209,pht001120,phv00086834,5346,True
phs000209,pht001121,phv00087088,1572,True
phs000209,pht003086,phv00175240,196,True
phs000209,pht003087,phv00175863,173,True
phs000209,pht003087,phv00175948,32,True
phs000209,pht003091,phv00176663,4338,True
phs000209,pht004326,phv00219026,950,True
phs000209,pht001111,phv00082965,250,True
phs000209,pht001116,phv00085014,6391,True
phs000209,pht001120,phv00086823,441,True
phs000209,pht002198,phv00160532,1854,True
phs000209,pht004317,phv00218767,4267,True
phs000209,pht004317,phv00218768,4267,True
phs000209,pht003087,phv00175887,184,True
phs000209,pht001111,phv00082952,251,True
phs000209,pht001111,phv00083303,251,True
phs000209,pht001116,phv00084972,6412,True
phs000209,pht001116,phv00084980,6429,True
phs000209,pht001116,phv00160506,6410,True
phs000209,pht001118,phv00085920,5858,True
phs000209,pht001119,phv00086402,5580,True
phs000209,pht001120,phv00086833,5345,True
phs000209,pht001121,phv00087099,1577,True
phs000209,pht001121,phv00087524,1582,True
phs000209,pht003086,phv00175239,197,True
phs000209,pht003091,phv00176662,4332,True
phs000209,pht001984,phv00128724,900,True
phs000209,pht004319,phv00218992,2756,True
phs000209,pht001984,phv00128727,899,True
phs000209,pht004319,phv00218993,2756,True
phs000209,pht001118,phv00174583,5821,True
phs000209,pht003086,phv00175243,195,True
phs000209,pht003091,phv00176666,4310,True
phs000209,pht001111,phv00082688,251,True
phs000209,pht001116,phv00084489,6429,True
phs000209,pht001118,phv00085802,5898,True
phs000209,pht001119,phv00086300,5618,True
phs000209,pht001120,phv00086753,5399,True
phs000209,pht003086,phv00174635,198,True
phs000209,pht003091,phv00176058,4383,True
phs000209,pht001111,phv00082876,250,True
phs000209,pht001123,phv00087865,6424,True
phs000209,pht001123,phv00087853,6424,True
phs000209,pht001123,phv00087856,6424,True
phs000209,pht001111,phv00082985,251,True
phs000209,pht001116,phv00085221,6428,True
phs000209,pht001117,phv00085768,51207,True
phs000209,pht001117,phv00085769,1830,True
phs000209,pht001118,phv00085938,5880,True
phs000209,pht001119,phv00086420,5619,True
phs000209,pht001121,phv00087129,1581,True
phs000209,pht001121,phv00087142,1581,True
phs000209,pht001111,phv00082700,251,True
phs000209,pht001111,phv00083401,250,True
phs000209,pht001111,phv00083405,250,True
phs000209,pht001111,phv00083408,250,True
phs000209,pht001111,phv00083412,250,True
phs000209,pht001116,phv00085482,4725,True
phs000209,pht001116,phv00084546,6382,True
phs000209,pht001118,phv00086227,4755,True
phs000209,pht001118,phv00086239,4755,True
phs000209,pht001118,phv00086240,4755,True
phs000209,pht001118,phv00086241,4754,True
phs000209,pht001119,phv00086710,5619,True
phs000209,pht001119,phv00086723,5619,True
phs000209,pht001119,phv00086724,5619,True
phs000209,pht001119,phv00086725,5618,True
phs000209,pht001120,phv00087032,5398,True
phs000209,pht001120,phv00087045,5399,True
phs000209,pht001120,phv00087046,5398,True
phs000209,pht001120,phv00087047,5397,True
phs000209,pht002195,phv00159096,6383,True
phs000209,pht003086,phv00174882,195,True
phs000209,pht003086,phv00174883,195,True
phs000209,pht003086,phv00175589,198,True
phs000209,pht003086,phv00175593,198,True
phs000209,pht003086,phv00175596,198,True
phs000209,pht003086,phv00175604,198,True
phs000209,pht003086,phv00175755,190,True
phs000209,pht003086,phv00175758,190,True
phs000209,pht003086,phv00175761,123,True
phs000209,pht003086,phv00175764,189,True
phs000209,pht003091,phv00176280,4348,True
phs000209,pht003091,phv00176305,4359,True
phs000209,pht003091,phv00176306,4359,True
phs000209,pht003091,phv00177023,4395,True
phs000209,pht003091,phv00177027,4397,True
phs000209,pht003091,phv00177030,4393,True
phs000209,pht003091,phv00177038,4397,True
phs000209,pht003091,phv00177189,3248,True
phs000209,pht003091,phv00177192,3246,True
phs000209,pht003091,phv00177195,1813,True
phs000209,pht003091,phv00177198,3221,True
phs000209,pht001111,phv00082998,98,True
phs000209,pht001111,phv00082999,87,True
phs000209,pht001111,phv00083163,248,True
phs000209,pht001116,phv00085236,6429,True
phs000209,pht001116,phv00085237,2103,True
phs000209,pht001116,phv00085324,6426,True
phs000209,pht001118,phv00086014,5650,True
phs000209,pht001119,phv00086496,5533,True
phs000209,pht001120,phv00086933,5331,True
phs000209,pht001121,phv00087093,1580,True
phs000209,pht001121,phv00087154,696,True
phs000209,pht003086,phv00175410,198,True
phs000209,pht003087,phv00175864,174,True
phs000209,pht003087,phv00175949,32,True
phs000209,pht003091,phv00176833,4447,True
phs000209,pht001111,phv00082655,249,True
phs000209,pht001111,phv00082997,251,True
phs000209,pht001116,phv00084459,6429,True
phs000209,pht001116,phv00085233,6424,True
phs000209,pht001117,phv00085762,51207,True
phs000209,pht001117,phv00085763,6374,True
phs000209,pht001118,phv00085797,5841,True
phs000209,pht001119,phv00086282,5581,True
phs000209,pht001120,phv00086749,5393,True
phs000209,pht001121,phv00087094,1582,True
phs000209,pht001121,phv00087153,1567,True
phs000209,pht003086,phv00174605,198,True
phs000209,pht003087,phv00175865,174,True
phs000209,pht003091,phv00176028,4397,True
phs000209,pht003087,phv00175955,32,True
phs000209,pht001111,phv00082963,248,True
phs000209,pht001116,phv00085117,2506,True
phs000209,pht001120,phv00086821,440,True
phs000209,pht002099,phv00142667,4,True
phs000209,pht002105,phv00160519,939,True
phs000209,pht001116,phv00085009,6261,True
phs000209,pht002105,phv00160518,913,True
phs000209,pht002198,phv00160530,1811,True
phs000209,pht004326,phv00219027,913,True
phs000209,pht001116,phv00160488,6409,True
phs000209,pht002198,phv00160529,1855,True
phs000209,pht002198,phv00160542,1852,True
phs000209,pht003086,phv00175251,194,True
phs000209,pht003091,phv00176674,3938,True
phs000209,pht001116,phv00085074,376,True
phs000209,pht001111,phv00082951,249,True
phs000209,pht001116,phv00084971,6327,True
phs000209,pht001118,phv00085919,5791,True
phs000209,pht001119,phv00086401,5505,True
phs000209,pht001120,phv00086832,5292,True
phs000209,pht001121,phv00087098,1556,True
phs000209,pht003086,phv00175238,197,True
phs000209,pht003087,phv00175866,170,True
phs000209,pht003087,phv00175885,181,True
phs000209,pht003087,phv00175950,32,True
phs000209,pht003091,phv00176661,4310,True
phs000209,pht002512,phv00165052,5122,True
phs000209,pht002512,phv00165050,5042,True
phs000209,pht001111,phv00082842,246,True
phs000209,pht001116,phv00084552,6382,True
phs000209,pht001116,phv00174569,74,True
phs000209,pht003086,phv00175080,2,True
phs000209,pht003086,phv00175124,195,True
phs000209,pht003086,phv00218150,0,True
phs000209,pht003091,phv00176503,52,True
phs000209,pht003091,phv00176547,4359,True
phs000209,pht004319,phv00218998,2338,True
phs000209,pht004319,phv00218994,2756,True
phs000209,pht004319,phv00218995,2756,True
phs000209,pht004319,phv00218996,2756,True
phs000209,pht001116,phv00085027,964,True
phs000209,pht001116,phv00085705,5977,True
phs000209,pht001116,phv00085710,5977,True
phs000209,pht001984,phv00128706,893,True
phs000209,pht004319,phv00219000,2338,True
phs000209,pht004319,phv00218999,2338,True
phs000209,pht002140,phv00156621,5486,True
phs000209,pht002140,phv00156622,4604,True
phs000209,pht001111,phv00082692,251,True
phs000209,pht001116,phv00084491,6429,True
phs000209,pht001118,phv00085804,5899,True
phs000209,pht001119,phv00086303,5621,True
phs000209,pht001120,phv00086756,5402,True
phs000209,pht001121,phv00087081,1582,True
phs000209,pht003086,phv00174645,198,True
phs000209,pht003091,phv00176068,4387,True
phs000209,pht001111,phv00082702,251,True
phs000209,pht001121,phv00087149,1581,True
phs000209,pht003086,phv00174642,198,True
phs000209,pht003091,phv00176065,4373,True
phs000209,pht001123,phv00087873,6420,True
phs000209,pht001123,phv00087852,6429,True
phs000209,pht001984,phv00128760,894,True
phs000209,pht004319,phv00218991,2750,True
phs000209,pht001120,phv00086259,5628,True
phs000209,pht001120,phv00191191,851,True
phs000209,pht001120,phv00191192,851,True
phs000209,pht003089,phv00175982,6129,True
phs000209,pht001111,phv00082714,245,True
phs000209,pht001116,phv00084566,6382,True
phs000209,pht003086,phv00174884,193,True
phs000209,pht003091,phv00176307,4283,True
phs000209,pht001111,phv00082715,246,True
phs000209,pht001116,phv00084567,6382,True
phs000209,pht003086,phv00174885,195,True
phs000209,pht003091,phv00176308,4359,True
phs000209,pht001111,phv00082716,246,True
phs000209,pht001116,phv00084568,6382,True
phs000209,pht003086,phv00174886,195,True
phs000209,pht003091,phv00176309,4359,True
phs000209,pht001984,phv00128762,900,True
phs000209,pht004319,phv00218990,2756,True
phs000209,pht001120,phv00087048,5436,True
phs000209,pht001111,phv00083431,251,True
phs000209,pht001118,phv00086249,5877,True
phs000209,pht001120,phv00087066,5437,True
phs000209,pht003089,phv00175981,6129,True
phs000209,pht004317,phv00218866,4252,True
phs000209,pht001112,phv00083474,249,True
phs000209,pht001112,phv00083475,249,True
phs000209,pht001112,phv00083482,249,True
phs000209,pht001112,phv00083605,0,True
phs000209,pht001112,phv00083604,0,True
phs000209,pht001112,phv00083612,249,True
phs000209,pht001114,phv00083709,3736,True
phs000209,pht001114,phv00083710,3751,True
phs000209,pht001114,phv00083717,3734,True
phs000209,pht001114,phv00083835,3789,True
phs000209,pht001114,phv00083834,3789,True
phs000209,pht001114,phv00083842,3734,True
phs000209,pht001122,phv00087700,157,True
phs000209,pht001122,phv00087701,157,True
phs000209,pht001122,phv00087708,157,True
phs000209,pht001122,phv00087833,157,True
phs000209,pht001122,phv00087831,0,True
phs000209,pht001122,phv00087830,0,True
phs000209,pht001117,phv00085760,51207,True
phs000209,pht001117,phv00085761,2694,True
phs000209,pht001121,phv00087144,1581,True
phs000209,pht001121,phv00087145,1579,True
phs000209,pht001123,phv00087876,6424,True
phs000209,pht001123,phv00087877,170,True
phs000209,pht001123,phv00087879,6424,True
phs000209,pht001111,phv00083083,248,True
phs000209,pht001111,phv00083084,248,True
phs000209,pht001116,phv00085328,6426,True
phs000209,pht001116,phv00085329,6426,True
phs000209,pht001118,phv00086001,5650,True
phs000209,pht001118,phv00086002,5650,True
phs000209,pht001119,phv00086483,5533,True
phs000209,pht001119,phv00086484,5533,True
phs000209,pht001120,phv00086920,5331,True
phs000209,pht001120,phv00086921,5331,True
phs000209,pht001121,phv00087304,1580,True
phs000209,pht001121,phv00087305,1580,True
phs000209,pht003086,phv00175329,198,True
phs000209,pht003086,phv00175330,198,True
phs000209,pht003091,phv00176752,4447,True
phs000209,pht003091,phv00176753,4447,True
phs000209,pht001111,phv00083087,248,True
phs000209,pht001111,phv00083088,248,True
phs000209,pht001116,phv00085332,6426,True
phs000209,pht001116,phv00085333,6426,True
phs000209,pht001118,phv00086019,5650,True
phs000209,pht001118,phv00086020,5650,True
phs000209,pht001119,phv00086501,5533,True
phs000209,pht001119,phv00086502,5533,True
phs000209,pht001120,phv00086938,5331,True
phs000209,pht001120,phv00086939,5331,True
phs000209,pht001121,phv00087308,1580,True
phs000209,pht001121,phv00087309,1580,True
phs000209,pht003086,phv00175333,198,True
phs000209,pht003086,phv00175334,198,True
phs000209,pht003091,phv00176756,4447,True
phs000209,pht003091,phv00176757,4447,True
phs000209,pht001111,phv00083081,248,True
phs000209,pht001111,phv00083082,248,True
phs000209,pht001116,phv00085326,6426,True
phs000209,pht001118,phv00086015,5650,True
phs000209,pht001118,phv00086016,5650,True
phs000209,pht001119,phv00086497,5533,True
phs000209,pht001119,phv00086498,5533,True
phs000209,pht001120,phv00086934,5331,True
phs000209,pht001120,phv00086935,5331,True
phs000209,pht001121,phv00087302,1580,True
phs000209,pht001121,phv00087303,1580,True
phs000209,pht003086,phv00175327,198,True
phs000209,pht003086,phv00175328,198,True
phs000209,pht003091,phv00176750,4447,True
phs000209,pht003091,phv00176751,4447,True
phs000209,pht001111,phv00083099,248,True
phs000209,pht001111,phv00083100,248,True
phs000209,pht001116,phv00085344,6426,True
phs000209,pht001116,phv00085345,6426,True
phs000209,pht001118,phv00086004,5650,True
phs000209,pht001118,phv00086005,5650,True
phs000209,pht001119,phv00086486,5533,True
phs000209,pht001119,phv00086487,5533,True
phs000209,pht001120,phv00086923,5331,True
phs000209,pht001120,phv00086924,5331,True
phs000209,pht001121,phv00087320,1580,True
phs000209,pht001121,phv00087321,1580,True
phs000209,pht003086,phv00175345,198,True
phs000209,pht003086,phv00175346,198,True
phs000209,pht003091,phv00176768,4447,True
phs000209,pht003091,phv00176769,4447,True
phs000209,pht001111,phv00083090,248,True
phs000209,pht001111,phv00083110,248,True
phs000209,pht001111,phv00083111,248,True
phs000209,pht001111,phv00083156,248,True
phs000209,pht001111,phv00083157,248,True
phs000209,pht001116,phv00085335,6426,True
phs000209,pht001116,phv00085355,6426,True
phs000209,pht001116,phv00085356,6426,True
phs000209,pht001116,phv00085401,6426,True
phs000209,pht001116,phv00085402,6426,True
phs000209,pht001118,phv00086022,5650,True
phs000209,pht001118,phv00086037,5650,True
phs000209,pht001118,phv00086038,5650,True
phs000209,pht001118,phv00086079,5650,True
phs000209,pht001118,phv00086080,5650,True
phs000209,pht001119,phv00086504,5533,True
phs000209,pht001119,phv00086519,5533,True
phs000209,pht001119,phv00086520,5533,True
phs000209,pht001119,phv00086561,5533,True
phs000209,pht001119,phv00086562,5533,True
phs000209,pht001120,phv00086941,5331,True
phs000209,pht001120,phv00086956,5331,True
phs000209,pht001120,phv00086957,5331,True
phs000209,pht001120,phv00086998,5331,True
phs000209,pht001120,phv00086999,5331,True
phs000209,pht001121,phv00087311,1580,True
phs000209,pht001121,phv00087331,1580,True
phs000209,pht001121,phv00087332,1580,True
phs000209,pht001121,phv00087376,1580,True
phs000209,pht001121,phv00087377,1580,True
phs000209,pht003086,phv00175336,198,True
phs000209,pht003086,phv00175356,198,True
phs000209,pht003086,phv00175357,198,True
phs000209,pht003086,phv00175403,198,True
phs000209,pht003086,phv00175404,198,True
phs000209,pht003091,phv00176759,4447,True
phs000209,pht003091,phv00176779,4447,True
phs000209,pht003091,phv00176780,4447,True
phs000209,pht003091,phv00176826,4447,True
phs000209,pht003091,phv00176827,4447,True
phs000209,pht001111,phv00083136,248,True
phs000209,pht001116,phv00085381,6426,True
phs000209,pht001118,phv00086059,5650,True
phs000209,pht001119,phv00086541,5533,True
phs000209,pht001120,phv00086978,5331,True
phs000209,pht001121,phv00087356,1580,True
phs000209,pht003086,phv00175383,198,True
phs000209,pht003091,phv00176806,4447,True
phs000209,pht001111,phv00083116,248,True
phs000209,pht001111,phv00083117,248,True
phs000209,pht001111,phv00083161,248,True
phs000209,pht001116,phv00085361,6426,True
phs000209,pht001116,phv00085362,6426,True
phs000209,pht001116,phv00085370,6426,True
phs000209,pht001116,phv00085406,6426,True
phs000209,pht001118,phv00086012,5650,True
phs000209,pht001118,phv00086043,5650,True
phs000209,pht001118,phv00086044,5650,True
phs000209,pht001118,phv00086050,5650,True
phs000209,pht001119,phv00086494,5533,True
phs000209,pht001119,phv00086525,5533,True
phs000209,pht001119,phv00086526,5533,True
phs000209,pht001119,phv00086532,5533,True
phs000209,pht001120,phv00086931,5331,True
phs000209,pht001120,phv00086962,5331,True
phs000209,pht001120,phv00086963,5331,True
phs000209,pht001120,phv00086969,5331,True
phs000209,pht001121,phv00087381,1580,True
phs000209,pht001121,phv00087337,1580,True
phs000209,pht001121,phv00087338,1580,True
phs000209,pht001121,phv00087346,1580,True
phs000209,pht003086,phv00175408,198,True
phs000209,pht003086,phv00175363,198,True
phs000209,pht003086,phv00175364,198,True
phs000209,pht003086,phv00175372,198,True
phs000209,pht003091,phv00176831,4447,True
phs000209,pht003091,phv00176786,4447,True
phs000209,pht003091,phv00176787,4447,True
phs000209,pht003091,phv00176795,4447,True
phs000209,pht001111,phv00083008,36,True
phs000209,pht001111,phv00083119,248,True
phs000209,pht001111,phv00083302,251,True
phs000209,pht001116,phv00084979,6425,True
phs000209,pht001116,phv00085244,537,True
phs000209,pht001116,phv00085364,6426,True
phs000209,pht001118,phv00085926,5886,True
phs000209,pht001118,phv00086008,5650,True
phs000209,pht001119,phv00086409,5609,True
phs000209,pht001119,phv00086490,5533,True
phs000209,pht001120,phv00086841,5379,True
phs000209,pht001120,phv00086927,5331,True
phs000209,pht003086,phv00175366,198,True
phs000209,pht003086,phv00175455,197,True
phs000209,pht003091,phv00176789,4447,True
phs000209,pht003091,phv00176889,4354,True
phs000209,pht001111,phv00083006,43,True
phs000209,pht001116,phv00085234,6429,True
phs000209,pht001121,phv00087115,293,True
phs000209,pht003086,phv00175292,33,True
phs000209,pht003087,phv00175870,174,True
phs000209,pht003091,phv00176715,470,True
phs000209,pht001111,phv00083135,248,True
phs000209,pht001116,phv00085380,6426,True
phs000209,pht001118,phv00086011,5650,True
phs000209,pht001119,phv00086493,5533,True
phs000209,pht001120,phv00086930,5331,True
phs000209,pht001121,phv00087103,1580,True
phs000209,pht003086,phv00175382,198,True
phs000209,pht003091,phv00176805,4447,True
phs000209,pht001111,phv00083003,78,True
phs000209,pht001111,phv00083162,248,True
phs000209,pht001111,phv00083002,124,True
phs000209,pht001116,phv00085240,1016,True
phs000209,pht001116,phv00085407,6426,True
phs000209,pht001121,phv00087104,1580,True
phs000209,pht001121,phv00087157,419,True
phs000209,pht001116,phv00085235,6429,True
phs000209,pht001111,phv00083154,248,True
phs000209,pht001111,phv00083155,248,True
phs000209,pht001111,phv00083144,248,True
phs000209,pht001116,phv00085389,6426,True
phs000209,pht001116,phv00085399,6426,True
phs000209,pht001116,phv00085400,6426,True
phs000209,pht001118,phv00086067,5650,True
phs000209,pht001118,phv00086077,5650,True
phs000209,pht001118,phv00086078,5650,True
phs000209,pht001119,phv00086549,5533,True
phs000209,pht001119,phv00086559,5533,True
phs000209,pht001119,phv00086560,5533,True
phs000209,pht001120,phv00086986,5331,True
phs000209,pht001120,phv00086996,5331,True
phs000209,pht001120,phv00086997,5331,True
phs000209,pht001121,phv00087364,1580,True
phs000209,pht001121,phv00087374,1580,True
phs000209,pht001121,phv00087375,1580,True
phs000209,pht003086,phv00175391,198,True
phs000209,pht003086,phv00175401,198,True
phs000209,pht003086,phv00175402,198,True
phs000209,pht003091,phv00176814,4447,True
phs000209,pht003091,phv00176824,4447,True
phs000209,pht003091,phv00176825,4447,True
phs000209,pht001111,phv00083097,248,True
phs000209,pht001111,phv00083114,248,True
phs000209,pht001111,phv00083128,248,True
phs000209,pht001116,phv00085342,6426,True
phs000209,pht001116,phv00085359,6426,True
phs000209,pht001116,phv00085373,6426,True
phs000209,pht001118,phv00086028,5650,True
phs000209,pht001118,phv00086041,5650,True
phs000209,pht001118,phv00086052,5650,True
phs000209,pht001119,phv00086510,5533,True
phs000209,pht001119,phv00086523,5533,True
phs000209,pht001119,phv00086534,5533,True
phs000209,pht001120,phv00086947,5331,True
phs000209,pht001120,phv00086960,5331,True
phs000209,pht001120,phv00086971,5331,True
phs000209,pht001121,phv00087318,1580,True
phs000209,pht001121,phv00087335,1580,True
phs000209,pht001121,phv00087349,1580,True
phs000209,pht003086,phv00175343,198,True
phs000209,pht003086,phv00175360,198,True
phs000209,pht003086,phv00175375,198,True
phs000209,pht003091,phv00176766,4447,True
phs000209,pht003091,phv00176783,4447,True
phs000209,pht003091,phv00176798,4447,True
phs000209,pht002105,phv00160520,932,True
phs000209,pht002198,phv00160540,1849,True
phs000209,pht002198,phv00160541,6,True
phs000209,pht004326,phv00219028,932,True
phs000209,pht001116,phv00085029,2813,True
phs000209,pht001111,phv00082956,251,True
phs000209,pht001116,phv00084974,6415,True
phs000209,pht001118,phv00085921,5860,True
phs000209,pht001119,phv00086404,5581,True
phs000209,pht001120,phv00086836,5346,True
phs000209,pht001121,phv00087100,1577,True
phs000209,pht003086,phv00175242,197,True
phs000209,pht003087,phv00175867,172,True
phs000209,pht003091,phv00176665,4333,True
phs000209,pht001111,phv00082950,251,True
phs000209,pht001116,phv00084968,6415,True
phs000209,pht001118,phv00085918,5860,True
phs000209,pht001119,phv00086400,5581,True
phs000209,pht001120,phv00086831,5346,True
phs000209,pht001121,phv00087101,1577,True
phs000209,pht003086,phv00175237,197,True
phs000209,pht003091,phv00176660,4333,True
phs000209,pht004317,phv00218787,4267,True
phs000209,pht004317,phv00218788,4267,True
phs000209,pht004317,phv00218789,4267,True
phs000209,pht004317,phv00218790,4267,True
phs000209,pht004317,phv00218791,4267,True
phs000209,pht004317,phv00218792,4267,True
phs000209,pht004317,phv00218793,4267,True
phs000209,pht001111,phv00082986,251,True
phs000209,pht001116,phv00085222,6426,True
phs000209,pht001121,phv00087130,1578,True
phs000209,pht001111,phv00082687,251,True
phs000209,pht001116,phv00084486,6429,True
phs000209,pht001118,phv00085801,5899,True
phs000209,pht001119,phv00086301,5618,True
phs000209,pht001120,phv00086754,5400,True
phs000209,pht003086,phv00174634,198,True
phs000209,pht003091,phv00176057,4383,True
phs000209,pht001121,phv00087518,1581,True
phs000209,pht001121,phv00087519,1581,True
phs000209,pht001984,phv00128764,900,True
phs000209,pht004319,phv00218997,2756,True
phs000209,pht001116,phv00085076,962,True
phs000280,pht004037,phv00203303,15422,True
phs000280,pht004038,phv00203306,14151,True
phs000280,pht004039,phv00203309,12598,True
phs000280,pht004040,phv00203312,11473,True
phs000280,pht004061,phv00204463,3271,True
phs000280,pht004102,phv00206790,9559,True
phs000280,pht004102,phv00206843,2506,True
phs000280,pht004102,phv00207019,6344,True
phs000280,pht004231,phv00215644,15435,True
phs000280,pht004232,phv00216061,14156,True
phs000280,pht004233,phv00216478,12597,True
phs000280,pht004234,phv00216895,11471,True
phs000280,pht006436,phv00295793,5911,True
phs000280,pht009479,phv00419916,8127,True
phs000280,pht012518,phv00507818,9383,True
phs000280,pht012839,phv00516826,15636,True
phs000280,pht012840,phv00516895,15636,True
phs000280,pht012503,phv00507050,3056,True
phs000280,pht004051,phv00203871,14918,True
phs000280,pht012503,phv00506959,2888,True
phs000280,pht006427,phv00295249,5213,True
phs000280,pht006427,phv00295248,5213,True
phs000280,pht006427,phv00295250,5722,True
phs000280,pht004047,phv00203789,436,True
phs000280,pht004053,phv00203904,37,True
phs000280,pht004063,phv00204724,15599,True
phs000280,pht004102,phv00206789,9558,True
phs000280,pht004102,phv00207018,6344,True
phs000280,pht004104,phv00207159,12718,True
phs000280,pht004106,phv00207199,11434,True
phs000280,pht004144,phv00208905,14007,True
phs000280,pht006416,phv00294727,14402,True
phs000280,pht006416,phv00294787,148001,True
phs000280,pht004102,phv00206783,9560,True
phs000280,pht004103,phv00207069,14171,True
phs000280,pht004111,phv00207318,15622,True
phs000280,pht004145,phv00208976,12712,True
phs000280,pht004146,phv00209067,11419,True
phs000280,pht004161,phv00209714,15608,True
phs000280,pht004161,phv00209715,1012,True
phs000280,pht004161,phv00209716,976,True
phs000280,pht004161,phv00209717,1003,True
phs000280,pht006479,phv00298007,5955,True
phs000280,pht006479,phv00298008,578,True
phs000280,pht006479,phv00298009,555,True
phs000280,pht006479,phv00298010,573,True
phs000280,pht006479,phv00298011,189,True
phs000280,pht009479,phv00419909,7826,True
phs000280,pht012518,phv00507815,9062,True
phs000280,pht012839,phv00516823,15636,True
phs000280,pht012840,phv00516892,15636,True
phs000280,pht012835,phv00516590,13861,True
phs000280,pht012835,phv00516591,13861,True
phs000280,pht004102,phv00206817,8049,True
phs000280,pht004102,phv00206855,8065,True
phs000280,pht004032,phv00203151,15617,True
phs000280,pht006467,phv00297561,220,True
phs000280,pht006467,phv00297562,220,True
phs000280,pht006468,phv00511022,4600,True
phs000280,pht006468,phv00511023,4600,True
phs000280,pht004035,phv00203193,11490,True
phs000280,pht004034,phv00203175,12735,True
phs000280,pht006469,phv00297646,2541,True
phs000280,pht006419,phv00294838,0,False
phs000280,pht012855,phv00520006,0,False
phs000280,pht004032,phv00203154,15611,True
phs000280,pht004033,phv00203166,14183,True
phs000280,pht004034,phv00203176,12731,True
phs000280,pht004035,phv00203187,11492,True
phs000280,pht006467,phv00297563,220,True
phs000280,pht006468,phv00511024,4600,True
phs000280,pht004192,phv00210290,15622,True
phs000280,pht004192,phv00210291,15622,True
phs000280,pht004192,phv00210281,15621,True
phs000280,pht004192,phv00210282,15622,True
phs000280,pht004192,phv00210284,15621,True
phs000280,pht004192,phv00210285,15622,True
phs000280,pht004192,phv00210286,15623,True
phs000280,pht004192,phv00210287,15618,True
phs000280,pht004192,phv00210288,15620,True
phs000280,pht004192,phv00210289,15623,True
phs000280,pht004193,phv00210316,14199,True
phs000280,pht004193,phv00210317,14200,True
phs000280,pht004193,phv00210307,14201,True
phs000280,pht004193,phv00210308,14201,True
phs000280,pht004193,phv00210310,14200,True
phs000280,pht004193,phv00210311,14199,True
phs000280,pht004193,phv00210313,14200,True
phs000280,pht004193,phv00210314,14198,True
phs000280,pht004194,phv00210340,12743,True
phs000280,pht004194,phv00210341,12743,True
phs000280,pht004194,phv00210331,12742,True
phs000280,pht004194,phv00210332,12741,True
phs000280,pht004194,phv00210334,12744,True
phs000280,pht004194,phv00210335,12744,True
phs000280,pht004194,phv00210337,12743,True
phs000280,pht004194,phv00210338,12743,True
phs000280,pht004195,phv00210363,11511,True
phs000280,pht004195,phv00210364,11511,True
phs000280,pht004195,phv00210357,11511,True
phs000280,pht004195,phv00210358,11511,True
phs000280,pht004195,phv00210360,11511,True
phs000280,pht004195,phv00210361,11511,True
phs000280,pht006480,phv00298043,0,False
phs000280,pht006480,phv00298044,0,False
phs000280,pht006480,phv00298034,0,False
phs000280,pht006480,phv00298035,0,False
phs000280,pht006480,phv00298037,0,False
phs000280,pht006480,phv00298038,0,False
phs000280,pht006480,phv00298040,0,False
phs000280,pht006480,phv00298041,0,False
phs000280,pht004027,phv00202843,15070,True
phs000280,pht004027,phv00202844,15078,True
phs000280,pht004028,phv00202852,4513,True
phs000280,pht004028,phv00202853,4510,True
phs000280,pht004029,phv00202862,6356,True
phs000280,pht004029,phv00202863,6356,True
phs000280,pht006414,phv00294491,11717,True
phs000280,pht006414,phv00294506,11715,True
phs000280,pht006414,phv00294508,11715,True
phs000280,pht006414,phv00294509,11715,True
phs000280,pht006414,phv00294511,11715,True
phs000280,pht006414,phv00294512,11715,True
phs000280,pht006414,phv00294514,11715,True
phs000280,pht006414,phv00294515,11715,True
phs000280,pht006414,phv00294517,11715,True
phs000280,pht004041,phv00203315,15038,True
phs000280,pht004041,phv00203316,14818,True
phs000280,pht004041,phv00203317,82,True
phs000280,pht004041,phv00203318,21,True
phs000280,pht004041,phv00203319,15108,True
phs000280,pht004041,phv00203320,15072,True
phs000280,pht004041,phv00203321,15113,True
phs000280,pht004041,phv00203322,15070,True
phs000280,pht004042,phv00203334,4533,True
phs000280,pht004042,phv00203335,4533,True
phs000280,pht004042,phv00203336,4604,True
phs000280,pht004042,phv00203337,4604,True
phs000280,pht004042,phv00203338,4570,True
phs000280,pht004042,phv00203339,4570,True
phs000280,pht004042,phv00203340,4180,True
phs000280,pht004042,phv00203341,4180,True
phs000280,pht004042,phv00203342,4523,True
phs000280,pht004042,phv00203343,4523,True
phs000280,pht004042,phv00203344,4252,True
phs000280,pht004042,phv00203345,4252,True
phs000280,pht004042,phv00203346,4240,True
phs000280,pht004042,phv00203347,4240,True
phs000280,pht004043,phv00203358,6384,True
phs000280,pht004043,phv00203359,6384,True
phs000280,pht004043,phv00203360,6576,True
phs000280,pht004043,phv00203361,6576,True
phs000280,pht004043,phv00203362,6547,True
phs000280,pht004043,phv00203363,6547,True
phs000280,pht004043,phv00203364,6395,True
phs000280,pht004043,phv00203365,6395,True
phs000280,pht004043,phv00203366,6515,True
phs000280,pht004043,phv00203367,6515,True
phs000280,pht004043,phv00203368,6504,True
phs000280,pht004043,phv00203369,6504,True
phs000280,pht004043,phv00203370,6474,True
phs000280,pht004043,phv00203371,6474,True
phs000280,pht006415,phv00294561,5591,True
phs000280,pht006415,phv00294568,5497,True
phs000280,pht006415,phv00294570,5497,True
phs000280,pht006415,phv00294571,5458,True
phs000280,pht006415,phv00294573,5458,True
phs000280,pht006415,phv00294574,5524,True
phs000280,pht006415,phv00294576,5524,True
phs000280,pht006415,phv00294577,5514,True
phs000280,pht006415,phv00294579,5513,True
phs000280,pht004229,phv00215412,7290,True
phs000280,pht004229,phv00215413,7291,True
phs000280,pht004229,phv00215414,7288,True
phs000280,pht004229,phv00215415,7289,True
phs000280,pht004229,phv00215416,7292,True
phs000280,pht004229,phv00215417,7293,True
phs000280,pht004230,phv00215520,10320,True
phs000280,pht004230,phv00215521,10320,True
phs000280,pht004230,phv00215522,10322,True
phs000280,pht004230,phv00215523,10322,True
phs000280,pht004230,phv00215524,10322,True
phs000280,pht004230,phv00215525,10322,True
phs000280,pht004079,phv00205847,2368,True
phs000280,pht004079,phv00205848,2368,True
phs000280,pht004079,phv00510683,2368,True
phs000280,pht004063,phv00204719,15611,True
phs000280,pht012502,phv00506861,0,False
phs000280,pht012811,phv00511714,0,False
phs000280,pht009477,phv00419796,9972,True
phs000280,pht009477,phv00419810,4086,True
phs000280,pht004053,phv00204185,998,True
phs000280,pht009477,phv00419811,4066,True
phs000280,pht004053,phv00204186,371,True
phs000280,pht004053,phv00204184,3852,True
phs000280,pht004102,phv00206948,4036,True
phs000280,pht004102,phv00206947,4053,True
phs000280,pht004102,phv00206946,4076,True
phs000280,pht004053,phv00204179,3947,True
phs000280,pht004051,phv00203866,14918,True
phs000280,pht004207,phv00211095,12050,True
phs000280,pht004207,phv00211096,10510,True
phs000280,pht004207,phv00211097,10734,True
phs000280,pht004207,phv00211101,11990,True
phs000280,pht004207,phv00211102,10111,True
phs000280,pht004207,phv00211103,11550,True
phs000280,pht004213,phv00212601,11998,True
phs000280,pht004213,phv00212602,10640,True
phs000280,pht004213,phv00212603,9893,True
phs000280,pht004213,phv00212607,12393,True
phs000280,pht004213,phv00212608,10263,True
phs000280,pht004213,phv00212609,10836,True
phs000280,pht004223,phv00213941,5866,True
phs000280,pht004223,phv00213942,5966,True
phs000280,pht004207,phv00211053,9877,True
phs000280,pht004207,phv00211054,7264,True
phs000280,pht004207,phv00211055,8816,True
phs000280,pht004207,phv00211059,9708,True
phs000280,pht004207,phv00211060,7003,True
phs000280,pht004207,phv00211061,9580,True
phs000280,pht004207,phv00211081,12050,True
phs000280,pht004207,phv00211082,10510,True
phs000280,pht004207,phv00211083,10734,True
phs000280,pht004207,phv00211087,11990,True
phs000280,pht004207,phv00211088,10111,True
phs000280,pht004207,phv00211089,11550,True
phs000280,pht004213,phv00212559,10068,True
phs000280,pht004213,phv00212560,7776,True
phs000280,pht004213,phv00212561,8435,True
phs000280,pht004213,phv00212565,10328,True
phs000280,pht004213,phv00212566,7516,True
phs000280,pht004213,phv00212567,9505,True
phs000280,pht004223,phv00213911,5023,True
phs000280,pht004223,phv00213912,5096,True
phs000280,pht012850,phv00519705,6191,True
phs000280,pht012850,phv00519706,6161,True
phs000280,pht004063,phv00204712,15636,True
phs000280,pht004063,phv00204776,15256,True
phs000280,pht004063,phv00204777,15256,True
phs000280,pht004063,phv00204778,15256,True
phs000280,pht004063,phv00204779,15256,True
phs000280,pht004063,phv00204780,15256,True
phs000280,pht004063,phv00204781,15256,True
phs000280,pht004063,phv00204782,15256,True
phs000280,pht004063,phv00204783,15256,True
phs000280,pht004063,phv00204784,15256,True
phs000280,pht004063,phv00204787,15256,True
phs000280,pht004063,phv00204788,15256,True
phs000280,pht004063,phv00204789,15256,True
phs000280,pht004063,phv00204790,15256,True
phs000280,pht004063,phv00204791,15256,True
phs000280,pht004063,phv00204792,15256,True
phs000280,pht004064,phv00204881,12749,True
phs000280,pht004064,phv00204882,12749,True
phs000280,pht004064,phv00204883,12749,True
phs000280,pht004064,phv00204884,12749,True
phs000280,pht004064,phv00204885,12747,True
phs000280,pht004064,phv00204886,12749,True
phs000280,pht004064,phv00204887,12749,True
phs000280,pht004064,phv00204888,12749,True
phs000280,pht004064,phv00204889,12749,True
phs000280,pht004064,phv00204890,12749,True
phs000280,pht004064,phv00204891,7957,True
phs000280,pht004064,phv00204892,7857,True
phs000280,pht004064,phv00204893,12749,True
phs000280,pht004064,phv00204894,12749,True
phs000280,pht004064,phv00204895,12749,True
phs000280,pht012813,phv00512002,6819,True
phs000280,pht012813,phv00512003,6819,True
phs000280,pht012813,phv00512004,6819,True
phs000280,pht012813,phv00512006,6819,True
phs000280,pht012813,phv00512008,6819,True
phs000280,pht012813,phv00512009,6819,True
phs000280,pht012813,phv00512010,6819,True
phs000280,pht012813,phv00512014,6819,True
phs000280,pht012813,phv00512015,6819,True
phs000280,pht012813,phv00512016,6819,True
phs000280,pht004061,phv00204553,165,True
phs000280,pht004061,phv00204552,162,True
phs000280,pht012504,phv00507307,3529,True
phs000280,pht012504,phv00507380,3406,True
phs000280,pht012815,phv00512229,3938,True
phs000280,pht012815,phv00512381,3649,True
phs000280,pht012855,phv00519890,0,False
phs000280,pht012814,phv00512050,6430,True
phs000280,pht012814,phv00512128,6295,True
phs000280,pht012851,phv00519777,5827,True
phs000280,pht004047,phv00203798,292,True
phs000280,pht004053,phv00203911,17371,True
phs000280,pht004054,phv00204312,1178,True
phs000280,pht004063,phv00204713,15625,True
phs000280,pht004064,phv00204859,12710,True
phs000280,pht004102,phv00206780,703,True
phs000280,pht004103,phv00207119,14171,True
phs000280,pht004103,phv00207120,8564,True
phs000280,pht004111,phv00207368,15626,True
phs000280,pht004111,phv00207370,9141,True
phs000280,pht004145,phv00208996,12710,True
phs000280,pht004145,phv00208998,7495,True
phs000280,pht004146,phv00209072,11417,True
phs000280,pht004146,phv00209073,6685,True
phs000280,pht012504,phv00507404,3103,True
phs000280,pht012813,phv00511992,11418,True
phs000280,pht012814,phv00512115,6200,True
phs000280,pht012815,phv00512398,3596,True
phs000280,pht004102,phv00206784,9559,True
phs000280,pht006479,phv00298000,5954,True
phs000280,pht006479,phv00298001,375,True
phs000280,pht006479,phv00298002,375,True
phs000280,pht012825,phv00515927,5953,True
phs000280,pht004102,phv00206960,5065,True
phs000280,pht012853,phv00519799,5896,True
phs000280,pht012853,phv00519803,5834,True
phs000280,pht012853,phv00519796,13640,True
phs000280,pht012853,phv00519801,13588,True
phs000280,pht004102,phv00296596,4093,True
phs000280,pht004100,phv00296341,3,True
phs000280,pht004053,phv00204180,11309,True
phs000280,pht004100,phv00296343,1,True
phs000280,pht012853,phv00519795,15054,True
phs000280,pht012853,phv00519800,14918,True
phs000280,pht006427,phv00295246,5834,True
phs000280,pht004046,phv00295065,4481,True
phs000280,pht004046,phv00295066,3566,True
phs000280,pht004053,phv00204188,4970,True
phs000280,pht004061,phv00295526,884,True
phs000280,pht004124,phv00207682,10906,True
phs000280,pht004051,phv00203867,14918,True
phs000280,pht004102,phv00206961,5065,True
phs000280,pht004102,phv00296597,3477,True
phs000280,pht004053,phv00204187,16229,True
phs000280,pht012503,phv00506998,3056,True
phs000280,pht004052,phv00203883,13588,True
phs000280,pht012853,phv00519798,10995,True
phs000280,pht012853,phv00519802,10906,True
phs000280,pht004046,phv00295067,2508,True
phs000280,pht004100,phv00296342,1,True
phs000280,pht004053,phv00204189,14097,True
phs000280,pht004061,phv00295525,1109,True
phs000280,pht004102,phv00296595,4402,True
phs000280,pht012503,phv00506972,3057,True
phs000280,pht006444,phv00296696,5818,True
phs000280,pht012511,phv00507554,3033,True
phs000280,pht012853,phv00519822,696,True
phs000280,pht012853,phv00519845,5828,True
phs000280,pht012853,phv00519843,12736,True
phs000280,pht012853,phv00519844,10685,True
phs000280,pht006428,phv00295532,6345,True
phs000280,pht012503,phv00507076,3056,True
phs000280,pht012826,phv00515959,12422,True
phs000280,pht004031,phv00203040,14363,True
phs000280,pht004031,phv00203105,1683,True
phs000280,pht004047,phv00203797,292,True
phs000280,pht004053,phv00203983,19666,True
phs000280,pht004054,phv00204313,1177,True
phs000280,pht004063,phv00204752,15523,True
phs000280,pht004063,phv00204753,15522,True
phs000280,pht004064,phv00204898,12711,True
phs000280,pht004064,phv00204899,12710,True
phs000280,pht004102,phv00206810,9559,True
phs000280,pht004103,phv00207067,14169,True
phs000280,pht004111,phv00207315,15627,True
phs000280,pht004145,phv00208974,12711,True
phs000280,pht004146,phv00209065,11419,True
phs000280,pht004149,phv00209125,12696,True
phs000280,pht004150,phv00209161,1110,True
phs000280,pht006477,phv00297898,2681,True
phs000280,pht009479,phv00419905,8922,True
phs000280,pht012502,phv00506870,0,False
phs000280,pht012504,phv00507394,3529,True
phs000280,pht012504,phv00507395,3529,True
phs000280,pht012504,phv00507396,3529,True
phs000280,pht012504,phv00507398,3529,True
phs000280,pht012518,phv00507813,10160,True
phs000280,pht012811,phv00511685,0,False
phs000280,pht012813,phv00511978,11484,True
phs000280,pht012813,phv00511979,11484,True
phs000280,pht012814,phv00512060,6430,True
phs000280,pht012814,phv00512061,6430,True
phs000280,pht012814,phv00512062,6430,True
phs000280,pht012814,phv00512095,6430,True
phs000280,pht012815,phv00512375,3938,True
phs000280,pht012815,phv00512376,3938,True
phs000280,pht012815,phv00512377,3938,True
phs000280,pht012815,phv00512379,3938,True
phs000280,pht012839,phv00516821,15636,True
phs000280,pht012840,phv00516890,15636,True
phs000280,pht004063,phv00204745,15609,True
phs000280,pht012505,phv00507454,3453,True
phs000280,pht012815,phv00512303,3773,True
phs000280,pht012853,phv00519853,13640,True
phs000280,pht012853,phv00519849,5830,True
phs000280,pht012814,phv00512179,6340,True
phs000280,pht012853,phv00519848,10906,True
phs000280,pht012504,phv00507312,3328,True
phs000280,pht012853,phv00519854,10995,True
phs000280,pht012853,phv00519847,13588,True
phs000280,pht012853,phv00519850,13640,True
phs000280,pht012853,phv00519852,5896,True
phs000280,pht012504,phv00507389,3328,True
phs000280,pht012814,phv00512177,6340,True
phs000280,pht012504,phv00507388,3328,True
phs000280,pht012502,phv00506868,0,False
phs000280,pht012853,phv00519851,10995,True
phs000280,pht012815,phv00512298,3773,True
phs000280,pht012814,phv00512178,6347,True
phs000280,pht012815,phv00512302,3773,True
phs000280,pht012853,phv00519855,5896,True
phs000280,pht012853,phv00519846,14918,True
phs000280,pht004098,phv00206651,14503,True
phs000280,pht004099,phv00206657,969,True
phs000280,pht004098,phv00206649,14793,True
phs000280,pht004111,phv00207402,15309,True
phs000280,pht004145,phv00209018,12284,True
phs000280,pht004090,phv00206548,12483,True
phs000280,pht004090,phv00206556,10219,True
phs000280,pht004090,phv00206564,7908,True
phs000280,pht004090,phv00206572,6009,True
phs000280,pht004090,phv00206580,4590,True
phs000280,pht004111,phv00207326,8496,True
phs000280,pht004111,phv00207337,7045,True
phs000280,pht004111,phv00207350,12025,True
phs000280,pht004111,phv00207361,3280,True
phs000280,pht004124,phv00207678,10906,True
phs000280,pht006444,phv00296695,5547,True
phs000280,pht012814,phv00512077,6020,True
phs000280,pht012813,phv00511990,11431,True
phs000280,pht012813,phv00511996,11525,True
phs000280,pht012504,phv00507387,3054,True
phs000280,pht012815,phv00512301,3474,True
phs000280,pht004099,phv00206658,969,True
phs000280,pht004098,phv00206650,14798,True
phs000280,pht004068,phv00205071,15596,True
phs000280,pht004070,phv00205289,12678,True
phs000280,pht004069,phv00205193,1042,True
phs000280,pht004068,phv00205068,15594,True
phs000280,pht004070,phv00205291,12676,True
phs000280,pht004069,phv00205191,1043,True
phs000280,pht004069,phv00205192,1043,True
phs000280,pht004070,phv00205290,12677,True
phs000280,pht004068,phv00205070,15595,True
phs000280,pht004068,phv00205072,15595,True
phs000280,pht004068,phv00205073,15594,True
phs000280,pht004070,phv00205292,12676,True
phs000280,pht004069,phv00205190,1043,True
phs000280,pht004068,phv00205069,15594,True
phs000280,pht004070,phv00205293,12676,True
phs000280,pht004070,phv00205288,12678,True
phs000280,pht004069,phv00205194,1043,True
phs000280,pht004069,phv00205189,1043,True
phs000280,pht004063,phv00204730,15488,True
phs000280,pht012853,phv00519794,14918,True
phs000280,pht012853,phv00519817,14918,True
phs000280,pht004123,phv00207663,12162,True
phs000280,pht012853,phv00519797,12215,True
phs000280,pht012853,phv00519819,12162,True
phs000280,pht012503,phv00506985,2902,True
phs000280,pht004052,phv00203882,13588,True
phs000280,pht012853,phv00519818,13588,True
phs000280,pht012853,phv00519821,5547,True
phs000280,pht012853,phv00519820,10906,True
phs000280,pht004063,phv00204734,15488,True
phs000280,pht012504,phv00507386,3147,True
phs000280,pht012853,phv00519826,12162,True
phs000280,pht012853,phv00519828,5820,True
phs000280,pht012853,phv00519824,14827,True
phs000280,pht012511,phv00507550,3033,True
phs000280,pht006444,phv00296693,5820,True
phs000280,pht004124,phv00207677,10906,True
phs000280,pht004122,phv00207651,13518,True
phs000280,pht004063,phv00204761,15392,True
phs000280,pht012853,phv00519825,13518,True
phs000280,pht004123,phv00207662,12162,True
phs000280,pht012853,phv00519827,10906,True
phs000280,pht004064,phv00204867,12695,True
phs000280,pht004064,phv00204871,12749,True
phs000280,pht012815,phv00512244,3758,True
phs000280,pht004063,phv00204765,15392,True
phs000280,pht012814,phv00512074,6329,True
phs000280,pht012813,phv00511987,11431,True
phs000280,pht012504,phv00507329,3297,True
phs000280,pht004107,phv00207255,14833,True
phs000280,pht004110,phv00207301,5755,True
phs000280,pht004108,phv00207270,13514,True
phs000280,pht004102,phv00206945,9287,True
phs000280,pht004109,phv00207289,3269,True
phs000280,pht006422,phv00294957,5707,True
phs000280,pht004102,phv00206944,9293,True
phs000280,pht004109,phv00207288,3269,True
phs000280,pht004102,phv00206942,9385,True
phs000280,pht004102,phv00206943,9385,True
phs000280,pht012503,phv00507167,3032,True
phs000280,pht004108,phv00207271,13514,True
phs000280,pht004110,phv00207300,5755,True
phs000280,pht006422,phv00294956,5707,True
phs000280,pht004107,phv00207256,14832,True
phs000280,pht006427,phv00295245,5809,True
phs000280,pht012503,phv00506933,3032,True
phs000280,pht004033,phv00203172,14185,True
phs000280,pht004034,phv00203178,12731,True
phs000280,pht006419,phv00294846,0,False
phs000280,pht004035,phv00203189,11494,True
phs000280,pht004032,phv00203160,15610,True
phs000280,pht004047,phv00203793,436,True
phs000280,pht004053,phv00203945,22325,True
phs000280,pht004053,phv00203981,22322,True
phs000280,pht004104,phv00207175,158,True
phs000280,pht004106,phv00207215,165,True
phs000280,pht004143,phv00208853,15505,True
phs000280,pht004143,phv00208854,304,True
phs000280,pht004047,phv00203792,436,True
phs000280,pht004053,phv00203951,22325,True
phs000280,pht004053,phv00203980,22321,True
phs000280,pht004102,phv00206900,1087,True
phs000280,pht004102,phv00206912,702,True
phs000280,pht004104,phv00207168,255,True
phs000280,pht004106,phv00207208,342,True
phs000280,pht004143,phv00208846,403,True
phs000280,pht004144,phv00208914,438,True
phs000280,pht006416,phv00294685,3524,True
phs000280,pht004063,phv00204706,15294,True
phs000280,pht004064,phv00204833,12487,True
phs000280,pht004064,phv00204834,12726,True
phs000280,pht004064,phv00204911,12488,True
phs000280,pht004145,phv00208973,12707,True
phs000280,pht004146,phv00209064,11419,True
phs000280,pht006443,phv00506159,15198,True
phs000280,pht012504,phv00507337,3170,True
phs000280,pht012504,phv00507407,3529,True
phs000280,pht012504,phv00507408,3529,True
phs000280,pht012813,phv00511958,11458,True
phs000280,pht004102,phv00206801,9558,True
phs000280,pht004102,phv00206802,8439,True
phs000280,pht004102,phv00206807,9558,True
phs000280,pht012813,phv00512028,11300,True
phs000280,pht012814,phv00512123,6430,True
phs000280,pht012815,phv00512297,3765,True
phs000280,pht004047,phv00203751,436,True
phs000280,pht004047,phv00203752,436,True
phs000280,pht004047,phv00203753,436,True
phs000280,pht004053,phv00203905,37,True
phs000280,pht004053,phv00203976,22322,True
phs000280,pht004053,phv00203977,13474,True
phs000280,pht004054,phv00204309,1329,True
phs000280,pht004063,phv00204751,15471,True
phs000280,pht004067,phv00205042,10365,True
phs000280,pht004067,phv00205043,10278,True
phs000280,pht004102,phv00206808,703,True
phs000280,pht004102,phv00206809,9556,True
phs000280,pht004102,phv00207024,595,True
phs000280,pht012825,phv00515897,6321,True
phs000280,pht004063,phv00204697,15352,True
phs000280,pht004102,phv00207050,7717,True
phs000280,pht006416,phv00294721,586,True
phs000280,pht009477,phv00419797,9559,True
phs000280,pht009479,phv00419913,8462,True
phs000280,pht006443,phv00506149,15256,True
phs000280,pht006443,phv00506150,14515,True
phs000280,pht012504,phv00507449,3529,True
phs000280,pht012504,phv00507450,3529,True
phs000280,pht012518,phv00507817,3193,True
phs000280,pht012814,phv00512120,6430,True
phs000280,pht012814,phv00512121,6430,True
phs000280,pht012814,phv00512148,6430,True
phs000280,pht012815,phv00512406,3938,True
phs000280,pht012815,phv00512407,3938,True
phs000280,pht012825,phv00515915,6430,True
phs000280,pht012839,phv00516818,15636,True
phs000280,pht012839,phv00516819,15636,True
phs000280,pht012839,phv00516825,15636,True
phs000280,pht012840,phv00516894,15636,True
phs000280,pht004047,phv00203749,436,True
phs000280,pht004047,phv00203786,435,True
phs000280,pht004047,phv00203787,51,True
phs000280,pht004053,phv00203902,37,True
phs000280,pht004053,phv00203975,22322,True
phs000280,pht004054,phv00204306,1328,True
phs000280,pht004054,phv00204307,376,True
phs000280,pht004061,phv00204460,3271,True
phs000280,pht004061,phv00204461,3271,True
phs000280,pht004063,phv00204748,15635,True
phs000280,pht004063,phv00204749,15636,True
phs000280,pht004064,phv00204831,12749,True
phs000280,pht004064,phv00204832,12749,True
phs000280,pht004064,phv00204841,12749,True
phs000280,pht004064,phv00204842,12749,True
phs000280,pht004102,phv00206805,9558,True
phs000280,pht004102,phv00206841,586,True
phs000280,pht004102,phv00206999,703,True
phs000280,pht004103,phv00207066,14170,True
phs000280,pht004111,phv00207313,15626,True
phs000280,pht004126,phv00207776,15325,True
phs000280,pht004126,phv00207778,611,True
phs000280,pht004145,phv00208972,12709,True
phs000280,pht004146,phv00209063,11418,True
phs000280,pht006416,phv00294654,4642,True
phs000280,pht006416,phv00294655,292537,True
phs000280,pht006416,phv00294675,111930,True
phs000280,pht006416,phv00294786,148065,True
phs000280,pht004050,phv00203852,35886,True
phs000280,pht004050,phv00295237,35886,True
phs000280,pht004050,phv00295238,35886,True
phs000280,pht012504,phv00507335,3113,True
phs000280,pht012504,phv00507336,3529,True
phs000280,pht012813,phv00511956,11525,True
phs000280,pht012813,phv00511957,11525,True
phs000280,pht012813,phv00511964,11525,True
phs000280,pht012814,phv00512072,6430,True
phs000280,pht012814,phv00512099,6400,True
phs000280,pht012814,phv00512122,6430,True
phs000280,pht012815,phv00512288,3741,True
phs000280,pht012815,phv00512289,3938,True
phs000280,pht004231,phv00215643,15435,True
phs000280,pht004232,phv00216060,14156,True
phs000280,pht004233,phv00216477,12597,True
phs000280,pht004234,phv00216894,11471,True
phs000280,pht006436,phv00295792,5911,True
phs000280,pht004063,phv00204704,15636,True
phs000280,pht004063,phv00204709,15636,True
phs000280,pht004063,phv00204740,15635,True
phs000280,pht004063,phv00204705,15636,True
phs000280,pht004054,phv00204300,381,True
phs000280,pht006416,phv00294812,2613,True
phs000280,pht004194,phv00210327,12729,True
phs000280,pht004195,phv00210353,11495,True
phs000280,pht004084,phv00206256,301,True
phs000280,pht012824,phv00515687,11429,True
phs000280,pht012824,phv00515865,11454,True
phs000280,pht012822,phv00514035,14140,True
phs000280,pht012822,phv00514213,14140,True
phs000280,pht004088,phv00206495,3546,True
phs000280,pht004232,phv00216047,14156,True
phs000280,pht006415,phv00294580,5558,True
phs000280,pht004085,phv00206406,292,True
phs000280,pht004079,phv00205915,2180,True
phs000280,pht004087,phv00206471,3419,True
phs000280,pht004073,phv00205564,11423,True
phs000280,pht004076,phv00205722,12613,True
phs000280,pht004044,phv00203507,9765,True
phs000280,pht004083,phv00206107,91,True
phs000280,pht004071,phv00205414,14144,True
phs000280,pht004074,phv00205617,15524,True
phs000280,pht004077,phv00205779,11423,True
phs000280,pht012819,phv00512549,1336,True
phs000280,pht004102,phv00206854,9378,True
phs000280,pht004078,phv00205820,15524,True
phs000280,pht004072,phv00205505,12613,True
phs000280,pht004045,phv00203655,20928,True
phs000280,pht012820,phv00512580,1147,True
phs000280,pht004085,phv00206405,296,True
phs000280,pht004234,phv00216881,11471,True
phs000280,pht006414,phv00294518,11715,True
phs000280,pht004075,phv00205674,14144,True
phs000280,pht004079,phv00205900,2215,True
phs000280,pht012823,phv00514861,12588,True
phs000280,pht012823,phv00515039,12611,True
phs000280,pht004045,phv00203656,17090,True
phs000280,pht004086,phv00206444,3583,True
phs000280,pht004233,phv00216464,12597,True
phs000280,pht004084,phv00206255,301,True
phs000280,pht006436,phv00295777,5911,True
phs000280,pht004044,phv00203508,9781,True
phs000280,pht004089,phv00206521,3012,True
phs000280,pht004080,phv00205946,15570,True
phs000280,pht012821,phv00513210,15419,True
phs000280,pht012821,phv00513388,15415,True
phs000280,pht004083,phv00206106,91,True
phs000280,pht004231,phv00215630,15435,True
phs000280,pht004063,phv00204798,15636,True
phs000280,pht004064,phv00204913,12749,True
phs000280,pht004129,phv00207913,13288,True
phs000280,pht004130,phv00208001,12429,True
phs000280,pht004131,phv00208067,11657,True
phs000280,pht004136,phv00208296,10819,True
phs000280,pht004146,phv00209061,11419,True
phs000280,pht006453,phv00506313,0,False
phs000280,pht012504,phv00507343,3524,True
phs000280,pht012504,phv00507345,3524,True
phs000280,pht012813,phv00511981,11525,True
phs000280,pht012813,phv00512030,11525,True
phs000280,pht012814,phv00512187,6430,True
phs000280,pht012814,phv00512189,6430,True
phs000280,pht012815,phv00512252,3913,True
phs000280,pht012815,phv00512253,3913,True
phs000280,pht012815,phv00512254,3913,True
phs000280,pht004063,phv00204754,15636,True
phs000280,pht004047,phv00203796,434,True
phs000280,pht004053,phv00203982,22322,True
phs000280,pht004063,phv00204727,15546,True
phs000280,pht004063,phv00204728,15557,True
phs000280,pht004063,phv00204729,15547,True
phs000280,pht004064,phv00204855,12671,True
phs000280,pht004064,phv00204856,12681,True
phs000280,pht004064,phv00204857,12673,True
phs000280,pht004102,phv00206804,9558,True
phs000280,pht004102,phv00206806,9557,True
phs000280,pht004103,phv00207064,14171,True
phs000280,pht004111,phv00207311,15630,True
phs000280,pht004145,phv00208966,12711,True
phs000280,pht006437,phv00296245,6017,True
phs000280,pht009479,phv00419903,11133,True
phs000280,pht012518,phv00507812,12383,True
phs000280,pht012813,phv00511966,11455,True
phs000280,pht012813,phv00511967,11471,True
phs000280,pht012813,phv00511968,11459,True
phs000280,pht012835,phv00516637,13861,True
phs000280,pht012839,phv00516820,15636,True
phs000280,pht012840,phv00516889,15636,True
phs000280,pht004124,phv00207683,10904,True
phs000280,pht004051,phv00203874,14916,True
phs000280,pht004063,phv00204739,15486,True
phs000280,pht012511,phv00507552,3025,True
phs000280,pht012853,phv00519834,14609,True
phs000280,pht012814,phv00512071,6288,True
phs000280,pht012853,phv00519837,10731,True
phs000280,pht012504,phv00507332,3289,True
phs000280,pht012853,phv00519835,13318,True
phs000280,pht006444,phv00296694,5780,True
phs000280,pht004123,phv00207664,12156,True
phs000280,pht012815,phv00512247,3738,True
phs000280,pht004124,phv00207680,10900,True
phs000280,pht012853,phv00519838,5777,True
phs000280,pht012853,phv00519836,11964,True
phs000280,pht006422,phv00294954,5706,True
phs000280,pht004107,phv00207261,11524,True
phs000280,pht004108,phv00207276,7132,True
phs000280,pht006422,phv00294964,5706,True
phs000280,pht004110,phv00207302,3093,True
phs000280,pht004109,phv00207290,3269,True
phs000280,pht006422,phv00294960,5707,True
phs000280,pht004110,phv00207303,2701,True
phs000280,pht012503,phv00507204,0,True
phs000280,pht006422,phv00294961,5707,True
phs000280,pht012503,phv00507196,0,True
phs000280,pht004108,phv00207282,13511,True
phs000280,pht004110,phv00207305,5751,True
phs000280,pht004109,phv00207293,3269,True
phs000280,pht006422,phv00294959,5707,True
phs000280,pht004102,phv00206929,18,True
phs000280,pht006422,phv00294968,5706,True
phs000280,pht004108,phv00207274,7132,True
phs000280,pht004107,phv00207259,11486,True
phs000280,pht004053,phv00204193,358,True
phs000280,pht004053,phv00204192,1396,True
phs000280,pht004102,phv00206950,1731,True
phs000280,pht006444,phv00296698,5651,True
phs000280,pht012853,phv00519839,10609,True
phs000280,pht004102,phv00206951,1749,True
phs000280,pht004053,phv00204190,1383,True
phs000280,pht004102,phv00206949,1733,True
phs000280,pht004053,phv00204194,150,True
phs000280,pht012853,phv00519840,5651,True
phs000280,pht006415,phv00294619,5580,True
phs000280,pht004067,phv00205047,9632,True
phs000280,pht004102,phv00206911,702,True
phs000280,pht004128,phv00207815,2776,True
phs000280,pht004027,phv00202847,15054,True
phs000280,pht004028,phv00202856,4507,True
phs000280,pht004029,phv00202866,6343,True
phs000280,pht004027,phv00202848,15054,True
phs000280,pht004028,phv00202857,4507,True
phs000280,pht004029,phv00202867,6343,True
phs000280,pht004028,phv00202860,4280,True
phs000280,pht004029,phv00202871,5951,True
phs000280,pht004063,phv00204795,15054,True
phs000280,pht004063,phv00204796,15054,True
phs000280,pht004064,phv00204906,4507,True
phs000280,pht004064,phv00204907,4507,True
phs000280,pht004064,phv00204910,4280,True
phs000280,pht012813,phv00512021,6343,True
phs000280,pht012813,phv00512022,6343,True
phs000280,pht012813,phv00512026,5992,True
phs000280,pht012813,phv00512027,3772,True
phs000280,pht006422,phv00294958,5707,True
phs000280,pht004107,phv00207258,14798,True
phs000280,pht004108,phv00207273,10649,True
phs000280,pht012503,phv00507180,0,True
phs000280,pht004109,phv00207294,3254,True
phs000280,pht004110,phv00207306,3034,True
phs000280,pht012503,phv00507212,0,True
phs000280,pht006422,phv00294963,5707,True
phs000280,pht004051,phv00203864,14918,True
phs000280,pht012851,phv00519775,5827,True
phs000280,pht012503,phv00507115,3051,True
phs000280,pht004052,phv00203881,13588,True
phs000280,pht004231,phv00215631,15396,True
phs000280,pht004234,phv00216882,11358,True
phs000280,pht006436,phv00295778,5657,True
phs000280,pht004232,phv00216048,14088,True
phs000280,pht004233,phv00216465,12516,True
phs000280,pht004231,phv00215632,15435,True
phs000280,pht004077,phv00205780,11423,True
phs000280,pht012823,phv00515036,12582,True
phs000280,pht004072,phv00205506,12614,True
phs000280,pht006436,phv00295779,5911,True
phs000280,pht012821,phv00513385,15440,True
phs000280,pht004073,phv00205565,11423,True
phs000280,pht004074,phv00205595,15545,True
phs000280,pht004232,phv00216049,14156,True
phs000280,pht012824,phv00515862,11429,True
phs000280,pht004233,phv00216466,12597,True
phs000280,pht004071,phv00205437,14161,True
phs000280,pht004078,phv00205843,15545,True
phs000280,pht004234,phv00216883,11471,True
phs000280,pht012822,phv00514210,14157,True
phs000280,pht004075,phv00205649,14161,True
phs000280,pht004076,phv00205723,12614,True
phs000280,pht004231,phv00215633,15435,True
phs000280,pht004234,phv00216884,11471,True
phs000280,pht004232,phv00216050,14156,True
phs000280,pht006436,phv00295780,5911,True
phs000280,pht004233,phv00216467,12597,True
phs000280,pht004080,phv00205943,1629,True
phs000280,pht006422,phv00294955,5707,True
phs000280,pht004109,phv00207287,3269,True
phs000280,pht004110,phv00207299,5752,True
phs000280,pht006422,phv00294962,5707,True
phs000280,pht012503,phv00507208,0,True
phs000280,pht004109,phv00207292,3268,True
phs000280,pht004110,phv00207304,3041,True
phs000280,pht006479,phv00298019,5925,True
phs000280,pht004102,phv00206958,9326,True
phs000280,pht004102,phv00206959,9325,True
phs000280,pht012851,phv00519776,5827,True
phs000280,pht004051,phv00203863,14918,True
phs000280,pht004052,phv00203880,13588,True
phs000280,pht004139,phv00208588,12317,True
phs000280,pht004036,phv00203258,15276,True
phs000280,pht004137,phv00208361,1021,True
phs000280,pht004142,phv00208817,15511,True
phs000280,pht004142,phv00208819,15511,True
phs000280,pht004142,phv00208824,15511,True
phs000280,pht004147,phv00209100,15616,True
phs000280,pht004147,phv00209102,15616,True
phs000280,pht004147,phv00209109,15616,True
phs000280,pht012835,phv00516615,13861,True
phs000280,pht012835,phv00516617,13861,True
phs000280,pht012835,phv00516622,13789,True
phs000280,pht004148,phv00209121,14194,True
phs000280,pht004148,phv00209118,14194,True
phs000280,pht006467,phv00297568,220,True
phs000280,pht006467,phv00297572,220,True
phs000280,pht006467,phv00297579,220,True
phs000280,pht006467,phv00297580,220,True
phs000280,pht006467,phv00297582,220,True
phs000280,pht006468,phv00297614,4600,True
phs000280,pht006468,phv00297618,4600,True
phs000280,pht006468,phv00297625,4600,True
phs000280,pht006468,phv00297626,4600,True
phs000280,pht006468,phv00297628,4600,True
phs000280,pht004047,phv00203754,436,True
phs000280,pht004047,phv00203755,435,True
phs000280,pht004047,phv00203756,436,True
phs000280,pht004047,phv00203757,436,True
phs000280,pht004047,phv00203758,435,True
phs000280,pht004047,phv00203794,435,True
phs000280,pht004047,phv00203795,45,True
phs000280,pht004053,phv00203941,20054,True
phs000280,pht004053,phv00203984,20052,True
phs000280,pht004053,phv00203985,2785,True
phs000280,pht004054,phv00204310,1329,True
phs000280,pht004054,phv00204311,210,True
phs000280,pht004054,phv00204347,288,True
phs000280,pht004061,phv00204458,3268,True
phs000280,pht004064,phv00204912,12718,True
phs000280,pht004100,phv00206672,6343,True
phs000280,pht004100,phv00206673,9219,True
phs000280,pht004100,phv00206674,9177,True
phs000280,pht004102,phv00206814,9558,True
phs000280,pht004102,phv00206998,703,True
phs000280,pht004102,phv00207025,595,True
phs000280,pht004111,phv00207314,15626,True
phs000280,pht004197,phv00210399,15274,True
phs000280,pht004197,phv00210400,15274,True
phs000280,pht004197,phv00210401,15274,True
phs000280,pht004197,phv00210402,15274,True
phs000280,pht004197,phv00210403,15274,True
phs000280,pht004197,phv00210404,15274,True
phs000280,pht004197,phv00210405,15274,True
phs000280,pht004197,phv00210406,15274,True
phs000280,pht004197,phv00210407,15274,True
phs000280,pht004197,phv00210408,15274,True
phs000280,pht004197,phv00210409,15274,True
phs000280,pht004197,phv00210410,15274,True
phs000280,pht004198,phv00210418,14203,True
phs000280,pht004198,phv00210419,14203,True
phs000280,pht004198,phv00210420,14203,True
phs000280,pht004198,phv00210421,14203,True
phs000280,pht004198,phv00210422,14203,True
phs000280,pht004198,phv00210423,14203,True
phs000280,pht004198,phv00210424,14203,True
phs000280,pht004198,phv00210425,14203,True
phs000280,pht004198,phv00210426,14203,True
phs000280,pht004198,phv00210427,14203,True
phs000280,pht004198,phv00210428,14203,True
phs000280,pht004198,phv00210429,14203,True
phs000280,pht004199,phv00210437,12733,True
phs000280,pht004199,phv00210438,12733,True
phs000280,pht004199,phv00210439,12733,True
phs000280,pht004199,phv00210440,12733,True
phs000280,pht004199,phv00210441,12733,True
phs000280,pht004199,phv00210442,12733,True
phs000280,pht004199,phv00210443,12733,True
phs000280,pht004199,phv00210444,12733,True
phs000280,pht004199,phv00210445,12733,True
phs000280,pht004199,phv00210446,12733,True
phs000280,pht004199,phv00210447,12733,True
phs000280,pht004200,phv00210456,11525,True
phs000280,pht004200,phv00210457,11525,True
phs000280,pht004200,phv00210458,11525,True
phs000280,pht004200,phv00210459,11525,True
phs000280,pht004200,phv00210460,11525,True
phs000280,pht004200,phv00210461,11525,True
phs000280,pht004200,phv00210462,11525,True
phs000280,pht004200,phv00210463,11525,True
phs000280,pht004200,phv00210464,11525,True
phs000280,pht004200,phv00210465,11525,True
phs000280,pht004200,phv00210466,11525,True
phs000280,pht004200,phv00210467,11525,True
phs000280,pht004201,phv00210471,15205,True
phs000280,pht004202,phv00210597,14189,True
phs000280,pht004203,phv00210786,12729,True
phs000280,pht004204,phv00210840,11434,True
phs000280,pht006416,phv00294651,405665,True
phs000280,pht006434,phv00295741,494,True
phs000280,pht006441,phv00296601,2854,True
phs000280,pht006457,phv00297378,0,False
phs000280,pht006457,phv00297379,0,False
phs000280,pht006443,phv00506140,15535,True
phs000280,pht006443,phv00506141,15535,True
phs000280,pht006443,phv00506142,15535,True
phs000280,pht006443,phv00506143,15535,True
phs000280,pht006443,phv00506160,15109,True
phs000280,pht012504,phv00507338,3529,True
phs000280,pht012504,phv00507409,3529,True
phs000280,pht012518,phv00507819,15636,True
phs000280,pht012813,phv00512029,11501,True
phs000280,pht012814,phv00512124,5235,True
phs000280,pht012814,phv00512127,6420,True
phs000280,pht012815,phv00512290,3938,True
phs000280,pht012815,phv00512397,3938,True
phs000280,pht012816,phv00512446,438,True
phs000280,pht012839,phv00516827,15636,True
phs000280,pht012840,phv00516896,15636,True
phs000280,pht004102,phv00206919,9544,True
phs000280,pht004102,phv00206920,9119,True
phs000280,pht012504,phv00507366,3524,True
phs000280,pht012504,phv00507367,3524,True
phs000280,pht012814,phv00512210,6430,True
phs000280,pht012814,phv00512211,6430,True
phs000280,pht012815,phv00512275,3913,True
phs000280,pht012815,phv00512276,3913,True
phs000280,pht012504,phv00507370,3524,True
phs000280,pht012504,phv00507371,3524,True
phs000280,pht012814,phv00512214,6430,True
phs000280,pht012814,phv00512215,6430,True
phs000280,pht012815,phv00512279,3913,True
phs000280,pht012815,phv00512280,3913,True
phs000280,pht004047,phv00203803,292,True
phs000280,pht004053,phv00203973,17390,True
phs000280,pht004102,phv00206921,9541,True
phs000280,pht004102,phv00206964,9121,True
phs000280,pht012504,phv00507368,3524,True
phs000280,pht012504,phv00507369,3524,True
phs000280,pht012814,phv00512212,6430,True
phs000280,pht012814,phv00512213,6430,True
phs000280,pht012815,phv00512277,3913,True
phs000280,pht012815,phv00512278,3913,True
phs000280,pht004102,phv00206977,9552,True
phs000280,pht004102,phv00206978,9130,True
phs000280,pht004047,phv00203800,435,True
phs000280,pht004053,phv00203967,20029,True
phs000280,pht004102,phv00206979,703,True
phs000280,pht004102,phv00206980,696,True
phs000280,pht004102,phv00206983,9555,True
phs000280,pht004102,phv00206984,9134,True
phs000280,pht004102,phv00206996,9559,True
phs000280,pht012504,phv00507372,3524,True
phs000280,pht012504,phv00507373,3524,True
phs000280,pht012814,phv00512216,6430,True
phs000280,pht012814,phv00512217,6430,True
phs000280,pht012815,phv00512281,3913,True
phs000280,pht012815,phv00512282,3913,True
phs000280,pht004096,phv00206628,1038,True
phs000280,pht004097,phv00206636,9694,True
phs000280,pht004053,phv00204156,13560,True
phs000280,pht004063,phv00204695,15517,True
phs000280,pht004063,phv00204802,15636,True
phs000280,pht012504,phv00507346,3524,True
phs000280,pht012504,phv00507347,3524,True
phs000280,pht012813,phv00511951,11478,True
phs000280,pht012814,phv00512190,6430,True
phs000280,pht012814,phv00512191,6430,True
phs000280,pht012815,phv00512255,3913,True
phs000280,pht012815,phv00512256,3913,True
phs000280,pht004102,phv00206993,9551,True
phs000280,pht004102,phv00206994,9128,True
phs000280,pht004102,phv00207048,595,True
phs000280,pht012853,phv00519812,14825,True
phs000280,pht006444,phv00296691,5820,True
phs000280,pht012511,phv00507549,3033,True
phs000280,pht004121,phv00207635,14825,True
phs000280,pht012853,phv00519814,12162,True
phs000280,pht012853,phv00519813,13560,True
phs000280,pht012853,phv00519816,5820,True
phs000280,pht012853,phv00519815,10906,True
phs000280,pht004064,phv00204875,12695,True
phs000280,pht012814,phv00512073,6329,True
phs000280,pht012504,phv00507328,3297,True
phs000280,pht012813,phv00511986,11431,True
phs000280,pht004063,phv00204735,15390,True
phs000280,pht012815,phv00512243,3758,True
phs000280,pht004123,phv00207661,12162,True
phs000280,pht004121,phv00207636,14828,True
phs000280,pht012511,phv00507551,3033,True
phs000280,pht004124,phv00207676,10906,True
phs000280,pht004122,phv00207649,13558,True
phs000280,pht006444,phv00296692,5820,True
phs000280,pht012814,phv00512076,6329,True
phs000280,pht012813,phv00511989,11431,True
phs000280,pht004063,phv00204738,15393,True
phs000280,pht012504,phv00507331,3297,True
phs000280,pht004064,phv00204877,12695,True
phs000280,pht012815,phv00512246,3758,True
phs000280,pht006444,phv00296697,5827,True
phs000280,pht004102,phv00206956,5614,True
phs000280,pht004102,phv00206954,1230,True
phs000280,pht004102,phv00206953,1089,True
phs000280,pht004102,phv00206957,5615,True
phs000280,pht004102,phv00206952,1100,True
phs000280,pht004102,phv00206955,5613,True
phs000280,pht012853,phv00519841,10617,True
phs000280,pht012853,phv00519842,5645,True
phs000280,pht004070,phv00205297,12673,True
phs000280,pht004070,phv00205295,12675,True
phs000280,pht004070,phv00205298,12671,True
phs000280,pht004068,phv00205080,15590,True
phs000280,pht004069,phv00205205,1042,True
phs000280,pht004068,phv00205075,15594,True
phs000280,pht004068,phv00205079,15593,True
phs000280,pht004068,phv00205084,15591,True
phs000280,pht004068,phv00205074,15595,True
phs000280,pht004070,phv00205301,12672,True
phs000280,pht004069,phv00205203,1042,True
phs000280,pht004069,phv00205197,1043,True
phs000280,pht004069,phv00205199,1043,True
phs000280,pht004070,phv00205303,12672,True
phs000280,pht004069,phv00205198,1043,True
phs000280,pht004070,phv00205296,12675,True
phs000280,pht004068,phv00205081,15592,True
phs000280,pht004068,phv00205083,15593,True
phs000280,pht004068,phv00205078,15591,True
phs000280,pht004070,phv00205304,12670,True
phs000280,pht004068,phv00205077,15592,True
phs000280,pht004070,phv00205300,12671,True
phs000280,pht004068,phv00205076,15591,True
phs000280,pht004069,phv00205201,1043,True
phs000280,pht004069,phv00205200,1043,True
phs000280,pht004069,phv00205195,1043,True
phs000280,pht004070,phv00205294,12674,True
phs000280,pht004069,phv00205202,1042,True
phs000280,pht004070,phv00205299,12671,True
phs000280,pht004069,phv00205204,1042,True
phs000280,pht004070,phv00205302,12672,True
phs000280,pht004068,phv00205082,15594,True
phs000280,pht004069,phv00205196,1042,True
phs000280,pht004053,phv00203940,20053,True
phs000280,pht004102,phv00206786,9559,True
phs000280,pht004102,phv00207017,594,True
phs000280,pht004125,phv00207698,11385,True
phs000280,pht004125,phv00207733,327,True
phs000280,pht004125,phv00207699,11389,True
phs000280,pht004125,phv00207734,80,True
phs000280,pht006416,phv00294793,100607,True
phs000280,pht004034,phv00203177,12731,True
phs000280,pht004033,phv00203171,14186,True
phs000280,pht004035,phv00203188,11493,True
phs000280,pht004032,phv00203159,15609,True
phs000280,pht006419,phv00294845,0,False
phs000280,pht012504,phv00507315,3216,True
phs000280,pht012814,phv00512059,6090,True
phs000280,pht012815,phv00512232,3710,True
phs000280,pht012813,phv00511974,11493,True
phs000280,pht004063,phv00204723,15608,True
phs000280,pht004064,phv00204872,12730,True
phs000280,pht004108,phv00207272,13513,True
phs000280,pht004107,phv00207257,14833,True
phs000280,pht004110,phv00207298,5755,True
phs000280,pht004109,phv00207286,3269,True
phs000280,pht012503,phv00507184,0,True
phs000280,pht004098,phv00206654,14801,True
phs000285,pht001557,phv00112409,3583,True
phs000285,pht001849,phv00120679,3030,True
phs000285,pht001803,phv00119620,2897,True
phs000285,pht001849,phv00120678,3030,True
phs000285,pht001803,phv00119618,2900,True
phs000285,pht001568,phv00112962,3617,True
phs000285,pht001568,phv00112961,3617,True
phs000285,pht001568,phv00112960,3615,True
phs000285,pht001655,phv00115417,2804,True
phs000285,pht001655,phv00115418,2804,True
phs000285,pht001655,phv00115419,2804,True
phs000285,pht001760,phv00118418,2592,True
phs000285,pht001760,phv00118419,2592,True
phs000285,pht001760,phv00118420,2592,True
phs000285,pht001600,phv00114307,2901,True
phs000285,pht001600,phv00114308,2901,True
phs000285,pht001600,phv00114309,2901,True
phs000285,pht001714,phv00116947,2642,True
phs000285,pht001714,phv00116948,2642,True
phs000285,pht001714,phv00116949,2642,True
phs000285,pht001565,phv00112862,3619,True
phs000285,pht001565,phv00112863,3619,True
phs000285,pht001565,phv00112864,3619,True
phs000285,pht001565,phv00112865,3619,True
phs000285,pht001712,phv00116914,3155,True
phs000285,pht001712,phv00116915,3155,True
phs000285,pht001712,phv00116916,3155,True
phs000285,pht001712,phv00116917,3155,True
phs000285,pht001570,phv00113027,222,True
phs000285,pht001570,phv00113028,9,True
phs000285,pht001570,phv00113029,3,True
phs000285,pht001607,phv00114392,224,True
phs000285,pht001607,phv00114393,2,True
phs000285,pht001607,phv00114394,2,True
phs000285,pht001656,phv00115431,285,True
phs000285,pht001656,phv00115432,1,True
phs000285,pht001715,phv00116962,333,True
phs000285,pht001715,phv00116963,2,True
phs000285,pht001749,phv00117945,39,True
phs000285,pht001749,phv00117972,49,True
phs000285,pht001761,phv00118436,340,True
phs000285,pht001761,phv00118437,4,True
phs000285,pht001811,phv00119810,13,True
phs000285,pht001811,phv00119815,13,True
phs000285,pht001869,phv00121291,52,True
phs000285,pht001869,phv00121292,9,True
phs000285,pht001869,phv00121293,7,True
phs000285,pht001869,phv00121294,9,True
phs000285,pht001869,phv00121295,4,True
phs000285,pht001869,phv00121297,5,True
phs000285,pht001869,phv00121298,2,True
phs000285,pht001869,phv00121299,1,True
phs000285,pht001871,phv00121508,121,True
phs000285,pht001871,phv00121509,18,True
phs000285,pht001871,phv00121510,14,True
phs000285,pht001871,phv00121511,20,True
phs000285,pht001871,phv00121512,8,True
phs000285,pht001871,phv00121514,9,True
phs000285,pht001871,phv00121515,2,True
phs000285,pht001871,phv00121516,1,True
phs000285,pht001871,phv00121517,0,True
phs000285,pht001715,phv00117068,3248,True
phs000285,pht001761,phv00118548,3242,True
phs000285,pht001811,phv00119943,3300,True
phs000285,pht001557,phv00112406,3581,True
phs000285,pht001575,phv00113384,3605,True
phs000285,pht001575,phv00113387,3603,True
phs000285,pht001575,phv00113385,3622,True
phs000285,pht001575,phv00113386,2439,True
phs000285,pht001584,phv00113666,3622,True
phs000285,pht001626,phv00114600,3420,True
phs000285,pht001626,phv00114603,285,True
phs000285,pht001626,phv00114601,335,True
phs000285,pht001626,phv00114602,336,True
phs000285,pht001715,phv00117045,3248,True
phs000285,pht001715,phv00117046,329,True
phs000285,pht001715,phv00117047,331,True
phs000285,pht001721,phv00117253,2276,True
phs000285,pht001761,phv00118519,3241,True
phs000285,pht001761,phv00118520,364,True
phs000285,pht001761,phv00118521,366,True
phs000285,pht001811,phv00119892,3297,True
phs000285,pht001811,phv00119904,416,True
phs000285,pht001811,phv00119905,418,True
phs000285,pht001869,phv00121364,61,True
phs000285,pht001869,phv00121365,31,True
phs000285,pht001869,phv00121366,30,True
phs000285,pht001869,phv00121367,3,True
phs000285,pht001870,phv00121468,320,True
phs000285,pht001871,phv00121583,148,True
phs000285,pht001871,phv00121584,81,True
phs000285,pht001871,phv00121585,78,True
phs000285,pht001871,phv00121586,7,True
phs000285,pht003298,phv00190611,151,True
phs000285,pht003298,phv00190622,189,True
phs000285,pht001781,phv00118957,3081,True
phs000285,pht001781,phv00118959,3081,True
phs000285,pht001626,phv00114609,3351,True
phs000285,pht001626,phv00114610,3351,True
phs000285,pht001667,phv00115704,3306,True
phs000285,pht001795,phv00119506,206,True
phs000285,pht001795,phv00119507,206,True
phs000285,pht001857,phv00120994,3270,True
phs000285,pht001671,phv00115856,3355,True
phs000285,pht001632,phv00114829,3432,True
phs000285,pht001706,phv00116478,333,True
phs000285,pht001706,phv00116480,334,True
phs000285,pht001720,phv00117230,3181,True
phs000285,pht001755,phv00118136,1318,True
phs000285,pht001785,phv00119093,3212,True
phs000285,pht001583,phv00113634,3614,True
phs000285,pht001756,phv00118250,1376,True
phs000285,pht001671,phv00115857,3355,True
phs000285,pht001790,phv00119262,2943,True
phs000285,pht001749,phv00117926,3114,True
phs000285,pht001725,phv00117443,3042,True
phs000285,pht001785,phv00119094,3223,True
phs000285,pht001857,phv00120996,3274,True
phs000285,pht001720,phv00117231,3187,True
phs000285,pht001795,phv00119573,206,True
phs000285,pht001725,phv00117442,3043,True
phs000285,pht001632,phv00114831,3424,True
phs000285,pht001790,phv00119261,2945,True
phs000285,pht001583,phv00113635,3613,True
phs000285,pht001706,phv00116479,334,True
phs000285,pht001557,phv00112405,3583,True
phs000285,pht001560,phv00112494,3622,True
phs000285,pht001560,phv00112495,3622,True
phs000285,pht001650,phv00115204,176,True
phs000285,pht001650,phv00115205,176,True
phs000285,pht001583,phv00113661,3612,True
phs000285,pht001671,phv00115869,3355,True
phs000285,pht001720,phv00117249,3178,True
phs000285,pht001785,phv00119120,3210,True
phs000285,pht001857,phv00121003,3268,True
phs000285,pht003298,phv00190563,199,True
phs000285,pht001632,phv00114862,3424,True
phs000285,pht001674,phv00115951,1177,True
phs000285,pht003298,phv00190613,30,True
phs000285,pht001754,phv00118019,382,True
phs000285,pht001854,phv00120784,2756,True
phs000285,pht001854,phv00120785,2756,True
phs000285,pht001854,phv00120786,2756,True
phs000285,pht001854,phv00120787,2756,True
phs000285,pht001854,phv00120812,2754,True
phs000285,pht001854,phv00120813,2754,True
phs000285,pht001754,phv00118020,382,True
phs000285,pht001676,phv00116000,3335,True
phs000285,pht001788,phv00119231,3202,True
phs000285,pht001824,phv00120325,2450,True
phs000285,pht001869,phv00121263,146,True
phs000285,pht001869,phv00121288,49,True
phs000285,pht001870,phv00121461,322,True
phs000285,pht001871,phv00121479,378,True
phs000285,pht001871,phv00121505,104,True
phs000285,pht001570,phv00113052,222,True
phs000285,pht001869,phv00121265,148,True
phs000285,pht001870,phv00121462,320,True
phs000285,pht001871,phv00121481,380,True
phs000285,pht001575,phv00113376,3622,True
phs000285,pht001575,phv00113377,3622,True
phs000285,pht001575,phv00113378,3622,True
phs000285,pht001715,phv00117056,3248,True
phs000285,pht001761,phv00118536,3241,True
phs000285,pht001811,phv00119915,3297,True
phs000285,pht001811,phv00119967,41,True
phs000285,pht003298,phv00190625,199,True
phs000285,pht001572,phv00113168,1481,True
phs000285,pht001573,phv00113224,3603,True
phs000285,pht003298,phv00190627,199,True
phs000285,pht001753,phv00118008,3200,True
phs000285,pht001807,phv00119692,3251,True
phs000285,pht001849,phv00120675,3030,True
phs000285,pht001803,phv00119619,2905,True
phs000285,pht001852,phv00120751,656,True
phs000285,pht001853,phv00120758,3261,True
phs000285,pht001853,phv00120759,3170,True
phs000285,pht001705,phv00116475,3154,True
phs000285,pht001569,phv00112995,3622,True
phs000285,pht001570,phv00113060,28,True
phs000285,pht001601,phv00114343,3422,True
phs000285,pht001604,phv00114377,33,True
phs000285,pht001604,phv00114378,33,True
phs000285,pht001656,phv00115439,3368,True
phs000285,pht001656,phv00115440,64,True
phs000285,pht001715,phv00116970,3248,True
phs000285,pht001715,phv00116972,104,True
phs000285,pht001749,phv00117939,3212,True
phs000285,pht001749,phv00117940,27,True
phs000285,pht001749,phv00117969,3327,True
phs000285,pht001761,phv00118444,3244,True
phs000285,pht001761,phv00118446,131,True
phs000285,pht001811,phv00119805,3296,True
phs000285,pht001811,phv00119819,189,True
phs000285,pht001869,phv00121354,74,True
phs000285,pht001869,phv00121355,39,True
phs000285,pht001869,phv00121356,36,True
phs000285,pht001869,phv00121357,15,True
phs000285,pht001869,phv00121359,25,True
phs000285,pht001869,phv00121360,4,True
phs000285,pht001870,phv00121467,320,True
phs000285,pht001871,phv00121573,170,True
phs000285,pht001871,phv00121574,107,True
phs000285,pht001871,phv00121575,91,True
phs000285,pht001871,phv00121576,32,True
phs000285,pht001871,phv00121578,62,True
phs000285,pht001871,phv00121579,7,True
phs000285,pht003298,phv00190626,199,True
phs000285,pht001575,phv00113380,4,True
phs000285,pht001575,phv00113381,2683,True
phs000285,pht001575,phv00113382,3622,True
phs000285,pht001715,phv00117054,3248,True
phs000285,pht001761,phv00118534,3241,True
phs000285,pht001811,phv00119914,3297,True
phs000285,pht001811,phv00119923,6,True
phs000285,pht003298,phv00190610,183,True
phs000285,pht001739,phv00117556,1501,True
phs000285,pht001694,phv00116361,1486,True
phs000285,pht001739,phv00117563,177,True
phs000285,pht001642,phv00115090,1472,True
phs000285,pht001739,phv00117557,1502,True
phs000285,pht001694,phv00116362,1487,True
phs000285,pht001653,phv00115383,3366,True
phs000285,pht001708,phv00116607,3229,True
phs000285,pht001758,phv00118339,3237,True
phs000285,pht001855,phv00120947,3293,True
phs000285,pht001574,phv00113231,3622,True
phs000285,pht001574,phv00113241,3622,True
phs000285,pht001574,phv00113252,3603,True
phs000285,pht001666,phv00115599,3331,True
phs000285,pht001666,phv00115607,3238,True
phs000285,pht001666,phv00115617,3086,True
phs000285,pht001779,phv00118787,3183,True
phs000285,pht001779,phv00118798,3095,True
phs000285,pht001779,phv00118813,2316,True
phs000285,pht001845,phv00120661,3255,True
phs000285,pht001799,phv00119598,3179,True
phs000285,pht001692,phv00116349,3306,True
phs000285,pht001694,phv00116363,1486,True
phs000285,pht001736,phv00117550,3152,True
phs000285,pht001739,phv00117558,1501,True
phs000285,pht001642,phv00115091,1471,True
phs000285,pht001565,phv00112712,3619,True
phs000285,pht001565,phv00112713,3619,True
phs000285,pht001565,phv00112714,3619,True
phs000285,pht001565,phv00112715,3619,True
phs000285,pht001565,phv00112716,3619,True
phs000285,pht001712,phv00116764,3155,True
phs000285,pht001712,phv00116765,3155,True
phs000285,pht001712,phv00116766,3155,True
phs000285,pht001712,phv00116767,3155,True
phs000285,pht001712,phv00116768,3155,True
phs000285,pht001713,phv00116930,3155,True
phs000285,pht001566,phv00112878,3619,True
phs000285,pht001557,phv00112414,3569,True
phs000285,pht001737,phv00117552,3194,True
phs000285,pht001848,phv00120670,3261,True
phs000285,pht001588,phv00113702,3592,True
phs000285,pht001695,phv00116371,3305,True
phs000285,pht001742,phv00117572,3209,True
phs000285,pht001802,phv00119613,3203,True
phs000285,pht001563,phv00112689,3582,True
phs000285,pht001563,phv00112688,3582,True
phs000285,pht001671,phv00115860,3348,True
phs000285,pht001720,phv00117248,3167,True
phs000285,pht001785,phv00119118,3204,True
phs000285,pht001583,phv00113648,3611,True
phs000285,pht001583,phv00113649,3599,True
phs000285,pht001785,phv00119098,3204,True
phs000285,pht001720,phv00117236,3166,True
phs000285,pht001720,phv00117235,3167,True
phs000285,pht001583,phv00113658,3611,True
phs000285,pht001785,phv00119097,3204,True
phs000285,pht001869,phv00121381,0,True
phs000285,pht001871,phv00121601,0,True
phs000285,pht001570,phv00113053,0,True
phs000285,pht001721,phv00117256,2276,True
phs000285,pht001570,phv00113035,221,True
phs000285,pht001570,phv00113036,2,True
phs000285,pht001570,phv00113038,222,True
phs000285,pht001570,phv00113039,28,True
phs000285,pht001570,phv00113042,222,True
phs000285,pht001607,phv00114401,224,True
phs000285,pht001607,phv00114402,3,True
phs000285,pht001607,phv00114404,225,True
phs000285,pht001607,phv00114406,45,True
phs000285,pht001607,phv00114408,225,True
phs000285,pht001656,phv00115433,285,True
phs000285,pht001656,phv00115434,14,True
phs000285,pht001656,phv00115437,286,True
phs000285,pht001656,phv00115438,173,True
phs000285,pht001715,phv00116964,333,True
phs000285,pht001715,phv00116965,15,True
phs000285,pht001715,phv00116968,333,True
phs000285,pht001715,phv00116969,184,True
phs000285,pht001761,phv00118438,340,True
phs000285,pht001761,phv00118439,11,True
phs000285,pht001761,phv00118442,340,True
phs000285,pht001761,phv00118443,187,True
phs000285,pht001811,phv00119811,11,True
phs000285,pht001811,phv00119816,10,True
phs000285,pht001811,phv00119813,200,True
phs000285,pht001811,phv00119818,193,True
phs000285,pht001607,phv00114418,225,True
phs000285,pht001607,phv00114419,0,True
phs000285,pht001570,phv00113025,222,True
phs000285,pht001570,phv00113026,6,True
phs000285,pht001607,phv00114389,224,True
phs000285,pht001607,phv00114390,1,True
phs000285,pht001656,phv00115429,285,True
phs000285,pht001656,phv00115430,2,True
phs000285,pht001715,phv00116960,333,True
phs000285,pht001715,phv00116961,1,True
phs000285,pht001749,phv00117946,37,True
phs000285,pht001749,phv00117973,60,True
phs000285,pht001761,phv00118434,340,True
phs000285,pht001761,phv00118435,4,True
phs000285,pht001811,phv00119809,12,True
phs000285,pht001811,phv00119814,12,True
phs000285,pht001593,phv00114016,3466,True
phs000285,pht001593,phv00114024,2352,True
phs000285,pht001593,phv00114012,3533,True
phs000285,pht001747,phv00117848,1255,True
phs000285,pht001593,phv00114040,36,True
phs000285,pht001747,phv00117822,2255,True
phs000285,pht001860,phv00121046,679,True
phs000285,pht001593,phv00114028,1541,True
phs000285,pht001747,phv00117864,22,True
phs000285,pht001593,phv00114036,179,True
phs000285,pht001747,phv00117856,360,True
phs000285,pht001593,phv00114009,3543,True
phs000285,pht001747,phv00117860,75,True
phs000285,pht001747,phv00117832,2055,True
phs000285,pht001747,phv00117836,2049,True
phs000285,pht001747,phv00117840,1976,True
phs000285,pht001747,phv00117844,1699,True
phs000285,pht001684,phv00116216,21454,True
phs000285,pht001593,phv00114020,3153,True
phs000285,pht001747,phv00117852,755,True
phs000285,pht001860,phv00121035,679,True
phs000285,pht001593,phv00114032,726,True
phs000285,pht001860,phv00121041,655,True
phs000285,pht001593,phv00114006,3536,True
phs000285,pht001747,phv00117829,2076,True
phs000285,pht001571,phv00113154,995,True
phs000285,pht001571,phv00113155,979,True
phs000285,pht001570,phv00113020,332,True
phs000285,pht001570,phv00113021,219,True
phs000285,pht001570,phv00113022,219,True
phs000285,pht001606,phv00114385,328,True
phs000285,pht001606,phv00114386,201,True
phs000285,pht001606,phv00114387,205,True
phs000285,pht001656,phv00115424,3368,True
phs000285,pht001656,phv00115425,277,True
phs000285,pht001715,phv00116954,3248,True
phs000285,pht001715,phv00116956,317,True
phs000285,pht001749,phv00117935,3213,True
phs000285,pht001749,phv00117936,108,True
phs000285,pht001761,phv00118428,3244,True
phs000285,pht001761,phv00118430,362,True
phs000285,pht001811,phv00119802,3297,True
phs000285,pht001811,phv00119807,536,True
phs000285,pht001699,phv00116396,2669,True
phs000285,pht001862,phv00121064,689,True
phs000285,pht001587,phv00113698,3577,True
phs000285,pht001740,phv00117565,3034,True
phs000285,pht001740,phv00117566,3036,True
phs000285,pht001847,phv00120666,2720,True
phs000285,pht001848,phv00120671,3226,True
phs000285,pht001742,phv00117573,3185,True
phs000285,pht001802,phv00119616,3181,True
phs000285,pht001588,phv00113703,3592,True
phs000285,pht001695,phv00116372,3293,True
phs000285,pht001563,phv00112691,3582,True
phs000285,pht003298,phv00190609,197,True
phs000285,pht001563,phv00112687,3583,True
phs000285,pht001684,phv00116215,21454,True
phs000285,pht001633,phv00114868,3315,True
phs000285,pht003298,phv00190608,195,True
phs000285,pht003298,phv00190607,135,True
phs000285,pht001563,phv00112694,2407,True
phs000285,pht001869,phv00121269,144,True
phs000285,pht001869,phv00121329,36,True
phs000285,pht001869,phv00121330,1,True
phs000285,pht001869,phv00121331,1,True
phs000285,pht001869,phv00121332,1,True
phs000285,pht001869,phv00121333,1,True
phs000285,pht001869,phv00121335,1,True
phs000285,pht001869,phv00121337,1,True
phs000285,pht001870,phv00121465,320,True
phs000285,pht001871,phv00121485,371,True
phs000285,pht001871,phv00121549,3,True
phs000285,pht001871,phv00121550,4,True
phs000285,pht001871,phv00121551,3,True
phs000285,pht001871,phv00121552,1,True
phs000285,pht001871,phv00121554,3,True
phs000285,pht001871,phv00121556,3,True
phs000285,pht001871,phv00121559,1,True
phs000285,pht001761,phv00118475,3242,True
phs000285,pht001761,phv00118476,34,True
phs000285,pht001811,phv00119856,3297,True
phs000285,pht001811,phv00119859,43,True
phs000285,pht001715,phv00117001,3248,True
phs000285,pht001715,phv00117002,25,True
phs000285,pht001563,phv00112690,3581,True
phs000285,pht001745,phv00117627,3155,True
phs000285,pht001746,phv00117741,3155,True
phs000285,pht003298,phv00190595,163,True
phs000285,pht003298,phv00190596,163,True
phs000285,pht001687,phv00116294,252,True
phs000285,pht001839,phv00120534,3277,True
phs000285,pht001638,phv00115050,3414,True
phs000285,pht001592,phv00113961,3619,True
phs000285,pht001591,phv00113867,3619,True
phs000285,pht001746,phv00117742,3155,True
phs000285,pht001745,phv00117628,3155,True
phs000285,pht001575,phv00113403,3450,True
phs000285,pht001575,phv00113402,3450,True
phs000285,pht001627,phv00114628,3344,True
phs000285,pht001627,phv00114676,8,True
phs000285,pht001627,phv00114616,3348,True
phs000285,pht001627,phv00114640,3331,True
phs000285,pht001627,phv00114664,293,True
phs000285,pht001627,phv00114652,1259,True
phs000285,pht001627,phv00114694,3350,True
phs000285,pht001627,phv00114651,1259,True
phs000285,pht001627,phv00114663,293,True
phs000285,pht001627,phv00114615,3348,True
phs000285,pht001627,phv00114675,8,True
phs000285,pht001627,phv00114627,3344,True
phs000285,pht001627,phv00114639,3331,True
phs000285,pht001667,phv00115621,3318,True
phs000285,pht001667,phv00115645,3293,True
phs000285,pht001667,phv00115657,3283,True
phs000285,pht001667,phv00115669,3266,True
phs000285,pht001667,phv00115633,3297,True
phs000285,pht001667,phv00115656,3283,True
phs000285,pht001667,phv00115620,3318,True
phs000285,pht001667,phv00115668,3267,True
phs000285,pht001667,phv00115644,3295,True
phs000285,pht001667,phv00115632,3299,True
phs000285,pht001667,phv00115687,3318,True
phs000285,pht001781,phv00118924,131,True
phs000285,pht001781,phv00118876,3082,True
phs000285,pht001781,phv00118864,3103,True
phs000285,pht001781,phv00118942,3113,True
phs000285,pht001781,phv00118912,278,True
phs000285,pht001781,phv00118900,767,True
phs000285,pht001781,phv00118888,3058,True
phs000285,pht001781,phv00118840,3103,True
phs000285,pht001781,phv00118852,3106,True
phs000285,pht001781,phv00118863,3103,True
phs000285,pht001781,phv00118941,3113,True
phs000285,pht001781,phv00118923,131,True
phs000285,pht001781,phv00118911,278,True
phs000285,pht001781,phv00118839,3103,True
phs000285,pht001781,phv00118875,3082,True
phs000285,pht001781,phv00118899,767,True
phs000285,pht001781,phv00118851,3106,True
phs000285,pht001781,phv00118887,3058,True
phs000285,pht001782,phv00118971,3113,True
phs000285,pht001782,phv00118970,3113,True
phs000285,pht001869,phv00121317,36,True
phs000285,pht001871,phv00121536,79,True
phs000285,pht001715,phv00117058,3248,True
phs000285,pht001761,phv00118538,3241,True
phs000285,pht001811,phv00119916,3297,True
phs000285,pht001870,phv00121463,320,True
phs000285,pht001749,phv00117941,3213,True
phs000285,pht001749,phv00117970,3326,True
phs000285,pht001793,phv00119422,3223,True
phs000285,pht001759,phv00118386,81,True
phs000285,pht001791,phv00119314,1901,True
phs000285,pht001825,phv00120338,2217,True
phs000285,pht003298,phv00190573,199,True
phs000285,pht001656,phv00115477,3368,True
phs000285,pht001869,phv00121377,10,True
phs000285,pht001871,phv00121596,25,True
phs000285,pht001659,phv00115510,9,True
phs000285,pht001728,phv00117471,11,True
phs000285,pht001768,phv00118672,16,True
phs000285,pht001759,phv00118387,2196,True
phs000285,pht001588,phv00113700,3592,True
phs000285,pht001695,phv00116369,3305,True
phs000285,pht001802,phv00119614,3203,True
phs000285,pht001695,phv00116373,3305,True
phs000285,pht001588,phv00113701,3591,True
phs000285,pht001848,phv00120668,3261,True
phs000285,pht001742,phv00117574,3209,True
phs000285,pht001869,phv00121285,17,True
phs000285,pht001871,phv00121501,60,True
phs000285,pht001565,phv00112717,3619,True
phs000285,pht001565,phv00112718,3619,True
phs000285,pht001565,phv00112719,3619,True
phs000285,pht001565,phv00112720,3619,True
phs000285,pht001565,phv00112721,3619,True
phs000285,pht001565,phv00112722,3619,True
phs000285,pht001565,phv00112723,3619,True
phs000285,pht001565,phv00112724,3619,True
phs000285,pht001565,phv00112725,3619,True
phs000285,pht001565,phv00112726,3619,True
phs000285,pht001565,phv00112727,3619,True
phs000285,pht001712,phv00116769,3155,True
phs000285,pht001712,phv00116770,3155,True
phs000285,pht001712,phv00116771,3155,True
phs000285,pht001712,phv00116772,3155,True
phs000285,pht001712,phv00116773,3155,True
phs000285,pht001712,phv00116774,3155,True
phs000285,pht001712,phv00116775,3155,True
phs000285,pht001712,phv00116776,3155,True
phs000285,pht001712,phv00116777,3155,True
phs000285,pht001712,phv00116778,3155,True
phs000285,pht001712,phv00116779,3155,True
phs000285,pht001869,phv00121341,45,True
phs000285,pht001869,phv00121342,9,True
phs000285,pht001869,phv00121343,8,True
phs000285,pht001869,phv00121344,2,True
phs000285,pht001869,phv00121345,1,True
phs000285,pht001869,phv00121346,6,True
phs000285,pht001869,phv00121349,2,True
phs000285,pht001869,phv00121350,2,True
phs000285,pht001869,phv00121351,1,True
phs000285,pht001869,phv00121352,1,True
phs000285,pht001870,phv00121466,320,True
phs000285,pht001871,phv00121560,99,True
phs000285,pht001871,phv00121561,23,True
phs000285,pht001871,phv00121562,19,True
phs000285,pht001871,phv00121563,4,True
phs000285,pht001871,phv00121564,1,True
phs000285,pht001871,phv00121565,14,True
phs000285,pht001871,phv00121566,2,True
phs000285,pht001871,phv00121568,6,True
phs000285,pht001871,phv00121569,7,True
phs000285,pht001871,phv00121570,4,True
phs000285,pht001871,phv00121571,3,True
phs000285,pht001871,phv00121572,0,True
phs000285,pht001785,phv00119095,3204,True
phs000285,pht001583,phv00113659,3611,True
phs000285,pht001785,phv00119096,3204,True
phs000285,pht001583,phv00113651,3603,True
phs000285,pht001671,phv00115859,3344,True
phs000285,pht001720,phv00117234,3167,True
phs000285,pht001583,phv00113650,3609,True
phs000285,pht001857,phv00120998,3276,True
phs000285,pht001720,phv00117233,3167,True
phs000285,pht003298,phv00190567,199,True
phs000285,pht001563,phv00112686,3583,True
phs000285,pht001694,phv00116364,1487,True
phs000285,pht001739,phv00117560,1026,True
phs000285,pht001739,phv00117559,1461,True
phs000285,pht001642,phv00115092,1469,True
phs000285,pht001694,phv00116365,1485,True
phs000286,pht008725,phv00400967,20536,True
phs000286,pht008729,phv00401193,3867,True
phs000286,pht008731,phv00401458,2723,True
phs000286,pht008741,phv00401721,2117,True
phs000286,pht008742,phv00401740,2693,True
phs000286,pht008742,phv00401741,2763,True
phs000286,pht008742,phv00401742,70,True
phs000286,pht008741,phv00401722,2117,True
phs000286,pht008730,phv00401329,2117,True
phs000286,pht001960,phv00127646,1833,True
phs000286,pht008729,phv00401152,1833,True
phs000286,pht008731,phv00401436,2763,True
phs000286,pht008759,phv00403004,816,True
phs000286,pht008759,phv00403006,816,True
phs000286,pht008731,phv00401379,2817,True
phs000286,pht008731,phv00401384,2793,True
phs000286,pht008729,phv00401085,3883,True
phs000286,pht008729,phv00401090,3762,True
phs000286,pht008725,phv00400917,10870,True
phs000286,pht008725,phv00400918,16947,True
phs000286,pht008768,phv00403322,2862,True
phs000286,pht008769,phv00403376,2663,True
phs000286,pht001964,phv00127944,1862,True
phs000286,pht008725,phv00400887,38661,True
phs000286,pht008768,phv00403340,1578,True
phs000286,pht008769,phv00403394,1312,True
phs000286,pht001967,phv00128103,3877,True
phs000286,pht001967,phv00128104,252,True
phs000286,pht001973,phv00128344,3861,True
phs000286,pht001973,phv00128345,397,True
phs000286,pht001973,phv00128346,394,True
phs000286,pht001973,phv00128353,342,True
phs000286,pht001973,phv00128354,157,True
phs000286,pht008725,phv00400910,22035,True
phs000286,pht008725,phv00400911,10117,True
phs000286,pht008729,phv00401161,3858,True
phs000286,pht008753,phv00402795,3100,True
phs000286,pht008753,phv00402796,48,True
phs000286,pht008778,phv00403643,2804,True
phs000286,pht008778,phv00403644,52,True
phs000286,pht008737,phv00401596,3048,True
phs000286,pht008737,phv00401597,3048,True
phs000286,pht008737,phv00401616,3021,True
phs000286,pht008737,phv00401618,3021,True
phs000286,pht008731,phv00401387,2758,True
phs000286,pht008738,phv00401635,2738,True
phs000286,pht008730,phv00401282,3106,True
phs000286,pht008730,phv00401286,3021,True
phs000286,pht008729,phv00401094,3875,True
phs000286,pht008738,phv00401631,2758,True
phs000286,pht001940,phv00125860,3875,True
phs000286,pht008729,phv00401093,3875,True
phs000286,pht008731,phv00401386,2755,True
phs000286,pht008730,phv00401285,3007,True
phs000286,pht001940,phv00125861,3875,True
phs000286,pht008783,phv00403851,2813,True
phs000286,pht008783,phv00403852,2813,True
phs000286,pht008731,phv00401409,2813,True
phs000286,pht008731,phv00401410,2813,True
phs000286,pht001974,phv00128376,3872,True
phs000286,pht001974,phv00128377,3872,True
phs000286,pht008782,phv00403819,3024,True
phs000286,pht008782,phv00403820,3024,True
phs000286,pht008782,phv00403826,1585,True
phs000286,pht008782,phv00403827,1585,True
phs000286,pht008729,phv00401118,3872,True
phs000286,pht008729,phv00401119,3872,True
phs000286,pht001974,phv00128373,3872,True
phs000286,pht001974,phv00128374,3872,True
phs000286,pht001974,phv00128370,3872,True
phs000286,pht001974,phv00128371,3872,True
phs000286,pht008783,phv00403854,2813,True
phs000286,pht008783,phv00403855,2813,True
phs000286,pht008783,phv00403848,2813,True
phs000286,pht008783,phv00403849,2813,True
phs000286,pht008730,phv00401308,3097,True
phs000286,pht008730,phv00401309,3097,True
phs000286,pht008782,phv00403816,3024,True
phs000286,pht008782,phv00403817,3024,True
phs000286,pht008782,phv00403822,1585,True
phs000286,pht008782,phv00403823,1585,True
phs000286,pht008782,phv00403824,1585,True
phs000286,pht008782,phv00403825,1585,True
phs000286,pht008782,phv00403813,3024,True
phs000286,pht008782,phv00403814,3024,True
phs000286,pht008729,phv00401097,3873,True
phs000286,pht008730,phv00401289,3006,True
phs000286,pht008731,phv00401390,2755,True
phs000286,pht008733,phv00401563,3544,True
phs000286,pht008742,phv00401727,2773,True
phs000286,pht001948,phv00126002,2144,True
phs000286,pht008791,phv00404198,3413,True
phs000286,pht008791,phv00404197,3135,True
phs000286,pht008791,phv00404199,3397,True
phs000286,pht008791,phv00404195,3380,True
phs000286,pht008791,phv00404196,3321,True
phs000286,pht008791,phv00404200,3216,True
phs000286,pht008729,phv00401225,2540,True
phs000286,pht008729,phv00401210,3883,True
phs000286,pht008731,phv00401475,2817,True
phs000286,pht001959,phv00127611,3839,True
phs000286,pht001977,phv00128496,3874,True
phs000286,pht001977,phv00128498,1264,True
phs000286,pht008729,phv00401091,3847,True
phs000286,pht008729,phv00401092,3874,True
phs000286,pht008753,phv00402793,3100,True
phs000286,pht008753,phv00402794,45,True
phs000286,pht001959,phv00127612,3839,True
phs000286,pht008729,phv00401154,3839,True
phs000286,pht008731,phv00401437,2773,True
phs000286,pht008729,phv00401153,3839,True
phs000286,pht008742,phv00401730,2773,True
phs000286,pht008759,phv00403005,817,True
phs000286,pht008742,phv00401729,2765,True
phs000286,pht008730,phv00401328,2221,True
phs000286,pht008741,phv00401714,2221,True
phs000286,pht008729,phv00401151,1833,True
phs000286,pht008731,phv00401435,2765,True
phs000286,pht008741,phv00401715,2226,True
phs000286,pht008742,phv00401731,2772,True
phs000286,pht008731,phv00401434,2772,True
phs000286,pht001945,phv00125941,3820,True
phs000286,pht008730,phv00401327,2226,True
phs000286,pht008729,phv00401142,3820,True
phs000286,pht001945,phv00401705,3783,True
phs000286,pht001967,phv00128095,3877,True
phs000286,pht001967,phv00128096,660,True
phs000286,pht008725,phv00400921,24766,True
phs000286,pht008729,phv00401130,3849,True
phs000286,pht008729,phv00401131,3849,True
phs000286,pht008730,phv00401318,2464,True
phs000286,pht008730,phv00401319,2464,True
phs000286,pht008731,phv00401421,2792,True
phs000286,pht008731,phv00401422,2792,True
phs000286,pht008753,phv00402803,3100,True
phs000286,pht008753,phv00402804,235,True
phs000286,pht008768,phv00403326,2860,True
phs000286,pht008769,phv00403380,2664,True
phs000286,pht008778,phv00403636,2804,True
phs000286,pht008778,phv00403637,221,True
phs000286,pht008729,phv00401231,3871,True
phs000286,pht008729,phv00401155,3839,True
phs000286,pht008729,phv00401156,3839,True
phs000286,pht008731,phv00401432,2764,True
phs000286,pht001966,phv00128078,3863,True
phs000286,pht008729,phv00401228,3312,True
phs000286,pht008731,phv00401479,2384,True
phs000286,pht008776,phv00403608,448,True
phs000286,pht008776,phv00403609,46,True
phs000286,pht008776,phv00403610,22,True
phs000286,pht008776,phv00403611,9,True
phs000286,pht008776,phv00403612,104,True
phs000286,pht008776,phv00403613,40,True
phs000286,pht001967,phv00128118,3857,True
phs000286,pht001967,phv00128131,3870,True
phs000286,pht001967,phv00128148,3458,True
phs000286,pht001967,phv00128165,3089,True
phs000286,pht008778,phv00403667,1363,True
phs000286,pht008778,phv00403682,711,True
phs000286,pht008778,phv00403702,2416,True
phs000286,pht008778,phv00403718,2356,True
phs000286,pht008730,phv00401313,1945,True
phs000286,pht008731,phv00401415,2554,True
phs000286,pht008729,phv00401124,3563,True
phs000286,pht001945,phv00125944,3811,True
phs000286,pht008742,phv00401733,2773,True
phs000286,pht008741,phv00401716,2226,True
phs000286,pht001959,phv00127613,3838,True
phs000286,pht008748,phv00402738,1350,True
phs000286,pht008741,phv00401718,2226,True
phs000286,pht008734,phv00401572,679,True
phs000286,pht008734,phv00401577,669,True
phs000286,pht008730,phv00401321,1945,True
phs000286,pht008729,phv00401135,3539,True
phs000286,pht008748,phv00402741,1341,True
phs000286,pht008792,phv00404244,3455,True
phs000286,pht008731,phv00401426,2553,True
phs000286,pht008742,phv00401735,2772,True
phs000286,pht001945,phv00125930,3812,True
phs000286,pht001959,phv00127614,3746,True
phs000286,pht001959,phv00127615,3746,True
phs000286,pht008731,phv00401414,2757,True
phs000286,pht008729,phv00401123,3740,True
phs000286,pht001945,phv00125929,3740,True
phs000286,pht008730,phv00401312,2196,True
phs000286,pht008734,phv00401573,676,True
phs000286,pht008742,phv00401734,2757,True
phs000286,pht008741,phv00401717,2196,True
phs000286,pht008737,phv00401614,3092,True
phs000286,pht008730,phv00401288,3092,True
phs000286,pht008738,phv00401629,2782,True
phs000286,pht008731,phv00401389,2782,True
phs000286,pht008725,phv00400937,271,True
phs000286,pht008729,phv00401211,3883,True
phs000286,pht008730,phv00401348,77,True
phs000286,pht008731,phv00401476,80,True
phs000286,pht008764,phv00403122,22,True
phs000286,pht008765,phv00403197,19,True
phs000286,pht001963,phv00127731,134,True
phs000286,pht001963,phv00127733,138,True
phs000286,pht001963,phv00127737,85,True
phs000286,pht001963,phv00127740,3831,True
phs000286,pht008725,phv00400930,248,True
phs000286,pht001948,phv00401900,2144,True
phs000286,pht008764,phv00403115,87,True
phs000286,pht008765,phv00403190,69,True
phs000286,pht008729,phv00401212,3883,True
phs000286,pht008730,phv00401349,3100,True
phs000286,pht008731,phv00401477,2817,True
phs000286,pht008725,phv00400957,11317,True
phs000286,pht008725,phv00400958,82,True
phs000286,pht008725,phv00400959,20133,True
phs000286,pht008725,phv00400960,275,True
phs000286,pht008755,phv00402847,3327,True
phs000286,pht008768,phv00403324,2862,True
phs000286,pht008769,phv00403378,2664,True
phs000286,pht001963,phv00127708,3852,True
phs000286,pht001963,phv00127710,136,True
phs000286,pht001967,phv00128091,3875,True
phs000286,pht001967,phv00128092,197,True
phs000286,pht008729,phv00401208,3883,True
phs000286,pht008730,phv00401346,3100,True
phs000286,pht008731,phv00401473,2809,True
phs000286,pht008753,phv00402799,3100,True
phs000286,pht008753,phv00402800,66,True
phs000286,pht008764,phv00403095,3100,True
phs000286,pht008764,phv00403097,43,True
phs000286,pht008731,phv00401441,2746,True
phs000286,pht008782,phv00403806,3100,True
phs000286,pht001955,phv00127504,3308,True
phs000286,pht008729,phv00401176,3867,True
phs000286,pht001974,phv00128364,3872,True
phs000286,pht008783,phv00403844,2817,True
phs000286,pht008783,phv00403850,2813,True
phs000286,pht001955,phv00127511,3202,True
phs000286,pht008783,phv00403853,2813,True
phs000286,pht001964,phv00127922,3659,True
phs000286,pht008725,phv00400884,37772,True
phs000286,pht008782,phv00403802,3100,True
phs000286,pht008783,phv00403840,2817,True
phs000286,pht001967,phv00128087,3877,True
phs000286,pht001967,phv00128088,2038,True
phs000286,pht008729,phv00401121,3881,True
phs000286,pht008730,phv00401311,3100,True
phs000286,pht008731,phv00401412,2817,True
phs000286,pht001945,phv00125954,3820,True
phs000286,pht008742,phv00401743,2765,True
phs000286,pht008742,phv00401744,2,True
phs000286,pht008748,phv00402742,1274,True
phs000286,pht008792,phv00404255,3455,True
phs000286,pht008792,phv00404249,3455,True
phs000286,pht008792,phv00404258,3455,True
phs000286,pht008731,phv00401425,2540,True
phs000286,pht008792,phv00404248,3455,True
phs000286,pht008729,phv00401134,3504,True
phs000286,pht008730,phv00401320,1928,True
phs000286,pht008792,phv00404257,3455,True
phs000286,pht008792,phv00404256,3455,True
phs000286,pht008742,phv00401738,2756,True
phs000286,pht008734,phv00401578,669,True
phs000286,pht008729,phv00401172,2471,True
phs000286,pht001959,phv00127622,3362,True
phs000286,pht001959,phv00127623,3376,True
phs000286,pht001959,phv00127624,3377,True
phs000286,pht001959,phv00127625,3377,True
phs000286,pht008729,phv00401099,3873,True
phs000286,pht008730,phv00401291,3006,True
phs000286,pht008731,phv00401392,2755,True
phs000286,pht008729,phv00401122,3426,True
phs000286,pht001959,phv00127616,3749,True
phs000286,pht001959,phv00127627,3376,True
phs000286,pht001959,phv00127617,3839,True
phs000286,pht008747,phv00402523,2746,True
phs000286,pht008746,phv00402209,3867,True
phs000286,pht008746,phv00402211,3805,True
phs000286,pht008746,phv00402208,3805,True
phs000286,pht008747,phv00402526,2746,True
phs000286,pht008746,phv00402216,3805,True
phs000286,pht008747,phv00402521,2746,True
phs000286,pht008747,phv00402519,2746,True
phs000286,pht008747,phv00402517,2746,True
phs000286,pht008747,phv00402516,2746,True
phs000286,pht008747,phv00402515,2746,True
phs000286,pht008747,phv00402524,2746,True
phs000286,pht008747,phv00402522,2745,True
phs000286,pht008746,phv00402212,3805,True
phs000286,pht008746,phv00402218,3805,True
phs000286,pht008746,phv00402217,3805,True
phs000286,pht008746,phv00402219,3805,True
phs000286,pht008746,phv00402214,3805,True
phs000286,pht008746,phv00402215,3805,True
phs000286,pht008746,phv00402210,3805,True
phs000286,pht008747,phv00402518,2746,True
phs000286,pht008747,phv00402520,2746,True
phs000286,pht008747,phv00402525,2746,True
phs000286,pht008746,phv00402213,3805,True
phs000286,pht008731,phv00401433,2741,True
phs000286,pht008742,phv00401746,2741,True
phs000286,pht008746,phv00402345,3805,True
phs000286,pht008746,phv00402351,3805,True
phs000286,pht008746,phv00402346,3805,True
phs000286,pht008746,phv00402347,3805,True
phs000286,pht008729,phv00401177,3805,True
phs000286,pht008746,phv00402340,3805,True
phs000286,pht008746,phv00402349,3805,True
phs000286,pht008731,phv00401442,2746,True
phs000286,pht008746,phv00402348,3805,True
phs000286,pht008746,phv00402343,3805,True
phs000286,pht008746,phv00402341,3867,True
phs000286,pht008746,phv00402081,3805,True
phs000286,pht008746,phv00402344,3805,True
phs000286,pht008746,phv00402350,3805,True
phs000286,pht008746,phv00402342,3805,True
phs000286,pht008747,phv00402413,2746,True
phs000286,pht008729,phv00401198,3867,True
phs000286,pht008731,phv00401460,2746,True
phs000286,pht008746,phv00402085,3867,True
phs000286,pht008729,phv00401196,3867,True
phs000286,pht008731,phv00401461,2746,True
phs000286,pht008729,phv00401197,3867,True
phs000286,pht008729,phv00401178,3867,True
phs000286,pht008731,phv00401462,2746,True
phs000286,pht008747,phv00402416,2746,True
phs000286,pht008731,phv00401443,2746,True
phs000286,pht008731,phv00401463,2746,True
phs000286,pht008729,phv00401195,3867,True
phs000286,pht001959,phv00127629,3377,True
phs000286,pht001963,phv00127678,3855,True
phs000286,pht008764,phv00403066,3100,True
phs000286,pht001959,phv00127618,3839,True
phs000286,pht001969,phv00128209,3682,True
phs000286,pht001969,phv00128210,3680,True
phs000286,pht001969,phv00128214,3682,True
phs000286,pht001969,phv00128219,3681,True
phs000286,pht001969,phv00128220,3681,True
phs000286,pht001969,phv00128224,3681,True
phs000286,pht001969,phv00128229,3681,True
phs000286,pht001969,phv00128230,3681,True
phs000286,pht001969,phv00128234,3681,True
phs000286,pht008729,phv00401162,3658,True
phs000286,pht008729,phv00401163,3658,True
phs000286,pht001967,phv00128093,3875,True
phs000286,pht001967,phv00128094,148,True
phs000286,pht001976,phv00128395,3862,True
phs000286,pht008725,phv00400912,38685,True
phs000286,pht008728,phv00401072,270,True
phs000286,pht008728,phv00401073,270,True
phs000286,pht008728,phv00401074,270,True
phs000286,pht008728,phv00401075,270,True
phs000286,pht008728,phv00401076,270,True
phs000286,pht008729,phv00401207,3883,True
phs000286,pht008730,phv00401345,3100,True
phs000286,pht008731,phv00401472,2816,True
phs000286,pht008753,phv00402801,3100,True
phs000286,pht008753,phv00402802,76,True
phs000286,pht008756,phv00402849,3639,True
phs000286,pht008768,phv00403327,2862,True
phs000286,pht008769,phv00403381,2664,True
phs000286,pht008778,phv00403634,2804,True
phs000286,pht008778,phv00403635,56,True
phs000286,pht008785,phv00403887,3100,True
phs000286,pht008786,phv00403990,2809,True
phs000286,pht008729,phv00401106,3601,True
phs000286,pht008730,phv00401298,2512,True
phs000286,pht008731,phv00401399,2491,True
phs000286,pht008729,phv00401107,3616,True
phs000286,pht008730,phv00401299,2526,True
phs000286,pht008731,phv00401400,2507,True
phs000286,pht008729,phv00401108,3644,True
phs000286,pht008730,phv00401300,2609,True
phs000286,pht008731,phv00401401,2531,True
phs000286,pht008729,phv00401102,3598,True
phs000286,pht008730,phv00401294,2481,True
phs000286,pht008734,phv00401574,483,True
phs000286,pht008731,phv00401395,2476,True
phs000286,pht008725,phv00400885,37770,True
phs000286,pht008729,phv00401114,3802,True
phs000286,pht008730,phv00401296,2866,True
phs000286,pht008731,phv00401397,2670,True
phs000286,pht008731,phv00401428,2554,True
phs000286,pht001945,phv00125927,3813,True
phs000286,pht008742,phv00401728,2773,True
phs000286,pht008729,phv00401137,3540,True
phs000286,pht008734,phv00401580,669,True
phs000286,pht008730,phv00401323,1945,True
phs000286,pht008741,phv00401713,2226,True
phs000286,pht008792,phv00404243,3455,True
phs000286,pht008792,phv00404253,3455,True
phs000286,pht008729,phv00401136,3540,True
phs000286,pht008741,phv00401720,2226,True
phs000286,pht008731,phv00401427,2554,True
phs000286,pht008730,phv00401322,1945,True
phs000286,pht001945,phv00125933,3813,True
phs000286,pht008734,phv00401579,669,True
phs000286,pht008742,phv00401739,2773,True
phs000286,pht008748,phv00402740,1317,True
phs000286,pht008729,phv00401250,3711,True
phs000286,pht008725,phv00400923,24766,True
phs000286,pht008725,phv00400924,13935,True
phs000286,pht008725,phv00400926,24760,True
phs000286,pht008725,phv00400927,13918,True
phs000286,pht008737,phv00401613,3092,True
phs000286,pht008729,phv00401095,3873,True
phs000286,pht008731,phv00401388,2773,True
phs000286,pht008730,phv00401287,3092,True
phs000286,pht008738,phv00401628,2773,True
phs000286,pht001959,phv00127631,3377,True
phs000287,pht001450,phv00099026,3689,True
phs000287,pht001451,phv00099701,4893,True
phs000287,pht001451,phv00100069,4902,True
phs000287,pht001452,phv00100324,4177,True
phs000287,pht001452,phv00100457,5523,True
phs000287,pht001456,phv00100680,5523,True
phs000287,pht001474,phv00101531,3615,True
phs000287,pht001474,phv00101755,3076,True
phs000287,pht001474,phv00101983,3061,True
phs000287,pht001475,phv00102498,2837,True
phs000287,pht001475,phv00102608,2831,True
phs000287,pht001475,phv00102679,3305,True
phs000287,pht001476,phv00103165,3180,True
phs000287,pht001477,phv00103218,3034,True
phs000287,pht001478,phv00103270,2788,True
phs000287,pht001479,phv00103323,2787,True
phs000287,pht001480,phv00103375,2740,True
phs000287,pht001481,phv00103428,2639,True
phs000287,pht001482,phv00103480,2491,True
phs000287,pht001483,phv00103533,2190,True
phs000287,pht001484,phv00103585,2274,True
phs000287,pht001485,phv00103638,2105,True
phs000287,pht001486,phv00103690,2082,True
phs000287,pht001487,phv00103741,1729,True
phs000287,pht001488,phv00104047,4529,True
phs000287,pht001488,phv00104316,4582,True
phs000287,pht001488,phv00104340,4578,True
phs000287,pht001489,phv00104965,4292,True
phs000287,pht001489,phv00104994,4302,True
phs000287,pht001490,phv00105967,488,True
phs000287,pht001490,phv00106361,621,True
phs000287,pht001490,phv00106375,624,True
phs000287,pht001491,phv00107042,4181,True
phs000287,pht001491,phv00107300,3996,True
phs000287,pht001491,phv00107311,3957,True
phs000287,pht001493,phv00108517,3980,True
phs000287,pht001493,phv00108623,4366,True
phs000287,pht001493,phv00108798,3950,True
phs000287,pht001495,phv00109876,3350,True
phs000287,pht001451,phv00100046,4869,True
phs000287,pht001452,phv00100429,5458,True
phs000287,pht001452,phv00100487,5531,True
phs000287,pht001490,phv00105622,628,True
phs000287,pht001490,phv00105868,589,True
phs000287,pht001491,phv00106844,4288,True
phs000287,pht001491,phv00106995,3792,True
phs000287,pht001495,phv00109855,4067,True
phs000287,pht001495,phv00110487,3138,True
phs000287,pht001451,phv00100084,4880,True
phs000287,pht001452,phv00100502,5508,True
phs000287,pht001474,phv00101954,3615,True
phs000287,pht001474,phv00102006,3897,True
phs000287,pht001475,phv00102583,3607,True
phs000287,pht001475,phv00102972,3301,True
phs000287,pht001489,phv00104783,4504,True
phs000287,pht001489,phv00104954,4361,True
phs000287,pht001490,phv00106404,628,True
phs000287,pht001491,phv00107280,4203,True
phs000287,pht001492,phv00107780,4710,True
phs000287,pht001492,phv00108155,4597,True
phs000287,pht001493,phv00108813,4495,True
phs000287,pht001493,phv00108834,4365,True
phs000287,pht001495,phv00110481,3809,True
phs000287,pht003699,phv00197486,0,True
phs000287,pht003699,phv00197487,0,True
phs000287,pht003699,phv00197488,0,True
phs000287,pht003700,phv00198833,838,True
phs000287,pht003700,phv00198834,838,True
phs000287,pht003700,phv00198835,838,True
phs000287,pht001452,phv00100504,5531,True
phs000287,pht001464,phv00100778,4617,True
phs000287,pht001474,phv00101490,3841,True
phs000287,pht001475,phv00102638,3563,True
phs000287,pht001475,phv00102982,2602,True
phs000287,pht001488,phv00104043,4638,True
phs000287,pht001488,phv00104216,4613,True
phs000287,pht001489,phv00104793,4468,True
phs000287,pht001489,phv00104958,4454,True
phs000287,pht001490,phv00105873,628,True
phs000287,pht001490,phv00105881,628,True
phs000287,pht001491,phv00107007,4252,True
phs000287,pht001491,phv00107284,4208,True
phs000287,pht001492,phv00107894,4677,True
phs000287,pht001492,phv00108157,4599,True
phs000287,pht001493,phv00108582,4464,True
phs000287,pht001493,phv00108760,51,True
phs000287,pht001493,phv00108837,4385,True
phs000287,pht001494,phv00109350,4280,True
phs000287,pht001495,phv00109997,4027,True
phs000287,pht003699,phv00197448,1201,True
phs000287,pht003699,phv00198702,1203,True
phs000287,pht003700,phv00199979,511,True
phs000287,pht003699,phv00197745,1038,True
phs000287,pht003700,phv00200047,511,True
phs000287,pht003699,phv00197725,1201,True
phs000287,pht003699,phv00197726,1201,True
phs000287,pht003699,phv00197727,1201,True
phs000287,pht003699,phv00197728,1201,True
phs000287,pht003699,phv00197729,1201,True
phs000287,pht003699,phv00197730,1140,True
phs000287,pht003699,phv00197731,1140,True
phs000287,pht003699,phv00197732,1140,True
phs000287,pht003699,phv00197733,1140,True
phs000287,pht003699,phv00197734,1140,True
phs000287,pht003699,phv00197735,982,True
phs000287,pht003699,phv00197736,982,True
phs000287,pht003699,phv00197737,982,True
phs000287,pht003699,phv00197738,982,True
phs000287,pht003699,phv00197739,982,True
phs000287,pht003699,phv00197740,1111,True
phs000287,pht003699,phv00197741,1111,True
phs000287,pht003699,phv00197742,1111,True
phs000287,pht003699,phv00197743,1111,True
phs000287,pht003699,phv00197744,1111,True
phs000287,pht003699,phv00197746,1135,True
phs000287,pht003699,phv00197747,1135,True
phs000287,pht003699,phv00197748,1135,True
phs000287,pht003699,phv00197749,1135,True
phs000287,pht003699,phv00197750,1135,True
phs000287,pht003699,phv00197751,1140,True
phs000287,pht003699,phv00197752,1140,True
phs000287,pht003699,phv00197753,1140,True
phs000287,pht003699,phv00197754,1140,True
phs000287,pht003699,phv00197755,1140,True
phs000287,pht003699,phv00197756,1038,True
phs000287,pht003699,phv00197757,1038,True
phs000287,pht003699,phv00197758,994,True
phs000287,pht003699,phv00197759,934,True
phs000287,pht003699,phv00197760,934,True
phs000287,pht003699,phv00197761,886,True
phs000287,pht003699,phv00197921,1201,True
phs000287,pht003699,phv00197926,1201,True
phs000287,pht003699,phv00197931,1201,True
phs000287,pht003699,phv00197936,1201,True
phs000287,pht003699,phv00197941,1201,True
phs000287,pht003699,phv00197946,1201,True
phs000287,pht003699,phv00197951,1201,True
phs000287,pht003699,phv00197956,1201,True
phs000287,pht003699,phv00197961,1201,True
phs000287,pht003699,phv00197966,1201,True
phs000287,pht003699,phv00197971,1201,True
phs000287,pht003699,phv00197976,1201,True
phs000287,pht003699,phv00197993,1201,True
phs000287,pht003699,phv00197998,1201,True
phs000287,pht003699,phv00198003,1201,True
phs000287,pht003699,phv00198008,1201,True
phs000287,pht003699,phv00198013,1201,True
phs000287,pht003699,phv00198018,1201,True
phs000287,pht003699,phv00198023,1201,True
phs000287,pht003699,phv00198028,1201,True
phs000287,pht003699,phv00198033,1201,True
phs000287,pht003699,phv00198038,1201,True
phs000287,pht003699,phv00198043,1201,True
phs000287,pht003699,phv00198048,1201,True
phs000287,pht003699,phv00198092,1201,True
phs000287,pht003699,phv00198097,1201,True
phs000287,pht003699,phv00198102,1201,True
phs000287,pht003699,phv00198107,1201,True
phs000287,pht003699,phv00198112,1201,True
phs000287,pht003699,phv00198117,1201,True
phs000287,pht003699,phv00198122,1201,True
phs000287,pht003699,phv00198127,1201,True
phs000287,pht003699,phv00198132,1201,True
phs000287,pht003699,phv00198137,1201,True
phs000287,pht003699,phv00198142,1201,True
phs000287,pht003699,phv00198147,1201,True
phs000287,pht003699,phv00198164,1201,True
phs000287,pht003699,phv00198169,1201,True
phs000287,pht003699,phv00198174,1201,True
phs000287,pht003699,phv00198179,1201,True
phs000287,pht003699,phv00198184,1201,True
phs000287,pht003699,phv00198189,1201,True
phs000287,pht003699,phv00198194,1201,True
phs000287,pht003699,phv00198199,1201,True
phs000287,pht003699,phv00198204,1201,True
phs000287,pht003699,phv00198209,1201,True
phs000287,pht003699,phv00198214,1201,True
phs000287,pht003699,phv00198219,1201,True
phs000287,pht003699,phv00198236,1201,True
phs000287,pht003699,phv00198241,1201,True
phs000287,pht003699,phv00198246,1201,True
phs000287,pht003699,phv00198251,1201,True
phs000287,pht003699,phv00198256,1201,True
phs000287,pht003699,phv00198261,1201,True
phs000287,pht003699,phv00198266,1201,True
phs000287,pht003699,phv00198271,1201,True
phs000287,pht003699,phv00198276,1201,True
phs000287,pht003699,phv00198281,1201,True
phs000287,pht003699,phv00198286,1201,True
phs000287,pht003699,phv00198291,1201,True
phs000287,pht003699,phv00198308,1201,True
phs000287,pht003699,phv00198313,1201,True
phs000287,pht003699,phv00198318,1201,True
phs000287,pht003699,phv00198323,1201,True
phs000287,pht003699,phv00198328,1201,True
phs000287,pht003699,phv00198333,1201,True
phs000287,pht003699,phv00198338,1201,True
phs000287,pht003699,phv00198343,1201,True
phs000287,pht003699,phv00198348,1201,True
phs000287,pht003699,phv00198353,1201,True
phs000287,pht003699,phv00198358,1201,True
phs000287,pht003699,phv00198363,1201,True
phs000287,pht003699,phv00198380,1201,True
phs000287,pht003699,phv00198385,1201,True
phs000287,pht003699,phv00198390,1201,True
phs000287,pht003699,phv00198395,1201,True
phs000287,pht003699,phv00198400,1201,True
phs000287,pht003699,phv00198405,1201,True
phs000287,pht003699,phv00198410,1201,True
phs000287,pht003699,phv00198415,1201,True
phs000287,pht003699,phv00198420,1201,True
phs000287,pht003699,phv00198425,1201,True
phs000287,pht003699,phv00198430,1201,True
phs000287,pht003699,phv00198435,1201,True
phs000287,pht003699,phv00198452,1201,True
phs000287,pht003699,phv00198457,1201,True
phs000287,pht003699,phv00198462,1201,True
phs000287,pht003699,phv00198467,1201,True
phs000287,pht003699,phv00198472,1201,True
phs000287,pht003699,phv00198477,1201,True
phs000287,pht003699,phv00198482,1201,True
phs000287,pht003699,phv00198487,1201,True
phs000287,pht003699,phv00198492,1201,True
phs000287,pht003699,phv00198497,1201,True
phs000287,pht003699,phv00198502,1201,True
phs000287,pht003699,phv00198507,1201,True
phs000287,pht003699,phv00198524,1201,True
phs000287,pht003699,phv00198529,1201,True
phs000287,pht003699,phv00198534,1201,True
phs000287,pht003699,phv00198539,1201,True
phs000287,pht003699,phv00198544,1201,True
phs000287,pht003699,phv00198549,1201,True
phs000287,pht003699,phv00198554,1201,True
phs000287,pht003699,phv00198559,1201,True
phs000287,pht003699,phv00198564,1201,True
phs000287,pht003699,phv00198569,1201,True
phs000287,pht003699,phv00198574,1201,True
phs000287,pht003699,phv00198579,1201,True
phs000287,pht003699,phv00198596,1201,True
phs000287,pht003699,phv00198601,1201,True
phs000287,pht003699,phv00198606,1201,True
phs000287,pht003699,phv00198611,1201,True
phs000287,pht003699,phv00198616,1201,True
phs000287,pht003699,phv00198621,1201,True
phs000287,pht003699,phv00198626,1201,True
phs000287,pht003699,phv00198631,1201,True
phs000287,pht003699,phv00198636,1201,True
phs000287,pht003699,phv00198641,1201,True
phs000287,pht003699,phv00198646,1201,True
phs000287,pht003699,phv00198651,1201,True
phs000287,pht003700,phv00200027,511,True
phs000287,pht003700,phv00200028,511,True
phs000287,pht003700,phv00200029,511,True
phs000287,pht003700,phv00200030,511,True
phs000287,pht003700,phv00200031,511,True
phs000287,pht003700,phv00200032,494,True
phs000287,pht003700,phv00200033,494,True
phs000287,pht003700,phv00200034,494,True
phs000287,pht003700,phv00200035,494,True
phs000287,pht003700,phv00200036,494,True
phs000287,pht003700,phv00200037,453,True
phs000287,pht003700,phv00200038,453,True
phs000287,pht003700,phv00200039,453,True
phs000287,pht003700,phv00200040,453,True
phs000287,pht003700,phv00200041,453,True
phs000287,pht003700,phv00200042,478,True
phs000287,pht003700,phv00200043,478,True
phs000287,pht003700,phv00200044,478,True
phs000287,pht003700,phv00200045,478,True
phs000287,pht003700,phv00200046,478,True
phs000287,pht003700,phv00200048,489,True
phs000287,pht003700,phv00200049,489,True
phs000287,pht003700,phv00200050,489,True
phs000287,pht003700,phv00200051,489,True
phs000287,pht003700,phv00200052,489,True
phs000287,pht003700,phv00200053,489,True
phs000287,pht003700,phv00200054,489,True
phs000287,pht003700,phv00200055,489,True
phs000287,pht003700,phv00200056,489,True
phs000287,pht003700,phv00200057,489,True
phs000287,pht003700,phv00200058,511,True
phs000287,pht003700,phv00200059,511,True
phs000287,pht003700,phv00200060,494,True
phs000287,pht003700,phv00200061,511,True
phs000287,pht003700,phv00200062,511,True
phs000287,pht003700,phv00200063,494,True
phs000287,pht001450,phv00099556,4854,True
phs000287,pht001450,phv00099589,4900,True
phs000287,pht001452,phv00100472,5480,True
phs000287,pht001452,phv00100528,5526,True
phs000287,pht001474,phv00101609,3566,True
phs000287,pht001474,phv00102106,3693,True
phs000287,pht001475,phv00102788,3271,True
phs000287,pht001475,phv00103079,3374,True
phs000287,pht001488,phv00104364,4589,True
phs000287,pht001488,phv00104397,4617,True
phs000287,pht001489,phv00104770,4421,True
phs000287,pht001489,phv00105027,4433,True
phs000287,pht001490,phv00105632,628,True
phs000287,pht001490,phv00106448,626,True
phs000287,pht001491,phv00106531,4186,True
phs000287,pht001491,phv00107373,4198,True
phs000287,pht001492,phv00108073,4565,True
phs000287,pht001492,phv00108234,4549,True
phs000287,pht001493,phv00108721,4332,True
phs000287,pht001493,phv00108988,4385,True
phs000287,pht001494,phv00109457,4120,True
phs000287,pht001494,phv00109699,4183,True
phs000287,pht001495,phv00110117,3772,True
phs000287,pht001495,phv00110641,3840,True
phs000287,pht003699,phv00197495,1201,True
phs000287,pht003699,phv00197526,1199,True
phs000287,pht003700,phv00199044,756,True
phs000287,pht001450,phv00099087,4881,True
phs000287,pht001450,phv00099088,325,True
phs000287,pht001450,phv00099090,299,True
phs000287,pht001450,phv00099091,125,True
phs000287,pht001450,phv00099466,4881,True
phs000287,pht001452,phv00100442,5492,True
phs000287,pht001474,phv00101661,3621,True
phs000287,pht001475,phv00102854,3319,True
phs000287,pht001476,phv00103164,3187,True
phs000287,pht001477,phv00103217,3042,True
phs000287,pht001478,phv00103269,2799,True
phs000287,pht001479,phv00103322,2784,True
phs000287,pht001480,phv00103374,2746,True
phs000287,pht001481,phv00103427,2628,True
phs000287,pht001482,phv00103479,2484,True
phs000287,pht001483,phv00103532,2177,True
phs000287,pht001484,phv00103584,2275,True
phs000287,pht001485,phv00103637,2104,True
phs000287,pht001486,phv00103689,2084,True
phs000287,pht001487,phv00103740,1734,True
phs000287,pht001490,phv00105885,611,True
phs000287,pht001490,phv00106022,611,True
phs000287,pht001490,phv00106407,611,True
phs000287,pht001490,phv00106023,49,True
phs000287,pht001490,phv00106024,52,True
phs000287,pht001490,phv00106025,48,True
phs000287,pht001490,phv00106026,15,True
phs000287,pht001492,phv00107849,4238,True
phs000287,pht001492,phv00107850,308,True
phs000287,pht001492,phv00107851,315,True
phs000287,pht001492,phv00107853,252,True
phs000287,pht001492,phv00108215,4232,True
phs000287,pht001492,phv00108216,306,True
phs000287,pht001495,phv00110173,3833,True
phs000287,pht003699,phv00197463,1198,True
phs000287,pht003699,phv00197464,1201,True
phs000287,pht003700,phv00198892,757,True
phs000287,pht003700,phv00198893,65,True
phs000287,pht001450,phv00098799,4903,True
phs000287,pht001450,phv00099550,4894,True
phs000287,pht001452,phv00100382,5521,True
phs000287,pht001490,phv00105412,627,True
phs000287,pht001491,phv00106775,3890,True
phs000287,pht001495,phv00110375,3208,True
phs000287,pht003700,phv00198933,750,True
phs000287,pht001450,phv00099349,4889,True
phs000287,pht001450,phv00099153,4713,True
phs000287,pht001452,phv00100383,5514,True
phs000287,pht001452,phv00100355,5317,True
phs000287,pht001475,phv00102454,2801,True
phs000287,pht001490,phv00105414,625,True
phs000287,pht001490,phv00106140,604,True
phs000287,pht001491,phv00106776,3992,True
phs000287,pht001495,phv00110376,3305,True
phs000287,pht001474,phv00101671,3114,True
phs000287,pht001450,phv00099441,4895,True
phs000287,pht001450,phv00099442,4890,True
phs000287,pht001452,phv00100435,5522,True
phs000287,pht001452,phv00100436,5516,True
phs000287,pht001488,phv00104020,4477,True
phs000287,pht001488,phv00104021,4477,True
phs000287,pht001488,phv00104377,4683,True
phs000287,pht001489,phv00104697,4312,True
phs000287,pht001489,phv00104698,4311,True
phs000287,pht001490,phv00105432,627,True
phs000287,pht001490,phv00105433,626,True
phs000287,pht001491,phv00106794,4020,True
phs000287,pht001491,phv00106795,4016,True
phs000287,pht001492,phv00107774,4208,True
phs000287,pht001492,phv00107775,4203,True
phs000287,pht001493,phv00108830,4003,True
phs000287,pht001493,phv00108831,4000,True
phs000287,pht001474,phv00101960,3093,True
phs000287,pht001474,phv00101961,3093,True
phs000287,pht001475,phv00102574,2852,True
phs000287,pht001475,phv00102575,2852,True
phs000287,pht001495,phv00110337,3354,True
phs000287,pht001495,phv00110338,3348,True
phs000287,pht003699,phv00197434,0,True
phs000287,pht003699,phv00197435,0,True
phs000287,pht003700,phv00198807,841,True
phs000287,pht003700,phv00198928,758,True
phs000287,pht003700,phv00198929,756,True
phs000287,pht001450,phv00099468,4888,True
phs000287,pht001452,phv00100386,5513,True
phs000287,pht001490,phv00105306,625,True
phs000287,pht001491,phv00106840,3885,True
phs000287,pht001495,phv00110612,3201,True
phs000287,pht003700,phv00198926,748,True
phs000287,pht001459,phv00100285,5531,True
phs000287,pht001459,phv00100487,5531,True
phs000287,pht001459,phv00100691,554,True
phs000287,pht001459,phv00100692,554,True
phs000287,pht001468,phv00100864,5502,True
phs000287,pht001468,phv00100865,5483,True
phs000287,pht001473,phv00100285,5531,True
phs000287,pht001473,phv00100487,5531,True
phs000287,pht001473,phv00101265,4503,True
phs000287,pht001473,phv00101277,4486,True
phs000287,pht001473,phv00101238,4851,True
phs000287,pht001473,phv00101239,4863,True
phs000287,pht001473,phv00101250,4842,True
phs000287,pht001473,phv00101251,4847,True
phs000287,pht001473,phv00101264,4485,True
phs000287,pht001473,phv00101276,4474,True
phs000287,pht001473,phv00101303,4458,True
phs000287,pht001473,phv00101302,4475,True
phs000287,pht001450,phv00099445,4900,True
phs000287,pht001474,phv00101622,3570,True
phs000287,pht001475,phv00102802,3269,True
phs000287,pht001488,phv00104378,4580,True
phs000287,pht001489,phv00105010,4338,True
phs000287,pht001490,phv00105886,625,True
phs000287,pht001491,phv00107229,4112,True
phs000287,pht001492,phv00108097,4562,True
phs000287,pht001493,phv00108732,4316,True
phs000287,pht001494,phv00109464,4087,True
phs000287,pht001494,phv00109604,4312,True
phs000287,pht001495,phv00110131,3762,True
phs000287,pht003699,phv00197474,1200,True
phs000287,pht003699,phv00197478,607,True
phs000287,pht003700,phv00198810,834,True
phs000287,pht001452,phv00100497,5326,True
phs000287,pht003699,phv00197462,1200,True
phs000287,pht001452,phv00100499,5455,True
phs000287,pht001490,phv00106421,590,True
phs000287,pht001491,phv00107353,3796,True
phs000287,pht001462,phv00100770,4417,True
phs000287,pht001449,phv00098765,2358,True
phs000287,pht001449,phv00100487,5531,True
phs000287,pht001449,phv00098768,463,True
phs000287,pht001457,phv00100687,2358,True
phs000287,pht001450,phv00098820,4872,True
phs000287,pht001450,phv00099025,4863,True
phs000287,pht001450,phv00099345,4880,True
phs000287,pht001452,phv00100338,5528,True
phs000287,pht001474,phv00101530,3630,True
phs000287,pht001474,phv00101785,2982,True
phs000287,pht001474,phv00101793,2874,True
phs000287,pht001475,phv00102446,2805,True
phs000287,pht001475,phv00102678,3316,True
phs000287,pht001476,phv00103169,3184,True
phs000287,pht001477,phv00103222,3012,True
phs000287,pht001478,phv00103274,2780,True
phs000287,pht001479,phv00103327,2774,True
phs000287,pht001480,phv00103379,2735,True
phs000287,pht001481,phv00103432,2626,True
phs000287,pht001482,phv00103484,2476,True
phs000287,pht001483,phv00103537,2174,True
phs000287,pht001484,phv00103589,2271,True
phs000287,pht001485,phv00103642,2104,True
phs000287,pht001486,phv00103694,2083,True
phs000287,pht001487,phv00103745,1732,True
phs000287,pht001488,phv00104107,4547,True
phs000287,pht001488,phv00104230,792,True
phs000287,pht001488,phv00104260,116,True
phs000287,pht001489,phv00104826,4449,True
phs000287,pht001490,phv00105137,621,True
phs000287,pht001490,phv00105964,625,True
phs000287,pht001490,phv00106145,124,True
phs000287,pht001490,phv00106406,600,True
phs000287,pht001491,phv00107092,4193,True
phs000287,pht001492,phv00107948,4583,True
phs000287,pht001493,phv00108622,4372,True
phs000287,pht001494,phv00109389,4129,True
phs000287,pht001495,phv00110051,3842,True
phs000287,pht001495,phv00110345,3240,True
phs000287,pht001450,phv00098802,4890,True
phs000287,pht001490,phv00105119,625,True
phs000287,pht001451,phv00100038,4818,True
phs000287,pht001452,phv00100424,5416,True
phs000287,pht001452,phv00100503,598,True
phs000287,pht001490,phv00105863,598,True
phs000287,pht001491,phv00106988,3758,True
phs000287,pht001451,phv00100039,4817,True
phs000287,pht001493,phv00108778,3491,True
phs000287,pht001494,phv00109486,3163,True
phs000287,pht001495,phv00110162,2817,True
phs000287,pht001495,phv00110485,3138,True
phs000287,pht001451,phv00100037,4843,True
phs000287,pht001452,phv00100423,5436,True
phs000287,pht001490,phv00105862,593,True
phs000287,pht001491,phv00106987,3805,True
phs000287,pht001451,phv00099896,4877,True
phs000287,pht001490,phv00105773,185,True
phs000287,pht001451,phv00100045,4869,True
phs000287,pht001452,phv00100427,5458,True
phs000287,pht001490,phv00105867,589,True
phs000287,pht001491,phv00106994,3792,True
phs000287,pht001451,phv00099923,4639,True
phs000287,pht001451,phv00100042,4871,True
phs000287,pht001452,phv00100426,5471,True
phs000287,pht001490,phv00105865,600,True
phs000287,pht001491,phv00106991,3841,True
phs000287,pht001451,phv00099860,4860,True
phs000287,pht001452,phv00100413,5447,True
phs000287,pht001490,phv00105618,587,True
phs000287,pht001491,phv00106920,3774,True
phs000287,pht001451,phv00099859,4860,True
phs000287,pht001452,phv00100412,5447,True
phs000287,pht001490,phv00105617,587,True
phs000287,pht001491,phv00106919,3774,True
phs000287,pht001450,phv00099350,4875,True
phs000287,pht001452,phv00100384,5500,True
phs000287,pht001490,phv00105415,625,True
phs000287,pht001491,phv00106777,3989,True
phs000287,pht001450,phv00099038,4859,True
phs000287,pht001452,phv00100322,5482,True
phs000287,pht001464,phv00100782,5482,True
phs000287,pht001490,phv00105981,623,True
phs000287,pht003699,phv00197455,1201,True
phs000287,pht001450,phv00099031,4865,True
phs000287,pht001452,phv00100321,5493,True
phs000287,pht001464,phv00100785,5493,True
phs000287,pht001490,phv00105974,628,True
phs000287,pht001450,phv00098819,4794,True
phs000287,pht001490,phv00105136,606,True
phs000287,pht001489,phv00104798,4473,True
phs000287,pht001491,phv00107012,4262,True
phs000287,pht001492,phv00107899,4684,True
phs000287,pht001493,phv00108587,4458,True
phs000287,pht001494,phv00109355,4282,True
phs000287,pht001495,phv00110002,4026,True
phs000287,pht003699,phv00197451,1201,True
phs000287,pht001452,phv00100508,5531,True
phs000287,pht001474,phv00101485,3843,True
phs000287,pht001475,phv00102633,3572,True
phs000287,pht001488,phv00104040,4638,True
phs000287,pht001489,phv00104788,4471,True
phs000287,pht001491,phv00107002,4260,True
phs000287,pht001492,phv00107889,4689,True
phs000287,pht001493,phv00108577,4469,True
phs000287,pht001494,phv00109345,4289,True
phs000287,pht001495,phv00109992,4033,True
phs000287,pht001495,phv00110399,2500,True
phs000287,pht001450,phv00099017,4713,True
phs000287,pht001474,phv00101495,3842,True
phs000287,pht001475,phv00102643,3561,True
phs000287,pht001488,phv00104041,4619,True
phs000287,pht001450,phv00099357,4891,True
phs000287,pht001450,phv00099380,4855,True
phs000287,pht001450,phv00099387,4540,True
phs000287,pht001450,phv00099427,4294,True
phs000287,pht001450,phv00099429,4288,True
phs000287,pht001451,phv00099700,4886,True
phs000287,pht001451,phv00100054,4834,True
phs000287,pht001452,phv00100389,5518,True
phs000287,pht001452,phv00100396,5481,True
phs000287,pht001452,phv00100399,5145,True
phs000287,pht001474,phv00101728,2338,True
phs000287,pht001474,phv00101730,2308,True
phs000287,pht001474,phv00101754,3076,True
phs000287,pht001474,phv00101773,3096,True
phs000287,pht001474,phv00101969,2995,True
phs000287,pht001475,phv00102470,2855,True
phs000287,pht001475,phv00102497,2835,True
phs000287,pht001475,phv00102548,1976,True
phs000287,pht001475,phv00102550,1971,True
phs000287,pht001475,phv00102591,2764,True
phs000287,pht001488,phv00104009,4579,True
phs000287,pht001488,phv00104315,4576,True
phs000287,pht001488,phv00104326,4524,True
phs000287,pht001489,phv00104686,4313,True
phs000287,pht001489,phv00104740,3779,True
phs000287,pht001489,phv00104742,3771,True
phs000287,pht001489,phv00104964,4288,True
phs000287,pht001489,phv00104980,4251,True
phs000287,pht001490,phv00105423,628,True
phs000287,pht001490,phv00105455,626,True
phs000287,pht001490,phv00105462,605,True
phs000287,pht001490,phv00105839,534,True
phs000287,pht001490,phv00105841,529,True
phs000287,pht001490,phv00106347,612,True
phs000287,pht001490,phv00106374,626,True
phs000287,pht001491,phv00106785,4020,True
phs000287,pht001491,phv00106817,3995,True
phs000287,pht001491,phv00106824,3850,True
phs000287,pht001491,phv00106963,3541,True
phs000287,pht001491,phv00106965,3528,True
phs000287,pht001491,phv00107286,3945,True
phs000287,pht001491,phv00107310,4012,True
phs000287,pht001492,phv00107483,3556,True
phs000287,pht001492,phv00107485,3577,True
phs000287,pht001492,phv00107753,4206,True
phs000287,pht001492,phv00108162,4099,True
phs000287,pht001492,phv00108186,4185,True
phs000287,pht001493,phv00108484,4005,True
phs000287,pht001493,phv00108516,3978,True
phs000287,pht001493,phv00108784,3886,True
phs000287,pht001493,phv00108926,1192,True
phs000287,pht001494,phv00109248,3648,True
phs000287,pht001494,phv00109303,2935,True
phs000287,pht001494,phv00109305,2899,True
phs000287,pht001494,phv00109315,3538,True
phs000287,pht001495,phv00109861,3274,True
phs000287,pht001495,phv00110268,3359,True
phs000287,pht001495,phv00110316,2587,True
phs000287,pht001495,phv00110318,2553,True
phs000287,pht001495,phv00110498,3355,True
phs000287,pht003700,phv00199731,333,True
phs000287,pht003700,phv00199734,413,True
phs000287,pht003700,phv00199737,456,True
phs000287,pht003700,phv00199740,477,True
phs000287,pht003700,phv00199743,305,True
phs000287,pht003700,phv00199746,385,True
phs000287,pht003700,phv00199749,436,True
phs000287,pht003700,phv00199752,462,True
phs000287,pht003700,phv00199755,284,True
phs000287,pht003700,phv00199758,359,True
phs000287,pht003700,phv00199761,379,True
phs000287,pht003700,phv00199764,399,True
phs000287,pht003700,phv00199767,333,True
phs000287,pht003700,phv00199770,413,True
phs000287,pht003700,phv00199773,455,True
phs000287,pht003700,phv00199776,482,True
phs000287,pht001450,phv00099656,4900,True
phs000287,pht001452,phv00100595,5526,True
phs000287,pht001474,phv00101536,3499,True
phs000287,pht001474,phv00102173,3693,True
phs000287,pht001475,phv00102684,3265,True
phs000287,pht001475,phv00103146,3374,True
phs000287,pht001488,phv00104464,4617,True
phs000287,pht001489,phv00105094,4433,True
phs000287,pht001490,phv00105912,404,True
phs000287,pht001490,phv00106515,626,True
phs000287,pht001491,phv00107086,3626,True
phs000287,pht001491,phv00107440,4198,True
phs000287,pht001492,phv00107954,4541,True
phs000287,pht001492,phv00108301,4549,True
phs000287,pht001493,phv00108628,4321,True
phs000287,pht001493,phv00109055,4385,True
phs000287,pht001494,phv00109395,4074,True
phs000287,pht001494,phv00109766,4183,True
phs000287,pht001495,phv00110057,3688,True
phs000287,pht001495,phv00110708,3840,True
phs000287,pht003699,phv00197516,1199,True
phs000287,pht003700,phv00199111,756,True
phs000287,pht001450,phv00098815,4856,True
phs000287,pht001450,phv00099023,4819,True
phs000287,pht001474,phv00101529,3625,True
phs000287,pht001475,phv00102677,3318,True
phs000287,pht001476,phv00103163,3185,True
phs000287,pht001477,phv00103216,3038,True
phs000287,pht001478,phv00103268,2794,True
phs000287,pht001479,phv00103321,2808,True
phs000287,pht001480,phv00103373,2751,True
phs000287,pht001481,phv00103426,2642,True
phs000287,pht001482,phv00103478,2510,True
phs000287,pht001483,phv00103531,2202,True
phs000287,pht001484,phv00103583,2273,True
phs000287,pht001485,phv00103636,2109,True
phs000287,pht001486,phv00103688,2085,True
phs000287,pht001487,phv00103739,1731,True
phs000287,pht001488,phv00104051,4565,True
phs000287,pht001488,phv00104052,1912,True
phs000287,pht001489,phv00105095,4675,True
phs000287,pht001490,phv00105132,622,True
phs000287,pht001490,phv00105909,624,True
phs000287,pht001490,phv00105910,405,True
phs000287,pht001491,phv00107046,4190,True
phs000287,pht001492,phv00107947,4584,True
phs000287,pht001493,phv00108621,4377,True
phs000287,pht001494,phv00109388,4128,True
phs000287,pht001495,phv00110050,3841,True
phs000287,pht003700,phv00198927,761,True
phs000287,pht001449,phv00098764,2132,True
phs000287,pht001452,phv00100500,5063,True
phs000287,pht001451,phv00100044,4847,True
phs000287,pht001452,phv00100428,5418,True
phs000287,pht001490,phv00105866,588,True
phs000287,pht001491,phv00106993,3771,True
phs000287,pht001451,phv00100282,4803,True
phs000287,pht001452,phv00100492,5401,True
phs000287,pht001490,phv00106416,598,True
phs000287,pht001491,phv00107344,3766,True
phs000287,pht001449,phv00098770,5379,True
phs000287,pht001449,phv00098769,5392,True
phs000287,pht001451,phv00100067,4720,True
phs000287,pht001452,phv00100455,5324,True
phs000287,pht001474,phv00101981,2991,True
phs000287,pht001475,phv00102606,2760,True
phs000287,pht001488,phv00104338,4477,True
phs000287,pht001489,phv00104992,4211,True
phs000287,pht001490,phv00106359,604,True
phs000287,pht001491,phv00107298,3892,True
phs000287,pht001492,phv00108174,4092,True
phs000287,pht001493,phv00108796,3867,True
phs000287,pht001494,phv00109326,3605,True
phs000287,pht001495,phv00109874,3272,True
phs000287,pht001451,phv00100097,4903,True
phs000287,pht001451,phv00100098,4903,True
phs000287,pht001452,phv00100387,5531,True
phs000287,pht001452,phv00100388,5531,True
phs000287,pht001490,phv00105307,628,True
phs000287,pht001490,phv00105308,628,True
phs000287,pht001491,phv00106841,3885,True
phs000287,pht001491,phv00106842,3885,True
phs000287,pht001495,phv00110613,3201,True
phs000287,pht001495,phv00110614,3201,True
phs000287,pht001452,phv00100330,5450,True
phs000287,pht001452,phv00100333,5483,True
phs000287,pht001452,phv00100507,5531,True
phs000287,pht001451,phv00099861,4831,True
phs000287,pht001452,phv00100414,5417,True
phs000287,pht001490,phv00105619,586,True
phs000287,pht001491,phv00106921,3765,True
phs000287,pht001451,phv00100047,4869,True
phs000287,pht001452,phv00100430,5458,True
phs000287,pht001490,phv00105869,589,True
phs000287,pht001491,phv00106996,3792,True
phs000287,pht001451,phv00100061,4637,True
phs000287,pht001452,phv00100451,5244,True
phs000287,pht001474,phv00101976,2855,True
phs000287,pht001475,phv00102977,2763,True
phs000287,pht001488,phv00104332,4458,True
phs000287,pht001489,phv00104986,4217,True
phs000287,pht001490,phv00106353,607,True
phs000287,pht001491,phv00107292,3925,True
phs000287,pht001492,phv00108168,4071,True
phs000287,pht001493,phv00108791,3848,True
phs000287,pht001494,phv00109322,3536,True
phs000287,pht001495,phv00109868,3269,True
phs000287,pht001460,phv00100694,1201,True
phs000287,pht001460,phv00100712,2408,True
phs000287,pht001460,phv00100713,2416,True
phs000287,pht003699,phv00197566,1148,True
phs000287,pht003699,phv00197658,2407,True
phs000287,pht003699,phv00197659,2414,True
phs000287,pht003699,phv00197707,837,True
phs000287,pht003700,phv00199793,511,True
phs000287,pht003700,phv00200010,511,True
phs000287,pht001451,phv00100131,4354,True
phs000287,pht001494,phv00109552,3514,True
phs000287,pht001451,phv00099664,4819,True
phs000287,pht001451,phv00099665,4820,True
phs000287,pht001451,phv00099666,4819,True
phs000287,pht001451,phv00099670,4854,True
phs000287,pht001451,phv00099671,4854,True
phs000287,pht001451,phv00099672,4854,True
phs000287,pht001492,phv00107762,3769,True
phs000287,pht001492,phv00107763,3769,True
phs000287,pht001492,phv00107764,3785,True
phs000287,pht001495,phv00110364,2639,True
phs000287,pht001495,phv00110365,2639,True
phs000287,pht001495,phv00110359,2639,True
phs000287,pht001495,phv00110401,2223,True
phs000287,pht001495,phv00110402,2111,True
phs000287,pht001495,phv00110418,2079,True
phs000287,pht001450,phv00098822,4868,True
phs000287,pht001450,phv00099451,4903,True
phs000287,pht001450,phv00099461,4903,True
phs000287,pht001451,phv00099711,4869,True
phs000287,pht001451,phv00099712,216,True
phs000287,pht001452,phv00100296,5531,True
phs000287,pht001452,phv00100299,5531,True
phs000287,pht001464,phv00100792,5292,True
phs000287,pht001466,phv00100815,18624,True
phs000287,pht001466,phv00100830,1314,True
phs000287,pht001474,phv00101507,35,True
phs000287,pht001474,phv00101510,3839,True
phs000287,pht001475,phv00102653,3570,True
phs000287,pht001475,phv00102655,29,True
phs000287,pht001475,phv00102660,37,True
phs000287,pht001488,phv00104044,4653,True
phs000287,pht001488,phv00104045,4635,True
phs000287,pht001489,phv00104808,4468,True
phs000287,pht001489,phv00104810,25,True
phs000287,pht001489,phv00104813,4456,True
phs000287,pht001489,phv00104815,18,True
phs000287,pht001490,phv00105139,625,True
phs000287,pht001490,phv00105470,624,True
phs000287,pht001490,phv00105471,59,True
phs000287,pht001490,phv00105876,628,True
phs000287,pht001490,phv00105877,628,True
phs000287,pht001490,phv00105879,628,True
phs000287,pht001491,phv00107022,4263,True
phs000287,pht001491,phv00107024,32,True
phs000287,pht001491,phv00107029,25,True
phs000287,pht001492,phv00107909,4685,True
phs000287,pht001492,phv00107911,28,True
phs000287,pht001492,phv00107914,4673,True
phs000287,pht001492,phv00107916,23,True
phs000287,pht001493,phv00108597,4462,True
phs000287,pht001493,phv00108599,36,True
phs000287,pht001493,phv00108602,4454,True
phs000287,pht001493,phv00108604,28,True
phs000287,pht001493,phv00108762,32,True
phs000287,pht001493,phv00108763,26,True
phs000287,pht001494,phv00109365,4280,True
phs000287,pht001494,phv00109367,41,True
phs000287,pht001494,phv00109370,4268,True
phs000287,pht001494,phv00109372,24,True
phs000287,pht001495,phv00110012,4026,True
phs000287,pht001495,phv00110014,29,True
phs000287,pht001495,phv00110017,4011,True
phs000287,pht001495,phv00110019,38,True
phs000287,pht003699,phv00197450,1201,True
phs000287,pht001450,phv00099457,4900,True
phs000287,pht001450,phv00099576,4900,True
phs000287,pht001450,phv00099577,4900,True
phs000287,pht001452,phv00100441,5528,True
phs000287,pht001452,phv00100515,5526,True
phs000287,pht001452,phv00100516,5526,True
phs000287,pht001474,phv00102002,3693,True
phs000287,pht001474,phv00102093,3693,True
phs000287,pht001474,phv00102094,3693,True
phs000287,pht001475,phv00102627,3374,True
phs000287,pht001475,phv00103066,3374,True
phs000287,pht001475,phv00103067,3374,True
phs000287,pht001488,phv00104361,4617,True
phs000287,pht001488,phv00104384,4617,True
phs000287,pht001488,phv00104385,4617,True
phs000287,pht001489,phv00104767,4434,True
phs000287,pht001489,phv00105014,4433,True
phs000287,pht001489,phv00105015,4433,True
phs000287,pht001490,phv00105627,628,True
phs000287,pht001490,phv00106435,626,True
phs000287,pht001490,phv00106436,626,True
phs000287,pht001491,phv00107352,4199,True
phs000287,pht001491,phv00107360,4198,True
phs000287,pht001491,phv00107361,4198,True
phs000287,pht001492,phv00107782,4549,True
phs000287,pht001492,phv00108221,4549,True
phs000287,pht001492,phv00108222,4549,True
phs000287,pht001493,phv00108841,4385,True
phs000287,pht001493,phv00108975,4385,True
phs000287,pht001493,phv00108976,4385,True
phs000287,pht001494,phv00109508,4183,True
phs000287,pht001494,phv00109686,4183,True
phs000287,pht001494,phv00109687,4183,True
phs000287,pht001495,phv00110189,3840,True
phs000287,pht001495,phv00110628,3840,True
phs000287,pht001495,phv00110629,3840,True
phs000287,pht003699,phv00197552,1199,True
phs000287,pht003699,phv00197553,1199,True
phs000287,pht003700,phv00199031,756,True
phs000287,pht003700,phv00199032,756,True
phs000287,pht001452,phv00100556,5526,True
phs000287,pht001450,phv00099580,4900,True
phs000287,pht001450,phv00099581,4900,True
phs000287,pht001452,phv00100519,5526,True
phs000287,pht001452,phv00100520,5526,True
phs000287,pht001474,phv00102097,3693,True
phs000287,pht001474,phv00102098,3693,True
phs000287,pht001475,phv00103070,3374,True
phs000287,pht001475,phv00103071,3374,True
phs000287,pht001488,phv00104388,4617,True
phs000287,pht001488,phv00104389,4617,True
phs000287,pht001489,phv00105018,4433,True
phs000287,pht001489,phv00105019,4433,True
phs000287,pht001490,phv00106439,626,True
phs000287,pht001490,phv00106440,626,True
phs000287,pht001491,phv00107364,4198,True
phs000287,pht001491,phv00107365,4198,True
phs000287,pht001492,phv00108225,4549,True
phs000287,pht001492,phv00108226,4549,True
phs000287,pht001493,phv00108979,4385,True
phs000287,pht001493,phv00108980,4385,True
phs000287,pht001494,phv00109690,4183,True
phs000287,pht001494,phv00109691,4183,True
phs000287,pht001495,phv00110632,3840,True
phs000287,pht001495,phv00110633,3840,True
phs000287,pht003699,phv00197538,1199,True
phs000287,pht003699,phv00197539,1199,True
phs000287,pht003700,phv00199035,756,True
phs000287,pht003700,phv00199036,756,True
phs000287,pht001450,phv00099574,4900,True
phs000287,pht001450,phv00099575,4900,True
phs000287,pht001452,phv00100513,5526,True
phs000287,pht001452,phv00100514,5526,True
phs000287,pht001474,phv00102091,3693,True
phs000287,pht001474,phv00102092,3693,True
phs000287,pht001475,phv00103064,3374,True
phs000287,pht001475,phv00103065,3374,True
phs000287,pht001488,phv00104382,4617,True
phs000287,pht001488,phv00104383,4617,True
phs000287,pht001489,phv00105012,4433,True
phs000287,pht001489,phv00105013,4433,True
phs000287,pht001490,phv00106433,626,True
phs000287,pht001490,phv00106434,626,True
phs000287,pht001491,phv00107358,4198,True
phs000287,pht001491,phv00107359,4198,True
phs000287,pht001492,phv00108219,4549,True
phs000287,pht001492,phv00108220,4549,True
phs000287,pht001493,phv00108973,4385,True
phs000287,pht001493,phv00108974,4385,True
phs000287,pht001494,phv00109684,4183,True
phs000287,pht001494,phv00109685,4183,True
phs000287,pht001495,phv00110626,3840,True
phs000287,pht001495,phv00110627,3840,True
phs000287,pht003700,phv00199029,756,True
phs000287,pht003700,phv00199030,756,True
phs000287,pht001450,phv00099332,4801,True
phs000287,pht001450,phv00099333,4903,True
phs000287,pht001450,phv00099455,4900,True
phs000287,pht001452,phv00100439,5528,True
phs000287,pht001474,phv00102000,3693,True
phs000287,pht001475,phv00102628,3374,True
phs000287,pht001488,phv00104359,4617,True
phs000287,pht001489,phv00104765,4434,True
phs000287,pht001490,phv00105625,628,True
phs000287,pht001491,phv00107350,4199,True
phs000287,pht001492,phv00107783,4549,True
phs000287,pht001493,phv00108842,4385,True
phs000287,pht001494,phv00109506,4183,True
phs000287,pht001495,phv00110187,3840,True
phs000287,pht003699,phv00197549,1199,True
phs000287,pht003699,phv00197550,1199,True
phs000287,pht001450,phv00099583,4900,True
phs000287,pht001450,phv00099601,4900,True
phs000287,pht001450,phv00099602,4900,True
phs000287,pht001450,phv00099603,4900,True
phs000287,pht001450,phv00099604,4900,True
phs000287,pht001450,phv00099649,4900,True
phs000287,pht001450,phv00099650,4900,True
phs000287,pht001452,phv00100522,5526,True
phs000287,pht001452,phv00100540,5526,True
phs000287,pht001452,phv00100541,5526,True
phs000287,pht001452,phv00100542,5526,True
phs000287,pht001452,phv00100543,5526,True
phs000287,pht001452,phv00100588,5526,True
phs000287,pht001452,phv00100589,5526,True
phs000287,pht001474,phv00102100,3693,True
phs000287,pht001474,phv00102118,3693,True
phs000287,pht001474,phv00102119,3693,True
phs000287,pht001474,phv00102120,3693,True
phs000287,pht001474,phv00102121,3693,True
phs000287,pht001474,phv00102166,3693,True
phs000287,pht001474,phv00102167,3693,True
phs000287,pht001475,phv00103073,3374,True
phs000287,pht001475,phv00103091,3374,True
phs000287,pht001475,phv00103092,3374,True
phs000287,pht001475,phv00103093,3374,True
phs000287,pht001475,phv00103094,3374,True
phs000287,pht001475,phv00103139,3374,True
phs000287,pht001475,phv00103140,3374,True
phs000287,pht001488,phv00104391,4617,True
phs000287,pht001488,phv00104409,4617,True
phs000287,pht001488,phv00104410,4617,True
phs000287,pht001488,phv00104411,4617,True
phs000287,pht001488,phv00104412,4617,True
phs000287,pht001488,phv00104457,4617,True
phs000287,pht001488,phv00104458,4617,True
phs000287,pht001489,phv00105021,4433,True
phs000287,pht001489,phv00105039,4433,True
phs000287,pht001489,phv00105040,4433,True
phs000287,pht001489,phv00105041,4433,True
phs000287,pht001489,phv00105042,4433,True
phs000287,pht001489,phv00105087,4433,True
phs000287,pht001489,phv00105088,4433,True
phs000287,pht001490,phv00106442,626,True
phs000287,pht001490,phv00106460,626,True
phs000287,pht001490,phv00106461,626,True
phs000287,pht001490,phv00106462,626,True
phs000287,pht001490,phv00106463,626,True
phs000287,pht001490,phv00106508,626,True
phs000287,pht001490,phv00106509,626,True
phs000287,pht001491,phv00107367,4198,True
phs000287,pht001491,phv00107385,4198,True
phs000287,pht001491,phv00107386,4198,True
phs000287,pht001491,phv00107387,4198,True
phs000287,pht001491,phv00107388,4198,True
phs000287,pht001491,phv00107433,4198,True
phs000287,pht001491,phv00107434,4198,True
phs000287,pht001492,phv00108228,4549,True
phs000287,pht001492,phv00108246,4549,True
phs000287,pht001492,phv00108247,4549,True
phs000287,pht001492,phv00108248,4549,True
phs000287,pht001492,phv00108249,4549,True
phs000287,pht001492,phv00108294,4549,True
phs000287,pht001492,phv00108295,4549,True
phs000287,pht001493,phv00108982,4385,True
phs000287,pht001493,phv00109000,4385,True
phs000287,pht001493,phv00109001,4385,True
phs000287,pht001493,phv00109002,4385,True
phs000287,pht001493,phv00109003,4385,True
phs000287,pht001493,phv00109048,4385,True
phs000287,pht001493,phv00109049,4385,True
phs000287,pht001494,phv00109693,4183,True
phs000287,pht001494,phv00109711,4183,True
phs000287,pht001494,phv00109712,4183,True
phs000287,pht001494,phv00109713,4183,True
phs000287,pht001494,phv00109714,4183,True
phs000287,pht001494,phv00109759,4183,True
phs000287,pht001494,phv00109760,4183,True
phs000287,pht003699,phv00197551,1199,True
phs000287,pht003700,phv00199038,756,True
phs000287,pht003700,phv00199056,756,True
phs000287,pht003700,phv00199057,756,True
phs000287,pht003700,phv00199058,756,True
phs000287,pht003700,phv00199059,756,True
phs000287,pht003700,phv00199104,756,True
phs000287,pht003700,phv00199105,756,True
phs000287,pht001450,phv00099458,4900,True
phs000287,pht001450,phv00099609,4900,True
phs000287,pht001450,phv00099610,4900,True
phs000287,pht001450,phv00099618,4900,True
phs000287,pht001450,phv00099654,4900,True
phs000287,pht001452,phv00100438,5528,True
phs000287,pht001452,phv00100548,5526,True
phs000287,pht001452,phv00100557,5526,True
phs000287,pht001452,phv00100593,5526,True
phs000287,pht001474,phv00101999,3693,True
phs000287,pht001474,phv00102126,3693,True
phs000287,pht001474,phv00102127,3693,True
phs000287,pht001474,phv00102135,3693,True
phs000287,pht001474,phv00102171,3693,True
phs000287,pht001475,phv00102630,3374,True
phs000287,pht001475,phv00103099,3374,True
phs000287,pht001475,phv00103100,3374,True
phs000287,pht001475,phv00103108,3374,True
phs000287,pht001475,phv00103144,3374,True
phs000287,pht001488,phv00104358,4617,True
phs000287,pht001488,phv00104417,4617,True
phs000287,pht001488,phv00104418,4617,True
phs000287,pht001488,phv00104426,4617,True
phs000287,pht001488,phv00104462,4617,True
phs000287,pht001489,phv00104764,4434,True
phs000287,pht001489,phv00105047,4433,True
phs000287,pht001489,phv00105048,4433,True
phs000287,pht001489,phv00105056,4433,True
phs000287,pht001489,phv00105092,4433,True
phs000287,pht001490,phv00105624,628,True
phs000287,pht001490,phv00106468,626,True
phs000287,pht001490,phv00106469,626,True
phs000287,pht001490,phv00106477,626,True
phs000287,pht001490,phv00106513,626,True
phs000287,pht001491,phv00107349,4199,True
phs000287,pht001491,phv00107393,4198,True
phs000287,pht001491,phv00107394,4198,True
phs000287,pht001491,phv00107402,4198,True
phs000287,pht001491,phv00107438,4198,True
phs000287,pht001492,phv00107785,4549,True
phs000287,pht001492,phv00108254,4549,True
phs000287,pht001492,phv00108255,4549,True
phs000287,pht001492,phv00108263,4549,True
phs000287,pht001492,phv00108299,4549,True
phs000287,pht001493,phv00108844,4385,True
phs000287,pht001493,phv00109008,4385,True
phs000287,pht001493,phv00109009,4385,True
phs000287,pht001493,phv00109017,4385,True
phs000287,pht001493,phv00109053,4385,True
phs000287,pht001494,phv00109505,4183,True
phs000287,pht001494,phv00109719,4183,True
phs000287,pht001494,phv00109720,4183,True
phs000287,pht001494,phv00109728,4183,True
phs000287,pht001494,phv00109764,4183,True
phs000287,pht001495,phv00110186,3840,True
phs000287,pht001495,phv00110661,3840,True
phs000287,pht001495,phv00110662,3840,True
phs000287,pht001495,phv00110670,3840,True
phs000287,pht001495,phv00110706,3840,True
phs000287,pht003699,phv00197533,1199,True
phs000287,pht003699,phv00197534,1199,True
phs000287,pht003699,phv00197535,1199,True
phs000287,pht003699,phv00197556,1199,True
phs000287,pht003700,phv00199064,756,True
phs000287,pht003700,phv00199065,756,True
phs000287,pht003700,phv00199073,756,True
phs000287,pht003700,phv00199109,756,True
phs000287,pht001450,phv00099346,450,True
phs000287,pht001450,phv00099612,4900,True
phs000287,pht001452,phv00100380,4879,True
phs000287,pht001452,phv00100551,5526,True
phs000287,pht001474,phv00102129,3693,True
phs000287,pht001475,phv00103102,3374,True
phs000287,pht001488,phv00104420,4617,True
phs000287,pht001489,phv00105050,4433,True
phs000287,pht001490,phv00106471,626,True
phs000287,pht001491,phv00107396,4198,True
phs000287,pht001492,phv00108257,4549,True
phs000287,pht001493,phv00109011,4385,True
phs000287,pht001494,phv00109722,4183,True
phs000287,pht001495,phv00110664,3840,True
phs000287,pht003699,phv00197520,1199,True
phs000287,pht003700,phv00199067,756,True
phs000287,pht001474,phv00101537,3485,True
phs000287,pht001475,phv00102685,3290,True
phs000287,pht001490,phv00105966,127,True
phs000287,pht001491,phv00107087,3645,True
phs000287,pht001492,phv00107955,4568,True
phs000287,pht001493,phv00108629,4342,True
phs000287,pht001494,phv00109396,4105,True
phs000287,pht001495,phv00110058,3661,True
phs000287,pht001450,phv00099628,4900,True
phs000287,pht001452,phv00100567,5526,True
phs000287,pht001474,phv00102145,3693,True
phs000287,pht001475,phv00103118,3374,True
phs000287,pht001488,phv00104436,4617,True
phs000287,pht001489,phv00105066,4433,True
phs000287,pht001490,phv00106487,626,True
phs000287,pht001491,phv00107412,4198,True
phs000287,pht001492,phv00108273,4549,True
phs000287,pht001493,phv00109027,4385,True
phs000287,pht001494,phv00109738,4183,True
phs000287,pht001495,phv00110680,3840,True
phs000287,pht003699,phv00197519,1199,True
phs000287,pht003700,phv00199083,756,True
phs000287,pht001452,phv00100594,5526,True
phs000287,pht001450,phv00099637,4900,True
phs000287,pht001450,phv00099647,4900,True
phs000287,pht001450,phv00099648,4900,True
phs000287,pht001452,phv00100576,5526,True
phs000287,pht001452,phv00100586,5526,True
phs000287,pht001452,phv00100587,5526,True
phs000287,pht001474,phv00102154,3693,True
phs000287,pht001474,phv00102164,3693,True
phs000287,pht001474,phv00102165,3693,True
phs000287,pht001475,phv00103127,3374,True
phs000287,pht001475,phv00103137,3374,True
phs000287,pht001475,phv00103138,3374,True
phs000287,pht001488,phv00104445,4617,True
phs000287,pht001488,phv00104455,4617,True
phs000287,pht001488,phv00104456,4617,True
phs000287,pht001489,phv00105075,4433,True
phs000287,pht001489,phv00105085,4433,True
phs000287,pht001489,phv00105086,4433,True
phs000287,pht001490,phv00106496,626,True
phs000287,pht001490,phv00106506,626,True
phs000287,pht001490,phv00106507,626,True
phs000287,pht001491,phv00107421,4198,True
phs000287,pht001491,phv00107431,4198,True
phs000287,pht001491,phv00107432,4198,True
phs000287,pht001492,phv00108282,4549,True
phs000287,pht001492,phv00108292,4549,True
phs000287,pht001492,phv00108293,4549,True
phs000287,pht001493,phv00109036,4385,True
phs000287,pht001493,phv00109046,4385,True
phs000287,pht001493,phv00109047,4385,True
phs000287,pht001494,phv00109747,4183,True
phs000287,pht001494,phv00109757,4183,True
phs000287,pht001494,phv00109758,4183,True
phs000287,pht001495,phv00110689,3840,True
phs000287,pht001495,phv00110699,3840,True
phs000287,pht001495,phv00110700,3840,True
phs000287,pht003699,phv00197543,1199,True
phs000287,pht003699,phv00197554,1199,True
phs000287,pht003699,phv00197555,1199,True
phs000287,pht003700,phv00199092,756,True
phs000287,pht003700,phv00199102,756,True
phs000287,pht003700,phv00199103,756,True
phs000287,pht001450,phv00099590,4900,True
phs000287,pht001450,phv00099607,4900,True
phs000287,pht001450,phv00099621,4900,True
phs000287,pht001452,phv00100529,5526,True
phs000287,pht001452,phv00100546,5526,True
phs000287,pht001452,phv00100560,5526,True
phs000287,pht001474,phv00102107,3693,True
phs000287,pht001474,phv00102124,3693,True
phs000287,pht001474,phv00102138,3693,True
phs000287,pht001475,phv00103080,3374,True
phs000287,pht001475,phv00103097,3374,True
phs000287,pht001475,phv00103111,3374,True
phs000287,pht001488,phv00104429,4617,True
phs000287,pht001488,phv00104398,4617,True
phs000287,pht001488,phv00104415,4617,True
phs000287,pht001489,phv00105028,4433,True
phs000287,pht001489,phv00105045,4433,True
phs000287,pht001489,phv00105059,4433,True
phs000287,pht001490,phv00106449,626,True
phs000287,pht001490,phv00106466,626,True
phs000287,pht001490,phv00106480,626,True
phs000287,pht001491,phv00107374,4198,True
phs000287,pht001491,phv00107391,4198,True
phs000287,pht001491,phv00107405,4198,True
phs000287,pht001492,phv00108235,4549,True
phs000287,pht001492,phv00108252,4549,True
phs000287,pht001492,phv00108266,4549,True
phs000287,pht001493,phv00108989,4385,True
phs000287,pht001493,phv00109006,4385,True
phs000287,pht001493,phv00109020,4385,True
phs000287,pht001494,phv00109700,4183,True
phs000287,pht001494,phv00109717,4183,True
phs000287,pht001494,phv00109731,4183,True
phs000287,pht001495,phv00110642,3840,True
phs000287,pht001495,phv00110659,3840,True
phs000287,pht001495,phv00110673,3840,True
phs000287,pht003699,phv00197544,1199,True
phs000287,pht003699,phv00197545,1199,True
phs000287,pht003700,phv00199045,756,True
phs000287,pht003700,phv00199062,756,True
phs000287,pht003700,phv00199076,756,True
phs000287,pht001452,phv00100491,5479,True
phs000287,pht001451,phv00100041,4876,True
phs000287,pht001452,phv00100425,5479,True
phs000287,pht001490,phv00105864,603,True
phs000287,pht001491,phv00106990,3848,True
phs000287,pht001490,phv00105771,143,True
phs000287,pht001450,phv00099027,4705,True
phs000287,pht001450,phv00099028,4811,True
phs000287,pht001452,phv00100325,5321,True
phs000287,pht001452,phv00100326,5435,True
phs000287,pht001474,phv00101532,3627,True
phs000287,pht001475,phv00102680,3311,True
phs000287,pht001476,phv00103166,3184,True
phs000287,pht001477,phv00103219,3036,True
phs000287,pht001478,phv00103271,2789,True
phs000287,pht001479,phv00103324,2786,True
phs000287,pht001480,phv00103376,2747,True
phs000287,pht001481,phv00103429,2646,True
phs000287,pht001482,phv00103481,2493,True
phs000287,pht001484,phv00103586,2273,True
phs000287,pht001485,phv00103639,2105,True
phs000287,pht001486,phv00103691,2082,True
phs000287,pht001487,phv00103742,1730,True
phs000287,pht001490,phv00105969,616,True
phs000287,pht001491,phv00107043,4190,True
phs000287,pht001492,phv00107950,4582,True
phs000287,pht001493,phv00108624,4373,True
phs000287,pht001494,phv00109391,4124,True
phs000287,pht001495,phv00110053,3835,True
phs000287,pht005981,phv00273565,5531,True
phs000287,pht005981,phv00273568,5531,True
phs000287,pht005981,phv00273567,5531,True
phs000287,pht001450,phv00099351,4875,True
phs000287,pht001452,phv00100385,5495,True
phs000287,pht001475,phv00102455,2728,True
phs000287,pht001490,phv00105416,624,True
phs000287,pht001491,phv00106778,3989,True
phs000287,pht001495,phv00110377,3204,True
phs000287,pht001452,phv00100411,5447,True
phs000810,pht004715,phv00226270,21,True
phs000810,pht004715,phv00526613,11812,True
phs000810,pht004715,phv00226251,11831,True
phs000810,pht004715,phv00226309,11331,True
phs000810,pht004715,phv00253233,11330,True
phs000810,pht004715,phv00526597,11822,True
phs000810,pht004715,phv00526598,330,True
phs000810,pht004715,phv00226392,10486,True
phs000810,pht004715,phv00226329,11609,True
phs000810,pht004715,phv00226252,11720,True
phs000810,pht004715,phv00226387,11720,True
phs000810,pht004715,phv00226388,2018,True
phs000810,pht004715,phv00258081,1950,True
phs000810,pht004715,phv00526878,923,True
phs000810,pht004715,phv00526179,11647,True
phs000810,pht004715,phv00526180,11674,True
phs000810,pht004715,phv00526181,11593,True
phs000810,pht004715,phv00226301,11063,True
phs000810,pht004715,phv00226281,11815,True
phs000810,pht004715,phv00527446,9555,True
phs000810,pht004715,phv00253218,11807,True
phs000810,pht004715,phv00527442,10654,True
phs000810,pht004715,phv00527443,6840,True
phs000810,pht004715,phv00527444,975,True
phs000810,pht004715,phv00226390,11825,True
phs000810,pht004715,phv00226391,11820,True
phs000810,pht004715,phv00226255,11798,True
phs000810,pht004715,phv00258051,11664,True
phs000810,pht004715,phv00526883,11715,True
phs000810,pht004715,phv00258106,11823,True
phs000810,pht004715,phv00258107,4795,True
phs000810,pht004715,phv00226260,11681,True
phs000810,pht004715,phv00258042,900,True
phs000810,pht004715,phv00526886,11717,True
phs000810,pht004715,phv00526887,188,True
phs000810,pht004715,phv00226307,11823,True
phs000810,pht004715,phv00253232,11787,True
phs000810,pht004715,phv00258066,11820,True
phs000810,pht004715,phv00526584,11738,True
phs000810,pht004715,phv00226261,11831,True
phs000810,pht004715,phv00226262,11831,True
phs000810,pht004715,phv00226357,11818,True
phs000810,pht004715,phv00226358,1754,True
phs000810,pht004715,phv00258040,11826,True
phs000810,pht004715,phv00258041,11826,True
phs000810,pht004715,phv00226276,11813,True
phs000810,pht004715,phv00253222,11132,True
phs000810,pht004715,phv00253223,11132,True
phs000810,pht004715,phv00226300,11079,True
phs000810,pht004715,phv00526188,10844,True
phs000810,pht004715,phv00526238,11800,True
phs000810,pht004715,phv00253229,11822,True
phs000810,pht004715,phv00258067,11617,True
phs000810,pht004715,phv00253239,11821,True
phs000810,pht004715,phv00226303,11736,True
phs000810,pht004715,phv00226302,11736,True
phs000810,pht004715,phv00253231,11781,True
phs000810,pht004715,phv00253220,11796,True
phs000810,pht004715,phv00226365,11811,True
phs000810,pht004715,phv00226366,11727,True
phs000810,pht004715,phv00258068,11822,True
phs000810,pht004715,phv00526602,301,True
phs000810,pht004715,phv00226274,11709,True
phs000810,pht004715,phv00258056,11726,True
phs000810,pht004715,phv00226324,11609,True
phs000810,pht004715,phv00526206,11831,True
phs000810,pht004715,phv00253227,11787,True
phs000810,pht004715,phv00253241,11578,True
phs000810,pht004715,phv00526416,11708,True
phs000810,pht004715,phv00226298,11077,True
phs000810,pht004715,phv00226285,11077,True
phs000810,pht004715,phv00226305,11736,True
phs000810,pht004715,phv00226306,11736,True
phs000810,pht004715,phv00226304,11736,True
phs000810,pht004715,phv00226299,11082,True
phs000810,pht004715,phv00226297,11078,True
phs000810,pht004715,phv00226284,11077,True
phs000810,pht004715,phv00226273,17,True
phs000810,pht004715,phv00526629,11809,True
phs000810,pht004715,phv00226310,11729,True
phs000810,pht004715,phv00226275,11695,True
phs000810,pht004715,phv00226263,11727,True
phs000810,pht004715,phv00226265,11726,True
phs000810,pht004715,phv00226266,11726,True
phs000810,pht004715,phv00226294,11736,True
phs000810,pht004715,phv00226308,11735,True
phs000810,pht004715,phv00258046,11249,True
phs000810,pht004715,phv00226383,11347,True
phs000810,pht004715,phv00226384,11347,True
phs000810,pht004715,phv00226278,11246,True
phs000810,pht004715,phv00258076,11331,True
phs000810,pht004715,phv00526840,11331,True
phs000810,pht004715,phv00526841,11345,True
phs000810,pht004715,phv00226395,10516,True
phs000810,pht004715,phv00526214,11817,True
phs000810,pht004715,phv00226325,11609,True
phs000810,pht004715,phv00226326,11609,True
phs000810,pht004715,phv00226330,11609,True
phs000810,pht004715,phv00226332,11609,True
phs000810,pht004715,phv00258121,11822,True
phs000810,pht004715,phv00258122,11822,True
phs000810,pht004715,phv00226339,11609,True
phs000810,pht004715,phv00226340,11609,True
phs000810,pht004715,phv00258117,11822,True
phs000810,pht004715,phv00226345,11609,True
phs000810,pht004715,phv00226360,1764,True
phs000810,pht004715,phv00226361,385,True
phs000810,pht004715,phv00226344,11609,True
phs000810,pht004715,phv00258053,11823,True
phs000810,pht004715,phv00258054,11821,True
phs000810,pht004715,phv00226349,11609,True
phs000810,pht004715,phv00253238,11822,True
phs000810,pht004715,phv00253240,11822,True
phs000810,pht004715,phv00253219,11802,True
phs000810,pht004715,phv00226399,11795,True
phs000810,pht004715,phv00226283,11080,True
